1,Omar Roberts,Male,33,Standard,UK
2,Liam Jones,Male,47,Platinum,UAE
3,Arjun Williams,Male,44,Standard,UK
4,Mpho Evans,Male,26,Gold,South Africa
5,Elijah Davis,Male,60,Standard,South Africa
6,Hannah Govender,Female,22,Platinum,South Africa
7,Lauren Khumalo,Female,37,Standard,South Africa
8,Ravi Walker,Male,56,Silver,UAE
9,Marcus Singh,Male,48,Gold,USA
10,Michael Dlamini,Male,38,Gold,USA
11,Alexis Singh,Female,55,Standard,UK
12,Yusuf Khan,Male,24,Gold,South Africa
13,Busisiwe Nkosi,Female,43,Gold,South Africa
14,Kabelo Roberts,Male,24,Standard,UAE
15,Charlotte Khumalo,Female,65,Standard,UK
16,Michael Walker,Male,41,Standard,South Africa
17,Samantha Davis,Female,35,Standard,UAE
18,Tyler Williams,Male,61,Standard,South Africa
19,Nkosi Dlamini,Male,25,Gold,UAE
20,William Pillay,Male,65,Silver,UAE
21,Charlotte Ntuli,Female,38,Silver,South Africa
22,Zanele Mthembu,Female,43,Silver,UK
23,Lerato Brown,Female,30,Gold,South Africa
24,Fatima Hassan,Female,56,Silver,South Africa
25,Nkosi Roberts,Male,25,Silver,USA
26,Robert Williams,Male,52,Silver,South Africa
27,Ahmed Johnson,Male,40,Gold,South Africa
28,Brianna Singh,Female,52,Platinum,USA
29,Brianna Hughes,Female,65,Standard,South Africa
30,Noah Lewis,Male,54,Standard,USA
31,Michael Davies,Male,38,Gold,South Africa
32,Marcus Davies,Male,23,Standard,UK
33,Alexis Pillay,Female,36,Standard,South Africa
34,Khalid Thompson,Male,51,Platinum,South Africa
35,Omar Dlamini,Male,54,Silver,UAE
36,Grace Khan,Female,58,Standard,South Africa
37,Madison Johnson,Female,59,Silver,UAE
38,Thabo Hassan,Male,64,Standard,USA
39,James Nkosi,Male,60,Gold,South Africa
40,Thomas Hassan,Male,49,Standard,South Africa
41,Tebogo Roberts,Male,25,Silver,USA
42,Brianna Lewis,Female,38,Standard,UK
43,William Davis,Male,62,Standard,UK
44,Jennifer Wilson,Female,24,Gold,UK
45,Sandile Nkosi,Male,38,Silver,UAE
46,Vikram Davies,Male,25,Standard,USA
47,Lerato Williams,Female,18,Platinum,South Africa
48,Thandeka Patel,Female,37,Silver,South Africa
49,Palesa Lewis,Female,49,Standard,UK
50,Busisiwe Smith,Female,21,Silver,UAE
51,Brandon Evans,Male,63,Platinum,UK
52,Thandeka Hughes,Female,54,Standard,UAE
53,Kayla Wilson,Female,27,Standard,South Africa
54,Aisha Singh,Female,54,Platinum,UK
55,Khalid Davies,Male,63,Silver,South Africa
56,Alexis Williams,Female,34,Standard,UAE
57,Ravi Mthembu,Male,29,Standard,South Africa
58,Nomsa Evans,Female,60,Silver,South Africa
59,Maryam Khan,Female,42,Standard,UAE
60,Alexis Dlamini,Female,45,Standard,UK
61,Thandeka Naidoo,Female,58,Platinum,South Africa
62,Kabelo Pillay,Male,64,Standard,UAE
63,Tyler Davies,Male,51,Standard,South Africa
64,Tyler Mthembu,Male,65,Standard,USA
65,Lindiwe Evans,Female,51,Standard,USA
66,Ahmed Pillay,Male,31,Standard,USA
67,Ashley Khumalo,Female,41,Standard,UAE
68,Zainab Williams,Female,49,Silver,South Africa
69,Sandile Smith,Male,63,Silver,South Africa
70,Khalid Dlamini,Male,36,Standard,USA
71,Brianna Evans,Female,44,Standard,UK
72,Lindiwe Patel,Female,54,Silver,UAE
73,Vikram Ntuli,Male,25,Gold,UAE
74,Priya Evans,Female,29,Gold,South Africa
75,Arjun Mthembu,Male,27,Standard,South Africa
76,Brianna Singh,Female,36,Gold,South Africa
77,Omar Al-Rashid,Male,54,Gold,USA
78,Grace Nkosi,Female,61,Gold,UK
79,Mohammed Roberts,Male,58,Silver,South Africa
80,Arjun Walker,Male,41,Standard,UAE
81,Zainab Jones,Female,23,Silver,UK
82,Lindiwe Singh,Female,36,Standard,UK
83,Thabo Govender,Male,23,Silver,South Africa
84,Charlotte Williams,Female,39,Standard,USA
85,Lerato Pillay,Female,31,Standard,UAE
86,John Miller,Male,52,Silver,UK
87,Anisha Johnson,Female,63,Silver,UAE
88,Kabelo Davis,Male,47,Standard,South Africa
89,Nomsa Davies,Female,59,Standard,USA
90,Lerato Mthembu,Female,40,Standard,UK
91,Sophia Walker,Female,65,Silver,South Africa
92,Lauren Mthembu,Female,20,Standard,UAE
93,Emma Govender,Female,59,Standard,UAE
94,Zainab Naidoo,Female,26,Standard,UK
95,Marcus Singh,Male,47,Standard,UK
96,Aisha Khumalo,Female,65,Silver,South Africa
97,Maryam Hughes,Female,33,Silver,South Africa
98,Lerato Naidoo,Female,40,Standard,South Africa
99,Hassan Roberts,Male,39,Silver,South Africa
100,Lindiwe Al-Rashid,Female,63,Silver,USA
101,Zainab Lewis,Female,41,Standard,UAE
102,Lindiwe Davies,Female,38,Standard,UAE
103,Omar Thompson,Male,26,Standard,South Africa
104,Yusuf Khan,Male,29,Standard,UK
105,Olivia Evans,Female,41,Standard,South Africa
106,Tebogo Evans,Male,22,Silver,USA
107,Neha Roberts,Female,43,Gold,UAE
108,Thomas Walker,Male,64,Platinum,South Africa
109,Liam Brown,Male,23,Standard,UK
110,Khalid Mthembu,Male,44,Standard,South Africa
111,Noah Mthembu,Male,37,Gold,South Africa
112,Logan Hughes,Male,35,Silver,South Africa
113,Hassan Mkhize,Male,49,Standard,South Africa
114,Ayanda Hughes,Female,62,Silver,South Africa
115,Brianna Govender,Female,30,Standard,South Africa
116,Jennifer Khumalo,Female,33,Standard,USA
117,Brianna Naidoo,Female,29,Standard,South Africa
118,Tebogo Davis,Male,50,Standard,South Africa
119,Lauren Ndlovu,Female,33,Standard,UK
120,Thabo Ntuli,Male,65,Silver,South Africa
121,Thandeka Walker,Female,48,Platinum,USA
122,Neha Brown,Female,40,Platinum,South Africa
123,Alexis Nkosi,Female,38,Standard,South Africa
124,Thomas Johnson,Male,59,Platinum,UAE
125,Sipho Patel,Male,53,Gold,UAE
126,Neha Nkosi,Female,40,Gold,UAE
127,William Walker,Male,41,Silver,UK
128,Victoria Pillay,Female,64,Silver,South Africa
129,Jennifer Jones,Female,21,Gold,UAE
130,Yusuf Davies,Male,28,Silver,USA
131,Daniel Ntuli,Male,62,Standard,UAE
132,John Govender,Male,61,Standard,UK
133,Hannah Khumalo,Female,20,Gold,South Africa
134,Omar Davis,Male,43,Silver,UAE
135,Sophia Jones,Female,50,Silver,USA
136,Khalid Govender,Male,22,Standard,UK
137,Samantha Clarke,Female,22,Silver,South Africa
138,Ayanda Davies,Female,53,Standard,UK
139,Thandeka Ntuli,Female,63,Gold,USA
140,Neha Williams,Female,64,Standard,USA
141,Jayden Brown,Male,62,Standard,South Africa
142,Lauren Walker,Female,53,Gold,South Africa
143,Mohammed Smith,Male,62,Gold,UK
144,Divya Zulu,Female,28,Silver,South Africa
145,Logan Smith,Male,21,Silver,South Africa
146,James Khumalo,Male,49,Standard,South Africa
147,Zanele Khan,Female,59,Silver,UAE
148,James Patel,Male,34,Gold,UK
149,Ravi Brown,Male,41,Standard,South Africa
150,Liam Zulu,Male,49,Standard,USA
151,Sophia Davies,Female,46,Standard,USA
152,Lerato Govender,Female,53,Standard,UAE
153,Mohammed Hughes,Male,54,Standard,USA
154,Emily Pillay,Female,37,Standard,USA
155,Sipho Walker,Male,43,Silver,UAE
156,Omar Ntuli,Male,33,Silver,South Africa
157,Nkosi Patel,Male,50,Gold,USA
158,Lindiwe Patel,Female,64,Silver,USA
159,Liam Brown,Male,37,Gold,UAE
160,Yusuf Ndlovu,Male,51,Gold,South Africa
161,Tebogo Naidoo,Male,59,Silver,UAE
162,Mpho Williams,Male,55,Platinum,UK
163,Fatima Walker,Female,34,Gold,USA
164,Lauren Hughes,Female,42,Standard,South Africa
165,Olivia Evans,Female,19,Standard,South Africa
166,Maryam Roberts,Female,57,Standard,USA
167,Logan Khan,Male,58,Platinum,UK
168,William Smith,Male,49,Standard,UAE
169,Tebogo Evans,Male,63,Silver,South Africa
170,Lindiwe Khan,Female,61,Standard,USA
171,Sandile Thompson,Male,25,Gold,UK
172,Zainab Roberts,Female,41,Standard,South Africa
173,Anisha Dlamini,Female,39,Silver,UAE
174,Zanele Patel,Female,28,Standard,USA
175,Priya Williams,Female,40,Silver,South Africa
176,Michael Hassan,Male,46,Standard,UAE
177,Michael Hassan,Male,22,Silver,South Africa
178,Hassan Mthembu,Male,47,Standard,South Africa
179,Ravi Smith,Male,28,Standard,UAE
180,Tyler Wilson,Male,32,Standard,UAE
181,Noah Zulu,Male,27,Standard,South Africa
182,Brandon Clarke,Male,32,Gold,UK
183,William Pillay,Male,43,Silver,UAE
184,Lerato Khumalo,Female,37,Standard,USA
185,Ravi Patel,Male,41,Standard,UK
186,Palesa Thompson,Female,21,Silver,UK
187,Kabelo Davis,Male,40,Standard,UAE
188,Thomas Walker,Male,39,Standard,UK
189,Lindiwe Lewis,Female,55,Platinum,South Africa
190,Priya Patel,Female,34,Silver,USA
191,Jayden Davies,Male,42,Silver,UK
192,Kayla Mkhize,Female,52,Standard,South Africa
193,Madison Dlamini,Female,21,Standard,South Africa
194,Victoria Lewis,Female,24,Standard,South Africa
195,James Wilson,Male,23,Standard,USA
196,Sipho Roberts,Male,43,Platinum,South Africa
197,William Davies,Male,65,Silver,South Africa
198,Anisha Patel,Female,37,Standard,South Africa
199,Emily Evans,Female,28,Gold,South Africa
200,Jennifer Miller,Female,51,Silver,South Africa
201,Zanele Smith,Female,37,Standard,South Africa
202,Ashley Williams,Female,62,Standard,UAE
203,Logan Hassan,Male,47,Standard,UAE
204,Maryam Nkosi,Female,56,Standard,USA
205,Zanele Govender,Female,28,Silver,UK
206,Priya Nkosi,Female,44,Silver,USA
207,Thabo Al-Rashid,Male,19,Silver,USA
208,Thandeka Dlamini,Female,50,Silver,UK
209,Khalid Evans,Male,52,Gold,UAE
210,Fatima Johnson,Female,41,Standard,UAE
211,Zainab Davis,Female,52,Standard,South Africa
212,Victoria Roberts,Female,62,Silver,UK
213,Thomas Patel,Male,51,Silver,UK
214,Alexis Jones,Female,55,Standard,South Africa
215,Vikram Thompson,Male,36,Silver,UAE
216,Zainab Evans,Female,61,Gold,UK
217,Zanele Zulu,Female,32,Standard,USA
218,Priya Roberts,Female,55,Standard,UAE
219,Olivia Evans,Female,60,Silver,UK
220,Busisiwe Evans,Female,23,Standard,South Africa
221,Marcus Roberts,Male,58,Standard,UAE
222,Zanele Williams,Female,52,Standard,USA
223,Sipho Evans,Male,59,Silver,UK
224,Hannah Hughes,Female,47,Silver,UK
225,Nkosi Mthembu,Male,62,Platinum,South Africa
226,Charlotte Brown,Female,35,Standard,USA
227,Priya Mkhize,Female,60,Standard,USA
228,Mohammed Walker,Male,35,Gold,South Africa
229,William Brown,Male,63,Standard,UAE
230,Charlotte Pillay,Female,25,Gold,USA
231,Sophia Govender,Female,29,Gold,UK
232,Noah Williams,Male,35,Gold,UK
233,Thabo Hassan,Male,26,Silver,South Africa
234,Anisha Walker,Female,64,Silver,USA
235,Kayla Jones,Female,51,Silver,UK
236,Arjun Ndlovu,Male,24,Platinum,USA
237,Noah Dlamini,Male,40,Standard,South Africa
238,Daniel Pillay,Male,56,Standard,USA
239,Mohammed Wilson,Male,60,Platinum,South Africa
240,Elijah Mkhize,Male,50,Silver,UAE
241,Grace Miller,Female,34,Silver,South Africa
242,Thabo Ndlovu,Male,58,Platinum,UK
243,Marcus Davis,Male,52,Standard,USA
244,Anisha Thompson,Female,23,Standard,South Africa
245,Anisha Thompson,Female,44,Standard,South Africa
246,Elijah Mthembu,Male,27,Standard,UK
247,Logan Nkosi,Male,45,Silver,USA
248,Maryam Wilson,Female,45,Platinum,UAE
249,Emma Davies,Female,29,Silver,South Africa
250,Tebogo Khan,Male,22,Standard,UAE
251,Jennifer Lewis,Female,56,Standard,South Africa
252,Kabelo Roberts,Male,25,Standard,USA
253,Emma Singh,Female,49,Silver,USA
254,Jayden Mthembu,Male,64,Standard,UK
255,Neha Al-Rashid,Female,20,Standard,South Africa
256,Hassan Brown,Male,53,Standard,South Africa
257,Tebogo Mkhize,Male,25,Silver,South Africa
258,Neha Khumalo,Female,51,Platinum,South Africa
259,Nomsa Ntuli,Female,50,Platinum,USA
260,Ayanda Hughes,Female,21,Silver,UK
261,Themba Miller,Male,47,Gold,South Africa
262,James Clarke,Male,60,Standard,USA
263,Samantha Naidoo,Female,44,Standard,South Africa
264,Thabo Smith,Male,20,Standard,UK
265,Busisiwe Nkosi,Female,58,Silver,South Africa
266,Thabo Khumalo,Male,28,Standard,USA
267,Fatima Ndlovu,Female,53,Standard,UK
268,Zainab Pillay,Female,44,Standard,UK
269,Mohammed Dlamini,Male,48,Standard,UK
270,Samantha Naidoo,Female,36,Standard,South Africa
271,Themba Naidoo,Male,45,Gold,USA
272,Liam Smith,Male,59,Standard,USA
273,Noah Khumalo,Male,41,Standard,South Africa
274,Vikram Patel,Male,26,Silver,South Africa
275,Tyler Govender,Male,57,Silver,UAE
276,Khalid Khan,Male,42,Standard,UK
277,Liam Jones,Male,32,Gold,UK
278,Sandile Nkosi,Male,56,Standard,South Africa
279,Nkosi Walker,Male,45,Standard,South Africa
280,Thabo Ntuli,Male,49,Gold,UAE
281,Olivia Singh,Female,21,Standard,South Africa
282,Palesa Wilson,Female,28,Silver,USA
283,Ayanda Thompson,Female,61,Standard,UAE
284,William Miller,Male,52,Silver,South Africa
285,Jayden Khan,Male,28,Standard,UK
286,Priya Singh,Female,56,Standard,UAE
287,Priya Patel,Female,37,Gold,USA
288,Vikram Clarke,Male,63,Silver,South Africa
289,Alexis Khan,Female,61,Standard,South Africa
290,Kayla Jones,Female,28,Standard,USA
291,Priya Khumalo,Female,20,Gold,South Africa
292,Hassan Hughes,Male,33,Standard,UK
293,Tebogo Mthembu,Male,37,Gold,South Africa
294,Vikram Johnson,Male,35,Silver,South Africa
295,Tebogo Walker,Male,48,Platinum,South Africa
296,Vikram Brown,Male,42,Standard,South Africa
297,Neha Johnson,Female,52,Silver,UK
298,Maryam Wilson,Female,19,Standard,UAE
299,Zainab Smith,Female,53,Silver,South Africa
300,Zanele Patel,Female,44,Standard,UAE
301,Aisha Ndlovu,Female,22,Standard,UAE
302,Hassan Nkosi,Male,26,Silver,UK
303,Thabo Govender,Male,47,Gold,USA
304,Sophia Al-Rashid,Female,22,Platinum,UK
305,Brandon Brown,Male,49,Gold,UK
306,Yusuf Roberts,Male,27,Standard,South Africa
307,William Williams,Male,43,Standard,UAE
308,Anisha Hughes,Female,36,Standard,UAE
309,Grace Nkosi,Female,28,Gold,UK
310,Robert Mkhize,Male,62,Standard,South Africa
311,Victoria Davis,Female,52,Standard,UK
312,Vikram Evans,Male,48,Standard,USA
313,Emma Ndlovu,Female,33,Silver,UAE
314,Vikram Jones,Male,25,Silver,South Africa
315,Divya Davies,Female,37,Silver,South Africa
316,Jayden Nkosi,Male,49,Standard,South Africa
317,Zainab Roberts,Female,30,Gold,South Africa
318,Neha Clarke,Female,23,Silver,South Africa
319,Charlotte Dlamini,Female,41,Standard,UAE
320,Maryam Davis,Female,60,Standard,South Africa
321,Maryam Pillay,Female,63,Standard,UK
322,Robert Walker,Male,21,Standard,UAE
323,Olivia Pillay,Female,55,Silver,South Africa
324,Ashley Singh,Female,51,Silver,UAE
325,Brianna Govender,Female,61,Gold,UK
326,Arjun Ntuli,Male,55,Gold,UK
327,Hassan Roberts,Male,52,Standard,UAE
328,Daniel Dlamini,Male,36,Gold,UAE
329,Busisiwe Evans,Female,48,Silver,South Africa
330,Ravi Pillay,Male,59,Standard,South Africa
331,Brianna Jones,Female,52,Standard,South Africa
332,Robert Khan,Male,54,Standard,South Africa
333,William Nkosi,Male,29,Standard,UK
334,Arjun Khumalo,Male,29,Silver,UK
335,Noah Williams,Male,19,Platinum,UAE
336,Thomas Mthembu,Male,35,Standard,UK
337,Kabelo Evans,Male,44,Standard,UK
338,Emily Pillay,Female,42,Platinum,UAE
339,Logan Nkosi,Male,57,Silver,UK
340,Brianna Naidoo,Female,42,Standard,USA
341,Hannah Khan,Female,32,Gold,UK
342,Emily Zulu,Female,40,Silver,UK
343,Themba Wilson,Male,21,Standard,South Africa
344,Lindiwe Patel,Female,19,Platinum,South Africa
345,Divya Lewis,Female,64,Standard,UAE
346,Anisha Johnson,Female,31,Silver,UAE
347,Robert Davies,Male,48,Standard,South Africa
348,John Mthembu,Male,37,Standard,South Africa
349,Hannah Singh,Female,50,Standard,South Africa
350,Charlotte Govender,Female,18,Silver,South Africa
351,Grace Hassan,Female,22,Standard,USA
352,Busisiwe Clarke,Female,31,Standard,UK
353,Priya Smith,Female,20,Silver,UK
354,Anisha Ndlovu,Female,25,Gold,South Africa
355,Jennifer Thompson,Female,23,Standard,South Africa
356,Samantha Ntuli,Female,31,Gold,USA
357,Robert Williams,Male,53,Standard,South Africa
358,Busisiwe Patel,Female,45,Standard,South Africa
359,Sandile Dlamini,Male,45,Standard,South Africa
360,Victoria Mkhize,Female,26,Silver,South Africa
361,Zainab Dlamini,Female,43,Standard,USA
362,Daniel Hassan,Male,62,Gold,USA
363,Victoria Khumalo,Female,49,Standard,South Africa
364,Aisha Williams,Female,40,Silver,South Africa
365,Tyler Naidoo,Male,52,Gold,USA
366,Maryam Singh,Female,57,Standard,UK
367,Olivia Nkosi,Female,39,Silver,UK
368,Vikram Clarke,Male,50,Standard,UK
369,Thabo Williams,Male,50,Standard,South Africa
370,Mpho Roberts,Male,19,Platinum,USA
371,Emma Ntuli,Female,42,Standard,USA
372,Lauren Al-Rashid,Female,42,Silver,UAE
373,Daniel Al-Rashid,Male,47,Platinum,South Africa
374,Neha Govender,Female,43,Platinum,UK
375,Divya Lewis,Female,25,Gold,UAE
376,Zanele Khan,Female,21,Silver,South Africa
377,Jennifer Roberts,Female,30,Platinum,South Africa
378,Robert Ndlovu,Male,40,Standard,UK
379,Priya Mthembu,Female,35,Standard,South Africa
380,Vikram Evans,Male,51,Platinum,South Africa
381,Emily Patel,Female,19,Platinum,USA
382,Yusuf Johnson,Male,58,Platinum,USA
383,Aisha Al-Rashid,Female,37,Standard,South Africa
384,Nomsa Nkosi,Female,31,Standard,South Africa
385,Emma Ndlovu,Female,32,Gold,South Africa
386,Omar Miller,Male,64,Standard,UK
387,Lindiwe Pillay,Female,62,Silver,USA
388,Grace Johnson,Female,49,Standard,USA
389,Thabo Ndlovu,Male,51,Standard,South Africa
390,Brandon Hassan,Male,36,Standard,UAE
391,Emily Mkhize,Female,32,Platinum,USA
392,Robert Thompson,Male,19,Standard,South Africa
393,Omar Davies,Male,38,Standard,UK
394,Alexis Pillay,Female,32,Platinum,UAE
395,Ravi Khan,Male,57,Standard,UK
396,Liam Khan,Male,48,Standard,South Africa
397,John Smith,Male,46,Gold,USA
398,John Al-Rashid,Male,52,Silver,UK
399,Thomas Naidoo,Male,39,Gold,UAE
400,Noah Mthembu,Male,32,Standard,UAE
401,Charlotte Zulu,Female,55,Standard,South Africa
402,Alexis Naidoo,Female,45,Silver,USA
403,Nkosi Lewis,Male,18,Standard,UAE
404,Lerato Miller,Female,56,Gold,UK
405,Omar Nkosi,Male,50,Silver,UK
406,Charlotte Dlamini,Female,36,Silver,UK
407,Sophia Al-Rashid,Female,29,Standard,South Africa
408,Charlotte Roberts,Female,43,Silver,South Africa
409,Sipho Khumalo,Male,37,Silver,USA
410,Kabelo Ntuli,Male,53,Gold,UAE
411,Anisha Singh,Female,47,Standard,South Africa
412,Elijah Lewis,Male,65,Silver,South Africa
413,Emma Pillay,Female,23,Standard,UAE
414,Daniel Mkhize,Male,33,Gold,South Africa
415,Jennifer Davis,Female,24,Gold,USA
416,Ayanda Singh,Female,31,Standard,South Africa
417,Sandile Hughes,Male,49,Standard,UAE
418,Neha Zulu,Female,41,Gold,South Africa
419,Charlotte Khumalo,Female,65,Standard,UK
420,Tebogo Al-Rashid,Male,57,Silver,South Africa
421,Themba Williams,Male,56,Silver,South Africa
422,Alexis Thompson,Female,34,Standard,USA
423,Sipho Pillay,Male,42,Silver,UAE
424,John Hassan,Male,54,Silver,South Africa
425,Zainab Nkosi,Female,51,Standard,South Africa
426,Yusuf Brown,Male,26,Silver,UK
427,Robert Nkosi,Male,49,Silver,South Africa
428,Liam Johnson,Male,20,Standard,UAE
429,Divya Johnson,Female,42,Gold,South Africa
430,Tebogo Jones,Male,56,Standard,UAE
431,Jayden Williams,Male,36,Silver,UK
432,Nomsa Singh,Female,35,Standard,South Africa
433,Priya Hassan,Female,45,Silver,USA
434,Nomsa Davies,Female,64,Standard,South Africa
435,Vikram Govender,Male,50,Standard,UK
436,Charlotte Mkhize,Female,63,Standard,UK
437,Logan Jones,Male,31,Standard,South Africa
438,James Dlamini,Male,42,Gold,UAE
439,Aisha Al-Rashid,Female,44,Standard,South Africa
440,Lauren Clarke,Female,43,Silver,UK
441,Priya Mthembu,Female,64,Standard,South Africa
442,Samantha Dlamini,Female,64,Standard,UAE
443,Ravi Evans,Male,25,Gold,South Africa
444,James Clarke,Male,65,Standard,South Africa
445,Noah Smith,Male,42,Silver,South Africa
446,Khalid Walker,Male,39,Silver,UK
447,Ashley Mthembu,Female,64,Standard,USA
448,Hassan Nkosi,Male,19,Silver,USA
449,Hassan Brown,Male,19,Standard,South Africa
450,Maryam Ntuli,Female,52,Gold,USA
451,Zainab Ndlovu,Female,53,Platinum,South Africa
452,Fatima Dlamini,Female,55,Platinum,South Africa
453,Ravi Mthembu,Male,24,Standard,South Africa
454,James Mkhize,Male,46,Standard,USA
455,Yusuf Khumalo,Male,51,Standard,South Africa
456,Sipho Roberts,Male,63,Standard,South Africa
457,Mpho Dlamini,Male,33,Silver,South Africa
458,Sophia Johnson,Female,38,Standard,USA
459,Divya Jones,Female,20,Silver,South Africa
460,Brandon Wilson,Male,60,Standard,South Africa
461,Mpho Singh,Male,37,Standard,UK
462,Anisha Davies,Female,65,Silver,South Africa
463,Omar Nkosi,Male,56,Standard,UAE
464,Olivia Jones,Female,20,Silver,UAE
465,Ashley Clarke,Female,64,Standard,South Africa
466,Maryam Khumalo,Female,52,Silver,South Africa
467,Nomsa Thompson,Female,40,Gold,South Africa
468,Zainab Clarke,Female,41,Silver,USA
469,Michael Lewis,Male,30,Standard,South Africa
470,Vikram Al-Rashid,Male,53,Silver,South Africa
471,Grace Miller,Female,65,Standard,UK
472,Fatima Clarke,Female,34,Standard,UK
473,Nkosi Khumalo,Male,18,Silver,South Africa
474,Madison Williams,Female,44,Standard,South Africa
475,Hannah Pillay,Female,19,Standard,South Africa
476,Samantha Naidoo,Female,38,Standard,South Africa
477,Daniel Jones,Male,57,Silver,South Africa
478,Fatima Johnson,Female,19,Standard,South Africa
479,Noah Davis,Male,23,Standard,UAE
480,Mohammed Smith,Male,54,Standard,South Africa
481,Maryam Davis,Female,37,Standard,UK
482,Arjun Jones,Male,36,Silver,UAE
483,Emma Zulu,Female,42,Standard,South Africa
484,Alexis Walker,Female,32,Silver,UK
485,Thabo Williams,Male,47,Standard,UK
486,Hannah Davies,Female,27,Standard,South Africa
487,John Khumalo,Male,65,Silver,South Africa
488,Busisiwe Walker,Female,18,Platinum,South Africa
489,Ayanda Hassan,Female,51,Standard,UAE
490,Emma Naidoo,Female,65,Platinum,USA
491,David Jones,Male,27,Standard,UK
492,Elijah Naidoo,Male,49,Standard,USA
493,Vikram Williams,Male,51,Silver,UK
494,Thandeka Khan,Female,19,Standard,USA
495,Emily Mkhize,Female,30,Silver,South Africa
496,Michael Govender,Male,21,Standard,USA
497,Sandile Wilson,Male,25,Silver,South Africa
498,Brandon Jones,Male,61,Gold,South Africa
499,Ravi Williams,Male,39,Silver,South Africa
500,Zanele Hughes,Female,30,Platinum,UAE
501,Arjun Walker,Male,29,Standard,South Africa
502,Lauren Roberts,Female,29,Standard,South Africa
503,Victoria Clarke,Female,46,Standard,South Africa
504,Emily Khumalo,Female,43,Platinum,UAE
505,Elijah Brown,Male,24,Gold,South Africa
506,Marcus Zulu,Male,53,Gold,USA
507,Brianna Davies,Female,49,Gold,South Africa
508,Kayla Patel,Female,28,Standard,USA
509,Liam Brown,Male,25,Silver,USA
510,Tyler Zulu,Male,22,Standard,UK
511,Kayla Evans,Female,30,Standard,South Africa
512,Emily Walker,Female,30,Platinum,South Africa
513,William Singh,Male,49,Platinum,South Africa
514,Ravi Khumalo,Male,37,Silver,South Africa
515,Neha Davis,Female,65,Standard,USA
516,Thabo Al-Rashid,Male,59,Gold,UK
517,Mohammed Lewis,Male,22,Standard,UAE
518,Marcus Dlamini,Male,58,Standard,UK
519,Thabo Davies,Male,57,Standard,South Africa
520,Alexis Mthembu,Female,31,Silver,UAE
521,Hassan Wilson,Male,43,Standard,South Africa
522,Tebogo Singh,Male,20,Standard,South Africa
523,Thabo Jones,Male,65,Standard,UK
524,Charlotte Ntuli,Female,52,Silver,South Africa
525,Logan Jones,Male,59,Platinum,UK
526,Vikram Pillay,Male,18,Standard,UK
527,Divya Walker,Female,58,Standard,UAE
528,David Miller,Male,63,Gold,South Africa
529,Hannah Smith,Female,61,Standard,USA
530,Noah Smith,Male,39,Silver,South Africa
531,Alexis Mkhize,Female,23,Platinum,UAE
532,Neha Mthembu,Female,49,Standard,South Africa
533,David Hassan,Male,49,Silver,South Africa
534,Charlotte Mkhize,Female,40,Standard,UAE
535,John Pillay,Male,18,Standard,South Africa
536,Jennifer Zulu,Female,34,Standard,South Africa
537,Zanele Davies,Female,22,Standard,USA
538,Yusuf Dlamini,Male,36,Gold,South Africa
539,David Brown,Male,58,Standard,UAE
540,Nkosi Wilson,Male,43,Gold,South Africa
541,Thandeka Hughes,Female,27,Platinum,USA
542,Busisiwe Thompson,Female,20,Standard,South Africa
543,Madison Smith,Female,50,Gold,South Africa
544,Grace Singh,Female,52,Gold,UK
545,Brianna Mthembu,Female,32,Gold,South Africa
546,Charlotte Jones,Female,52,Silver,South Africa
547,Divya Smith,Female,37,Silver,South Africa
548,Yusuf Thompson,Male,56,Standard,USA
549,Zainab Singh,Female,24,Standard,UAE
550,Elijah Ntuli,Male,35,Silver,USA
551,Jennifer Nkosi,Female,24,Standard,UK
552,Samantha Al-Rashid,Female,47,Standard,USA
553,Divya Ntuli,Female,32,Standard,South Africa
554,Elijah Evans,Male,37,Standard,UAE
555,Nomsa Davies,Female,63,Standard,South Africa
556,Noah Walker,Male,57,Silver,South Africa
557,Brianna Davis,Female,23,Standard,USA
558,Lindiwe Brown,Female,50,Standard,South Africa
559,Elijah Patel,Male,60,Silver,UAE
560,Mpho Davies,Male,39,Silver,UAE
561,Victoria Ndlovu,Female,45,Silver,UK
562,Neha Khan,Female,40,Silver,South Africa
563,Anisha Hughes,Female,41,Silver,UAE
564,Neha Hughes,Female,31,Standard,South Africa
565,Fatima Smith,Female,59,Gold,South Africa
566,Yusuf Patel,Male,25,Standard,UAE
567,Zainab Evans,Female,29,Standard,UK
568,Divya Clarke,Female,51,Standard,UAE
569,Kabelo Roberts,Male,20,Gold,South Africa
570,Busisiwe Davis,Female,47,Standard,UAE
571,John Dlamini,Male,53,Standard,South Africa
572,Elijah Nkosi,Male,30,Silver,South Africa
573,Ashley Clarke,Female,21,Gold,South Africa
574,Zanele Al-Rashid,Female,54,Silver,South Africa
575,Alexis Clarke,Female,22,Gold,South Africa
576,James Govender,Male,27,Gold,UAE
577,James Al-Rashid,Male,56,Standard,South Africa
578,Victoria Hassan,Female,23,Gold,USA
579,Ravi Zulu,Male,47,Platinum,USA
580,Jayden Pillay,Male,63,Silver,South Africa
581,Ashley Roberts,Female,61,Silver,South Africa
582,Michael Walker,Male,23,Standard,UK
583,Brandon Jones,Male,40,Silver,South Africa
584,Emma Dlamini,Female,34,Platinum,UK
585,Khalid Dlamini,Male,41,Silver,UK
586,Madison Thompson,Female,47,Gold,USA
587,Nkosi Mkhize,Male,65,Standard,South Africa
588,Daniel Jones,Male,25,Silver,South Africa
589,Khalid Williams,Male,51,Silver,UAE
590,Themba Davis,Male,51,Standard,South Africa
591,Palesa Mthembu,Female,46,Silver,South Africa
592,Emily Davies,Female,36,Standard,UK
593,Fatima Williams,Female,56,Standard,South Africa
594,Lerato Hughes,Female,52,Standard,South Africa
595,Jennifer Khan,Female,24,Platinum,South Africa
596,Arjun Roberts,Male,33,Gold,South Africa
597,Michael Pillay,Male,33,Gold,USA
598,Aisha Wilson,Female,59,Gold,UAE
599,William Hassan,Male,49,Standard,South Africa
600,Robert Thompson,Male,32,Silver,South Africa
601,Robert Hassan,Male,45,Standard,UAE
602,James Khumalo,Male,32,Standard,South Africa
603,Tyler Walker,Male,21,Silver,UK
604,Thomas Johnson,Male,23,Gold,South Africa
605,Elijah Wilson,Male,29,Standard,UK
606,Nkosi Wilson,Male,43,Standard,UK
607,Anisha Mthembu,Female,54,Standard,UK
608,Daniel Mkhize,Male,57,Standard,USA
609,Samantha Mthembu,Female,32,Silver,South Africa
610,Zainab Al-Rashid,Female,48,Silver,USA
611,Anisha Johnson,Female,58,Standard,South Africa
612,Lauren Khumalo,Female,29,Standard,South Africa
613,Tyler Miller,Male,47,Standard,UK
614,Robert Lewis,Male,65,Standard,South Africa
615,Lerato Thompson,Female,23,Gold,South Africa
616,Olivia Khumalo,Female,41,Standard,South Africa
617,Vikram Ntuli,Male,27,Standard,USA
618,Grace Brown,Female,32,Standard,USA
619,Grace Hughes,Female,52,Standard,UAE
620,Lindiwe Mkhize,Female,60,Platinum,UAE
621,Priya Davies,Female,53,Standard,South Africa
622,Alexis Khan,Female,63,Silver,USA
623,Omar Dlamini,Male,61,Silver,UK
624,Grace Thompson,Female,45,Silver,UAE
625,Daniel Johnson,Male,32,Silver,UK
626,James Mkhize,Male,45,Silver,UK
627,Divya Davies,Female,18,Standard,South Africa
628,Marcus Walker,Male,62,Standard,UAE
629,Themba Davies,Male,28,Standard,UAE
630,Ahmed Mkhize,Male,52,Standard,USA
631,Brianna Williams,Female,34,Standard,South Africa
632,Grace Miller,Female,52,Platinum,South Africa
633,Busisiwe Roberts,Female,31,Gold,South Africa
634,Olivia Khumalo,Female,52,Standard,South Africa
635,John Hassan,Male,50,Silver,South Africa
636,Priya Khumalo,Female,24,Standard,USA
637,Busisiwe Miller,Female,42,Silver,USA
638,Arjun Patel,Male,44,Silver,UAE
639,Elijah Thompson,Male,61,Standard,USA
640,Busisiwe Clarke,Female,51,Silver,South Africa
641,Hassan Nkosi,Male,46,Silver,South Africa
642,Ashley Johnson,Female,39,Silver,UAE
643,Thandeka Naidoo,Female,64,Silver,USA
644,Michael Hughes,Male,26,Standard,USA
645,Thabo Hassan,Male,34,Standard,UK
646,William Mkhize,Male,62,Standard,South Africa
647,Tebogo Evans,Male,26,Gold,South Africa
648,Kabelo Khan,Male,24,Standard,South Africa
649,Yusuf Miller,Male,51,Standard,South Africa
650,Vikram Johnson,Male,37,Standard,South Africa
651,Mpho Govender,Male,30,Platinum,South Africa
652,Emma Roberts,Female,25,Platinum,UAE
653,Brianna Khumalo,Female,58,Silver,USA
654,Ashley Wilson,Female,27,Platinum,UAE
655,James Patel,Male,64,Gold,USA
656,Thandeka Roberts,Female,53,Standard,UK
657,Elijah Govender,Male,44,Standard,USA
658,Elijah Nkosi,Male,26,Platinum,USA
659,Lauren Pillay,Female,28,Standard,South Africa
660,Vikram Mthembu,Male,38,Standard,UAE
661,Ravi Davies,Male,61,Silver,UK
662,Palesa Roberts,Female,40,Standard,UK
663,Khalid Davies,Male,38,Standard,South Africa
664,Thomas Wilson,Male,49,Standard,South Africa
665,Lerato Wilson,Female,20,Gold,USA
666,Lindiwe Mthembu,Female,23,Platinum,South Africa
667,William Singh,Male,43,Standard,UAE
668,Tebogo Roberts,Male,24,Standard,USA
669,Elijah Zulu,Male,33,Standard,South Africa
670,Grace Smith,Female,24,Silver,UAE
671,Jennifer Roberts,Female,37,Gold,UAE
672,Tyler Evans,Male,58,Standard,South Africa
673,Hassan Ndlovu,Male,44,Standard,UK
674,Emily Patel,Female,57,Gold,USA
675,Maryam Pillay,Female,25,Platinum,South Africa
676,Divya Johnson,Female,38,Gold,UK
677,Alexis Al-Rashid,Female,54,Gold,South Africa
678,Aisha Govender,Female,41,Gold,USA
679,Ashley Khumalo,Female,37,Standard,South Africa
680,Michael Ntuli,Male,53,Standard,USA
681,Aisha Davis,Female,52,Standard,South Africa
682,Jennifer Thompson,Female,19,Gold,USA
683,Charlotte Evans,Female,29,Silver,UK
684,Zainab Naidoo,Female,19,Silver,South Africa
685,Fatima Clarke,Female,64,Standard,USA
686,Sipho Singh,Male,33,Silver,UAE
687,Victoria Nkosi,Female,61,Silver,South Africa
688,Robert Miller,Male,62,Standard,USA
689,Madison Williams,Female,42,Gold,UK
690,Vikram Khan,Male,19,Silver,UK
691,Samantha Govender,Female,23,Silver,USA
692,James Naidoo,Male,61,Gold,UAE
693,Brandon Ntuli,Male,38,Silver,South Africa
694,Grace Walker,Female,29,Platinum,South Africa
695,James Govender,Male,32,Standard,South Africa
696,Priya Davies,Female,45,Silver,UK
697,Ashley Nkosi,Female,30,Standard,UAE
698,Robert Walker,Male,25,Standard,UAE
699,Aisha Mkhize,Female,40,Silver,UAE
700,Samantha Dlamini,Female,35,Gold,UK
701,Aisha Davis,Female,65,Silver,South Africa
702,Elijah Hassan,Male,37,Standard,USA
703,Emily Roberts,Female,50,Silver,UAE
704,Brandon Mkhize,Male,56,Standard,UK
705,Arjun Thompson,Male,58,Silver,USA
706,Kayla Patel,Female,18,Standard,USA
707,James Khumalo,Male,25,Standard,UAE
708,Emily Hassan,Female,20,Standard,UAE
709,Yusuf Patel,Male,35,Gold,South Africa
710,James Jones,Male,45,Silver,South Africa
711,Nkosi Thompson,Male,19,Gold,UAE
712,Ayanda Naidoo,Female,48,Gold,USA
713,Grace Smith,Female,57,Standard,South Africa
714,Kayla Pillay,Female,23,Standard,UAE
715,Zainab Smith,Female,52,Silver,UK
716,Nkosi Evans,Male,32,Silver,South Africa
717,Mpho Singh,Male,60,Standard,UAE
718,Maryam Davies,Female,63,Standard,USA
719,Brandon Williams,Male,26,Silver,UK
720,Tebogo Khan,Male,53,Standard,South Africa
721,Arjun Naidoo,Male,19,Silver,South Africa
722,Noah Thompson,Male,38,Standard,South Africa
723,Brianna Singh,Female,29,Silver,UAE
724,Hassan Clarke,Male,22,Gold,UAE
725,Tebogo Patel,Male,58,Standard,South Africa
726,Mpho Miller,Male,25,Standard,UAE
727,Brandon Dlamini,Male,50,Silver,UK
728,Hannah Evans,Female,47,Silver,USA
729,Nkosi Singh,Male,63,Standard,South Africa
730,Robert Naidoo,Male,27,Standard,UK
731,Anisha Davies,Female,42,Standard,South Africa
732,Vikram Zulu,Male,32,Gold,USA
733,Neha Ntuli,Female,52,Gold,USA
734,Emma Thompson,Female,43,Standard,South Africa
735,Jennifer Ndlovu,Female,53,Standard,South Africa
736,Tyler Khumalo,Male,42,Standard,USA
737,Tebogo Smith,Male,21,Standard,USA
738,Lindiwe Mthembu,Female,22,Standard,UAE
739,Victoria Smith,Female,31,Standard,UK
740,David Miller,Male,35,Standard,South Africa
741,Lindiwe Khumalo,Female,23,Gold,South Africa
742,Vikram Williams,Male,27,Silver,South Africa
743,Ayanda Davies,Female,25,Standard,South Africa
744,Emily Hassan,Female,19,Silver,UAE
745,Elijah Al-Rashid,Male,29,Platinum,USA
746,Robert Smith,Male,40,Gold,South Africa
747,Ravi Nkosi,Male,58,Gold,South Africa
748,Alexis Khan,Female,53,Silver,South Africa
749,Palesa Wilson,Female,43,Standard,USA
750,Elijah Govender,Male,21,Standard,South Africa
751,Jennifer Roberts,Female,36,Silver,UK
752,David Brown,Male,33,Standard,UK
753,Lindiwe Mthembu,Female,44,Standard,South Africa
754,Zanele Mkhize,Female,18,Standard,UK
755,Noah Smith,Male,18,Standard,South Africa
756,Divya Al-Rashid,Female,64,Standard,South Africa
757,Lindiwe Wilson,Female,34,Platinum,South Africa
758,Elijah Evans,Male,55,Silver,UAE
759,Jennifer Mthembu,Female,55,Standard,USA
760,Samantha Singh,Female,61,Gold,UAE
761,Hassan Davis,Male,30,Platinum,USA
762,Emily Khumalo,Female,52,Platinum,UAE
763,Sophia Zulu,Female,56,Silver,USA
764,Sophia Al-Rashid,Female,60,Standard,UAE
765,Emma Patel,Female,23,Standard,South Africa
766,Brianna Nkosi,Female,61,Standard,South Africa
767,Anisha Smith,Female,54,Standard,South Africa
768,Brianna Khumalo,Female,20,Silver,South Africa
769,Elijah Clarke,Male,46,Silver,South Africa
770,Ayanda Khan,Female,32,Standard,South Africa
771,Thandeka Nkosi,Female,27,Silver,UAE
772,Priya Evans,Female,61,Silver,South Africa
773,Themba Wilson,Male,24,Silver,South Africa
774,Sandile Dlamini,Male,37,Standard,UAE
775,Maryam Brown,Female,27,Silver,South Africa
776,Victoria Lewis,Female,53,Platinum,South Africa
777,Brandon Jones,Male,30,Standard,UK
778,Jennifer Wilson,Female,61,Standard,UK
779,Charlotte Roberts,Female,49,Standard,USA
780,Liam Naidoo,Male,65,Platinum,UK
781,Lauren Dlamini,Female,23,Platinum,South Africa
782,Maryam Mkhize,Female,50,Platinum,USA
783,Noah Wilson,Male,56,Standard,South Africa
784,Charlotte Mthembu,Female,53,Platinum,USA
785,Aisha Khumalo,Female,61,Platinum,USA
786,Victoria Johnson,Female,34,Silver,UK
787,Brianna Ndlovu,Female,33,Silver,South Africa
788,Yusuf Hassan,Male,46,Standard,South Africa
789,Neha Clarke,Female,27,Standard,UAE
790,Vikram Pillay,Male,35,Standard,South Africa
791,Lerato Khan,Female,21,Platinum,South Africa
792,Aisha Mthembu,Female,38,Standard,UAE
793,Divya Dlamini,Female,49,Standard,UAE
794,Yusuf Dlamini,Male,25,Platinum,South Africa
795,Lindiwe Hassan,Female,24,Gold,South Africa
796,Tyler Khan,Male,62,Standard,South Africa
797,Vikram Ntuli,Male,46,Silver,USA
798,Ahmed Khumalo,Male,41,Silver,USA
799,Khalid Davis,Male,28,Standard,UK
800,Victoria Roberts,Female,33,Silver,South Africa
801,Ayanda Roberts,Female,54,Standard,South Africa
802,Noah Khumalo,Male,20,Standard,UAE
803,Hassan Al-Rashid,Male,47,Standard,UAE
804,Sandile Smith,Male,18,Standard,UK
805,Brianna Davis,Female,59,Standard,UAE
806,Thomas Davis,Male,40,Silver,South Africa
807,Mohammed Ntuli,Male,34,Standard,USA
808,Khalid Thompson,Male,33,Standard,UK
809,Lauren Thompson,Female,21,Standard,USA
810,Lauren Davies,Female,60,Standard,UK
811,Samantha Govender,Female,48,Standard,UAE
812,Emily Mkhize,Female,58,Standard,South Africa
813,Ayanda Johnson,Female,51,Standard,UK
814,Tyler Johnson,Male,35,Gold,USA
815,William Evans,Male,41,Standard,South Africa
816,Elijah Walker,Male,65,Gold,South Africa
817,Marcus Wilson,Male,61,Standard,UK
818,Liam Thompson,Male,42,Silver,UAE
819,Lindiwe Khumalo,Female,42,Gold,USA
820,Brandon Zulu,Male,40,Standard,UAE
821,Priya Clarke,Female,19,Gold,UAE
822,Thabo Brown,Male,28,Platinum,USA
823,Maryam Mkhize,Female,39,Standard,UK
824,Olivia Davies,Female,60,Silver,South Africa
825,Olivia Naidoo,Female,26,Silver,South Africa
826,Jennifer Zulu,Female,54,Standard,UAE
827,Marcus Hughes,Male,44,Silver,South Africa
828,Logan Pillay,Male,19,Silver,UAE
829,Emily Mthembu,Female,31,Standard,South Africa
830,James Khan,Male,59,Gold,South Africa
831,Michael Zulu,Male,20,Standard,South Africa
832,Daniel Mkhize,Male,35,Standard,South Africa
833,Logan Roberts,Male,22,Standard,USA
834,Brianna Khan,Female,63,Standard,USA
835,Madison Khan,Female,55,Platinum,South Africa
836,Priya Hassan,Female,24,Silver,UK
837,Ahmed Miller,Male,61,Standard,South Africa
838,Noah Roberts,Male,25,Standard,South Africa
839,Elijah Patel,Male,29,Standard,USA
840,Nkosi Pillay,Male,33,Silver,UAE
841,Lindiwe Jones,Female,26,Platinum,South Africa
842,Brandon Al-Rashid,Male,33,Standard,South Africa
843,Kayla Hassan,Female,40,Platinum,South Africa
844,Ahmed Jones,Male,64,Standard,UAE
845,Ahmed Smith,Male,55,Silver,UAE
846,Marcus Wilson,Male,65,Silver,UK
847,Marcus Dlamini,Male,23,Platinum,UK
848,Aisha Mkhize,Female,28,Standard,South Africa
849,Ayanda Naidoo,Female,59,Silver,UAE
850,Charlotte Ndlovu,Female,41,Silver,USA
851,Sandile Roberts,Male,57,Standard,South Africa
852,Lindiwe Naidoo,Female,29,Standard,South Africa
853,Hannah Thompson,Female,59,Standard,South Africa
854,Zanele Brown,Female,28,Standard,South Africa
855,Omar Al-Rashid,Male,37,Silver,UK
856,Sophia Al-Rashid,Female,60,Gold,UAE
857,Brandon Lewis,Male,21,Silver,UK
858,Logan Wilson,Male,27,Platinum,USA
859,Jennifer Johnson,Female,33,Standard,UAE
860,Ahmed Miller,Male,56,Standard,UK
861,Yusuf Clarke,Male,19,Standard,UK
862,Liam Roberts,Male,30,Silver,USA
863,Palesa Johnson,Female,34,Standard,UAE
864,Victoria Ndlovu,Female,65,Standard,UK
865,Sipho Singh,Male,62,Standard,USA
866,Thandeka Mkhize,Female,19,Standard,UK
867,Tyler Hughes,Male,58,Standard,South Africa
868,Emma Jones,Female,43,Standard,South Africa
869,Ahmed Ndlovu,Male,60,Gold,UK
870,Fatima Walker,Female,39,Standard,UK
871,Mohammed Al-Rashid,Male,63,Platinum,UAE
872,David Wilson,Male,27,Standard,UAE
873,Neha Brown,Female,40,Silver,UK
874,Thomas Pillay,Male,48,Silver,South Africa
875,David Khumalo,Male,20,Silver,UK
876,Aisha Thompson,Female,35,Standard,South Africa
877,Fatima Nkosi,Female,64,Standard,USA
878,Sandile Smith,Male,58,Gold,South Africa
879,Grace Govender,Female,49,Standard,South Africa
880,Zanele Lewis,Female,27,Standard,UAE
881,Thomas Khumalo,Male,31,Silver,South Africa
882,Robert Mkhize,Male,49,Silver,South Africa
883,Alexis Hassan,Female,64,Gold,USA
884,Mpho Roberts,Male,59,Silver,USA
885,Zainab Roberts,Female,23,Silver,UAE
886,Ahmed Miller,Male,28,Platinum,USA
887,Priya Brown,Female,21,Platinum,South Africa
888,Hannah Roberts,Female,20,Silver,South Africa
889,Tyler Thompson,Male,22,Standard,UK
890,Lindiwe Jones,Female,65,Gold,UK
891,Brianna Miller,Female,62,Silver,UK
892,Noah Williams,Male,36,Standard,South Africa
893,Thandeka Brown,Female,24,Standard,South Africa
894,Ashley Singh,Female,40,Platinum,USA
895,Themba Mthembu,Male,45,Standard,UK
896,Palesa Hassan,Female,18,Gold,UAE
897,Emma Zulu,Female,41,Standard,South Africa
898,Sophia Brown,Female,38,Silver,UK
899,Fatima Wilson,Female,25,Standard,UK
900,Neha Govender,Female,50,Gold,UAE
901,Michael Zulu,Male,33,Silver,UK
902,Aisha Khumalo,Female,38,Silver,USA
903,Jennifer Zulu,Female,33,Gold,South Africa
904,Hassan Johnson,Male,61,Standard,South Africa
905,Hannah Nkosi,Female,34,Platinum,USA
906,Aisha Johnson,Female,43,Platinum,South Africa
907,Thandeka Smith,Female,33,Silver,UK
908,Charlotte Khan,Female,40,Silver,South Africa
909,Zanele Johnson,Female,26,Standard,South Africa
910,Victoria Mkhize,Female,43,Standard,UAE
911,Tyler Hughes,Male,42,Standard,South Africa
912,Busisiwe Lewis,Female,34,Gold,South Africa
913,Yusuf Walker,Male,65,Standard,South Africa
914,Palesa Miller,Female,58,Silver,South Africa
915,Yusuf Naidoo,Male,58,Silver,UK
916,Liam Clarke,Male,47,Platinum,South Africa
917,James Evans,Male,50,Gold,UAE
918,Divya Govender,Female,29,Silver,USA
919,Yusuf Jones,Male,49,Silver,UK
920,Jennifer Thompson,Female,43,Silver,South Africa
921,Neha Pillay,Female,40,Silver,South Africa
922,Mohammed Al-Rashid,Male,53,Standard,South Africa
923,Ashley Patel,Female,50,Standard,South Africa
924,Charlotte Naidoo,Female,21,Platinum,UK
925,Zanele Govender,Female,41,Platinum,South Africa
926,Samantha Roberts,Female,35,Gold,UAE
927,Aisha Mthembu,Female,54,Silver,USA
928,Brandon Williams,Male,28,Standard,USA
929,Ravi Hughes,Male,49,Gold,USA
930,Ayanda Williams,Female,48,Gold,UAE
931,Logan Pillay,Male,64,Standard,UK
932,Emma Lewis,Female,18,Standard,South Africa
933,Sandile Al-Rashid,Male,23,Standard,UAE
934,Ayanda Mkhize,Female,48,Silver,South Africa
935,Divya Thompson,Female,44,Platinum,South Africa
936,Thomas Evans,Male,49,Standard,UK
937,Hannah Smith,Female,39,Standard,UAE
938,Logan Brown,Male,35,Standard,South Africa
939,Thomas Thompson,Male,42,Silver,South Africa
940,Robert Evans,Male,35,Silver,South Africa
941,Tyler Hassan,Male,60,Silver,South Africa
942,Charlotte Davis,Female,23,Gold,South Africa
943,Aisha Thompson,Female,21,Standard,UAE
944,Priya Govender,Female,41,Standard,UAE
945,Robert Zulu,Male,21,Gold,USA
946,Zainab Dlamini,Female,51,Silver,South Africa
947,Maryam Johnson,Female,64,Standard,USA
948,Hannah Mkhize,Female,51,Standard,South Africa
949,Zainab Williams,Female,30,Standard,South Africa
950,Kabelo Dlamini,Male,27,Gold,USA
951,Brianna Ndlovu,Female,61,Standard,UK
952,Charlotte Ntuli,Female,52,Standard,USA
953,Elijah Pillay,Male,31,Platinum,South Africa
954,Maryam Al-Rashid,Female,24,Standard,South Africa
955,Yusuf Smith,Male,28,Gold,South Africa
956,Kabelo Hassan,Male,51,Platinum,South Africa
957,Kabelo Clarke,Male,49,Platinum,UAE
958,Yusuf Jones,Male,62,Standard,UK
959,Arjun Brown,Male,33,Gold,South Africa
960,Vikram Brown,Male,31,Standard,USA
961,Sophia Clarke,Female,31,Standard,UAE
962,Grace Dlamini,Female,20,Standard,South Africa
963,Maryam Govender,Female,37,Silver,UAE
964,William Thompson,Male,43,Standard,UAE
965,Yusuf Patel,Male,26,Standard,South Africa
966,Nomsa Wilson,Female,57,Standard,South Africa
967,Brianna Mkhize,Female,48,Platinum,USA
968,Samantha Clarke,Female,26,Gold,UK
969,Logan Brown,Male,19,Silver,UK
970,Priya Mkhize,Female,62,Platinum,UK
971,Khalid Mthembu,Male,40,Standard,USA
972,Brandon Jones,Male,19,Standard,South Africa
973,David Williams,Male,50,Silver,USA
974,Priya Smith,Female,48,Standard,UAE
975,Samantha Roberts,Female,30,Standard,USA
976,Anisha Lewis,Female,55,Standard,UK
977,Khalid Naidoo,Male,43,Gold,UAE
978,Nomsa Khan,Female,59,Standard,South Africa
979,Hannah Nkosi,Female,30,Standard,USA
980,Ayanda Pillay,Female,59,Standard,South Africa
981,Sophia Miller,Female,44,Standard,South Africa
982,Brandon Pillay,Male,37,Platinum,UAE
983,Zainab Hughes,Female,24,Gold,USA
984,Hassan Brown,Male,52,Silver,UAE
985,James Pillay,Male,48,Silver,UK
986,Vikram Hassan,Male,29,Standard,UK
987,Tebogo Wilson,Male,61,Standard,UAE
988,Kabelo Roberts,Male,22,Standard,UK
989,Themba Patel,Male,39,Silver,UAE
990,Alexis Nkosi,Female,24,Standard,USA
991,Priya Mkhize,Female,24,Gold,UAE
992,Samantha Hughes,Female,35,Silver,South Africa
993,Palesa Dlamini,Female,45,Silver,UAE
994,Sandile Singh,Male,57,Silver,USA
995,Zainab Brown,Female,59,Gold,UK
996,Tyler Hassan,Male,49,Platinum,South Africa
997,Samantha Lewis,Female,19,Platinum,UAE
998,Nomsa Pillay,Female,33,Standard,South Africa
999,Grace Govender,Female,34,Platinum,South Africa
1000,Emily Johnson,Female,38,Silver,USA
1001,Lerato Davies,Female,38,Standard,UK
1002,Emma Williams,Female,60,Standard,UAE
1003,Thabo Smith,Male,31,Standard,South Africa
1004,Kabelo Walker,Male,48,Silver,UK
1005,Priya Khumalo,Female,52,Standard,South Africa
1006,Themba Thompson,Male,62,Standard,UAE
1007,Ravi Davis,Male,56,Standard,South Africa
1008,Ashley Smith,Female,43,Standard,South Africa
1009,Charlotte Zulu,Female,52,Standard,USA
1010,Fatima Zulu,Female,62,Standard,USA
1011,Alexis Brown,Female,22,Standard,South Africa
1012,Themba Roberts,Male,19,Platinum,USA
1013,Zainab Khumalo,Female,36,Standard,South Africa
1014,Liam Thompson,Male,51,Gold,South Africa
1015,Ahmed Evans,Male,47,Standard,USA
1016,Elijah Smith,Male,38,Standard,UK
1017,Tebogo Miller,Male,32,Standard,South Africa
1018,William Singh,Male,18,Standard,South Africa
1019,Thandeka Wilson,Female,34,Standard,USA
1020,Ahmed Khumalo,Male,25,Standard,South Africa
1021,Maryam Naidoo,Female,61,Standard,UAE
1022,Priya Brown,Female,27,Gold,USA
1023,Brianna Wilson,Female,65,Standard,South Africa
1024,Anisha Jones,Female,39,Silver,South Africa
1025,Jayden Nkosi,Male,19,Gold,UAE
1026,David Johnson,Male,50,Gold,UK
1027,Divya Ntuli,Female,44,Standard,USA
1028,Fatima Miller,Female,57,Standard,UK
1029,Aisha Davis,Female,57,Standard,USA
1030,Divya Thompson,Female,57,Standard,UAE
1031,Olivia Ntuli,Female,25,Standard,South Africa
1032,Vikram Singh,Male,33,Standard,USA
1033,Anisha Mkhize,Female,59,Standard,USA
1034,Kabelo Roberts,Male,48,Silver,South Africa
1035,William Jones,Male,21,Standard,USA
1036,Khalid Johnson,Male,47,Standard,USA
1037,Elijah Mkhize,Male,47,Standard,South Africa
1038,Aisha Davis,Female,48,Standard,USA
1039,David Davies,Male,29,Gold,South Africa
1040,Ayanda Clarke,Female,50,Standard,UK
1041,Ahmed Zulu,Male,60,Silver,South Africa
1042,Neha Miller,Female,33,Platinum,UK
1043,Ahmed Lewis,Male,40,Standard,South Africa
1044,Lauren Mkhize,Female,53,Standard,USA
1045,William Zulu,Male,52,Standard,South Africa
1046,Themba Thompson,Male,55,Silver,South Africa
1047,William Johnson,Male,44,Standard,UAE
1048,Yusuf Pillay,Male,35,Standard,USA
1049,Alexis Zulu,Female,39,Standard,South Africa
1050,Brianna Khan,Female,53,Standard,South Africa
1051,Liam Hassan,Male,35,Platinum,South Africa
1052,Ravi Roberts,Male,46,Standard,UAE
1053,Busisiwe Mthembu,Female,65,Platinum,UAE
1054,Liam Miller,Male,32,Gold,UAE
1055,Emily Al-Rashid,Female,57,Standard,South Africa
1056,Vikram Hassan,Male,43,Standard,South Africa
1057,William Davis,Male,46,Silver,South Africa
1058,Brandon Evans,Male,23,Standard,UAE
1059,Lindiwe Singh,Female,50,Platinum,South Africa
1060,Mohammed Mthembu,Male,45,Standard,South Africa
1061,Lindiwe Lewis,Female,42,Standard,South Africa
1062,Emily Davies,Female,27,Gold,USA
1063,Logan Hassan,Male,25,Gold,South Africa
1064,Neha Nkosi,Female,29,Platinum,USA
1065,Hannah Patel,Female,25,Standard,USA
1066,Lerato Wilson,Female,50,Standard,South Africa
1067,Olivia Hughes,Female,22,Platinum,South Africa
1068,Ashley Khan,Female,24,Standard,UK
1069,Themba Nkosi,Male,34,Silver,UAE
1070,Sandile Naidoo,Male,58,Standard,USA
1071,Sandile Naidoo,Male,53,Standard,USA
1072,Ravi Williams,Male,65,Standard,UK
1073,James Miller,Male,29,Gold,South Africa
1074,Tyler Williams,Male,25,Platinum,UK
1075,Liam Nkosi,Male,24,Gold,South Africa
1076,Ahmed Hughes,Male,43,Platinum,South Africa
1077,Vikram Nkosi,Male,27,Platinum,South Africa
1078,Sandile Al-Rashid,Male,32,Standard,UK
1079,Tebogo Khumalo,Male,59,Standard,UK
1080,Ashley Khumalo,Female,55,Standard,South Africa
1081,Charlotte Walker,Female,62,Silver,UAE
1082,Tebogo Hassan,Male,60,Standard,South Africa
1083,Olivia Johnson,Female,51,Standard,South Africa
1084,Tyler Nkosi,Male,33,Standard,South Africa
1085,Michael Williams,Male,51,Standard,South Africa
1086,Lindiwe Al-Rashid,Female,44,Standard,South Africa
1087,Mpho Dlamini,Male,58,Platinum,UK
1088,Aisha Johnson,Female,33,Standard,UK
1089,Thabo Nkosi,Male,21,Standard,UK
1090,Olivia Khan,Female,39,Standard,South Africa
1091,Brianna Patel,Female,24,Silver,South Africa
1092,John Roberts,Male,51,Standard,South Africa
1093,Omar Zulu,Male,64,Platinum,UK
1094,Zainab Davies,Female,55,Standard,UK
1095,Mohammed Pillay,Male,61,Platinum,UK
1096,Hassan Lewis,Male,59,Silver,UK
1097,Themba Naidoo,Male,61,Standard,UAE
1098,Brianna Hughes,Female,47,Standard,UAE
1099,Maryam Johnson,Female,33,Platinum,South Africa
1100,Jayden Thompson,Male,43,Silver,USA
1101,Themba Hughes,Male,54,Silver,UK
1102,Thabo Miller,Male,21,Standard,South Africa
1103,Olivia Zulu,Female,60,Platinum,USA
1104,Liam Pillay,Male,36,Platinum,UK
1105,Nomsa Lewis,Female,44,Standard,USA
1106,Busisiwe Mkhize,Female,49,Silver,South Africa
1107,Khalid Ndlovu,Male,22,Standard,UK
1108,Themba Khan,Male,64,Standard,UAE
1109,John Walker,Male,25,Silver,South Africa
1110,Zanele Nkosi,Female,59,Silver,UK
1111,Thabo Govender,Male,51,Standard,South Africa
1112,Lindiwe Evans,Female,19,Standard,UAE
1113,Noah Hassan,Male,46,Gold,South Africa
1114,Mohammed Jones,Male,37,Silver,South Africa
1115,Hassan Khumalo,Male,54,Silver,South Africa
1116,Hassan Davies,Male,20,Silver,UK
1117,Omar Hassan,Male,55,Standard,UK
1118,Divya Dlamini,Female,24,Standard,UAE
1119,Thomas Wilson,Male,37,Standard,South Africa
1120,Mohammed Hassan,Male,55,Silver,USA
1121,Nomsa Thompson,Female,47,Standard,South Africa
1122,Palesa Smith,Female,46,Platinum,South Africa
1123,John Clarke,Male,45,Platinum,UK
1124,Tebogo Dlamini,Male,65,Gold,UK
1125,Tebogo Williams,Male,56,Silver,UAE
1126,Alexis Walker,Female,34,Platinum,USA
1127,Lauren Lewis,Female,24,Silver,South Africa
1128,Tebogo Ntuli,Male,42,Gold,USA
1129,Zanele Ndlovu,Female,30,Standard,UAE
1130,Mohammed Davies,Male,22,Standard,UAE
1131,Busisiwe Smith,Female,62,Standard,USA
1132,Nkosi Lewis,Male,35,Silver,USA
1133,Lauren Walker,Female,42,Standard,South Africa
1134,James Ntuli,Male,60,Silver,South Africa
1135,Busisiwe Ntuli,Female,55,Standard,UAE
1136,Lauren Khan,Female,62,Silver,UAE
1137,Emma Hughes,Female,38,Standard,South Africa
1138,Lindiwe Patel,Female,19,Standard,USA
1139,John Singh,Male,23,Gold,South Africa
1140,Charlotte Al-Rashid,Female,52,Standard,UAE
1141,Priya Evans,Female,40,Standard,South Africa
1142,Robert Walker,Male,41,Standard,UAE
1143,Yusuf Wilson,Male,30,Standard,USA
1144,Madison Dlamini,Female,46,Standard,USA
1145,Lindiwe Jones,Female,62,Standard,USA
1146,William Wilson,Male,42,Standard,UK
1147,Nomsa Zulu,Female,53,Gold,UAE
1148,Hassan Pillay,Male,42,Standard,UK
1149,Olivia Evans,Female,29,Platinum,South Africa
1150,Kabelo Jones,Male,32,Standard,UAE
1151,Sandile Ntuli,Male,65,Gold,South Africa
1152,Neha Govender,Female,27,Standard,UK
1153,Jayden Smith,Male,40,Standard,South Africa
1154,Sipho Khan,Male,27,Silver,USA
1155,Nkosi Nkosi,Male,33,Standard,USA
1156,Vikram Lewis,Male,60,Standard,USA
1157,Omar Wilson,Male,47,Standard,South Africa
1158,Arjun Lewis,Male,35,Gold,UK
1159,Ayanda Lewis,Female,64,Silver,UAE
1160,Victoria Hassan,Female,59,Standard,USA
1161,Kayla Jones,Female,28,Standard,UAE
1162,Thandeka Hassan,Female,38,Standard,South Africa
1163,Aisha Roberts,Female,59,Standard,UK
1164,Sipho Williams,Male,59,Standard,South Africa
1165,Emma Ndlovu,Female,29,Silver,UK
1166,Charlotte Hassan,Female,58,Standard,South Africa
1167,Lauren Clarke,Female,21,Standard,South Africa
1168,Charlotte Khan,Female,59,Standard,South Africa
1169,Thomas Thompson,Male,52,Gold,South Africa
1170,Fatima Evans,Female,64,Standard,UAE
1171,Kabelo Mthembu,Male,56,Silver,South Africa
1172,Alexis Williams,Female,64,Standard,USA
1173,Ayanda Nkosi,Female,64,Silver,UAE
1174,Emma Dlamini,Female,33,Standard,UAE
1175,Daniel Naidoo,Male,51,Standard,USA
1176,Nkosi Lewis,Male,23,Standard,UK
1177,Fatima Khumalo,Female,45,Standard,South Africa
1178,James Jones,Male,50,Standard,USA
1179,Palesa Brown,Female,23,Silver,UAE
1180,Daniel Clarke,Male,30,Standard,South Africa
1181,Maryam Govender,Female,64,Silver,South Africa
1182,Kabelo Williams,Male,42,Platinum,South Africa
1183,Emma Johnson,Female,18,Silver,UAE
1184,Busisiwe Mthembu,Female,58,Gold,UAE
1185,Madison Smith,Female,42,Platinum,UK
1186,Michael Johnson,Male,47,Standard,USA
1187,William Naidoo,Male,18,Silver,UAE
1188,Alexis Evans,Female,58,Silver,South Africa
1189,Lerato Ndlovu,Female,63,Standard,UK
1190,Fatima Naidoo,Female,61,Silver,South Africa
1191,William Khan,Male,37,Platinum,UK
1192,Zainab Khumalo,Female,27,Standard,South Africa
1193,Mohammed Naidoo,Male,32,Standard,South Africa
1194,Lauren Zulu,Female,28,Silver,South Africa
1195,Zanele Williams,Female,49,Standard,South Africa
1196,Nkosi Mthembu,Male,50,Standard,UAE
1197,Jennifer Khan,Female,29,Standard,South Africa
1198,Ashley Clarke,Female,23,Silver,South Africa
1199,Busisiwe Thompson,Female,37,Standard,UAE
1200,Yusuf Smith,Male,55,Platinum,South Africa
1201,Vikram Brown,Male,58,Silver,UK
1202,Zanele Pillay,Female,40,Standard,USA
1203,Yusuf Nkosi,Male,56,Standard,UK
1204,Ravi Miller,Male,43,Gold,UAE
1205,David Smith,Male,53,Standard,South Africa
1206,Michael Thompson,Male,39,Silver,South Africa
1207,Aisha Khan,Female,34,Standard,UK
1208,Daniel Clarke,Male,31,Platinum,South Africa
1209,Brandon Mkhize,Male,60,Standard,UK
1210,John Hassan,Male,49,Gold,South Africa
1211,Madison Wilson,Female,47,Standard,USA
1212,Noah Naidoo,Male,53,Silver,South Africa
1213,Noah Clarke,Male,64,Gold,UK
1214,Madison Davis,Female,53,Platinum,South Africa
1215,Neha Clarke,Female,26,Silver,South Africa
1216,William Ndlovu,Male,37,Standard,UAE
1217,Neha Zulu,Female,30,Standard,UAE
1218,Victoria Williams,Female,37,Silver,South Africa
1219,Marcus Hassan,Male,48,Standard,South Africa
1220,Ashley Nkosi,Female,23,Silver,UAE
1221,Lerato Khan,Female,53,Silver,South Africa
1222,Priya Mthembu,Female,42,Standard,UAE
1223,Mohammed Pillay,Male,41,Silver,USA
1224,Nkosi Jones,Male,63,Standard,UAE
1225,Daniel Naidoo,Male,26,Platinum,South Africa
1226,Lindiwe Nkosi,Female,56,Standard,UK
1227,James Mthembu,Male,55,Gold,South Africa
1228,Thabo Mkhize,Male,63,Gold,South Africa
1229,Divya Miller,Female,57,Standard,UK
1230,Omar Nkosi,Male,56,Standard,South Africa
1231,Lindiwe Jones,Female,43,Silver,UAE
1232,Grace Hassan,Female,27,Standard,South Africa
1233,Thabo Patel,Male,46,Platinum,South Africa
1234,Ayanda Pillay,Female,39,Gold,South Africa
1235,Yusuf Naidoo,Male,25,Gold,UK
1236,Maryam Ndlovu,Female,18,Standard,USA
1237,Kayla Mkhize,Female,49,Silver,USA
1238,Emily Walker,Female,61,Standard,South Africa
1239,Mohammed Singh,Male,30,Standard,UK
1240,William Hughes,Male,38,Silver,UAE
1241,Nkosi Roberts,Male,28,Silver,UAE
1242,Palesa Nkosi,Female,27,Platinum,UAE
1243,Priya Govender,Female,53,Platinum,UK
1244,Lerato Hassan,Female,50,Standard,UAE
1245,John Pillay,Male,57,Standard,South Africa
1246,Tebogo Naidoo,Male,39,Standard,South Africa
1247,Palesa Thompson,Female,41,Platinum,USA
1248,Zainab Zulu,Female,59,Platinum,South Africa
1249,Olivia Thompson,Female,35,Silver,UK
1250,Jennifer Miller,Female,55,Gold,UAE
1251,Emma Smith,Female,60,Standard,South Africa
1252,Brandon Davies,Male,18,Silver,UK
1253,Themba Al-Rashid,Male,44,Silver,UAE
1254,William Al-Rashid,Male,63,Silver,South Africa
1255,Brandon Hughes,Male,44,Platinum,UK
1256,Zainab Dlamini,Female,40,Silver,South Africa
1257,Brianna Roberts,Female,60,Standard,UK
1258,Noah Ndlovu,Male,21,Gold,USA
1259,Noah Lewis,Male,21,Standard,USA
1260,Marcus Nkosi,Male,44,Standard,UAE
1261,Olivia Nkosi,Female,40,Standard,USA
1262,Kabelo Singh,Male,44,Gold,South Africa
1263,Mpho Naidoo,Male,57,Standard,South Africa
1264,Omar Khan,Male,46,Silver,UAE
1265,Mohammed Hughes,Male,59,Standard,UAE
1266,Liam Pillay,Male,46,Silver,UAE
1267,Olivia Roberts,Female,55,Silver,UK
1268,Jayden Khumalo,Male,43,Silver,USA
1269,Lerato Smith,Female,59,Silver,USA
1270,Themba Miller,Male,25,Gold,South Africa
1271,Liam Walker,Male,32,Silver,UAE
1272,Yusuf Williams,Male,58,Gold,South Africa
1273,Noah Smith,Male,62,Standard,UK
1274,Brandon Lewis,Male,49,Gold,South Africa
1275,Alexis Patel,Female,35,Standard,UAE
1276,John Mthembu,Male,33,Standard,USA
1277,Hassan Dlamini,Male,24,Silver,UK
1278,Themba Wilson,Male,62,Standard,South Africa
1279,William Davis,Male,58,Gold,South Africa
1280,Ravi Govender,Male,58,Standard,UAE
1281,Palesa Khumalo,Female,27,Gold,South Africa
1282,Ayanda Patel,Female,23,Standard,South Africa
1283,James Miller,Male,34,Standard,USA
1284,Busisiwe Mthembu,Female,39,Standard,UK
1285,Noah Davis,Male,56,Platinum,South Africa
1286,Yusuf Govender,Male,43,Standard,South Africa
1287,Victoria Hassan,Female,29,Gold,USA
1288,Charlotte Zulu,Female,23,Silver,UAE
1289,John Patel,Male,30,Standard,USA
1290,Divya Davies,Female,55,Gold,UAE
1291,Mohammed Hassan,Male,47,Gold,South Africa
1292,Neha Smith,Female,48,Silver,UAE
1293,Victoria Govender,Female,57,Platinum,UAE
1294,Emma Clarke,Female,38,Gold,South Africa
1295,Sipho Miller,Male,19,Silver,South Africa
1296,Brianna Ntuli,Female,46,Standard,UK
1297,Ravi Williams,Male,23,Silver,UAE
1298,Logan Ntuli,Male,54,Silver,South Africa
1299,Samantha Ntuli,Female,31,Silver,South Africa
1300,Nkosi Dlamini,Male,65,Standard,South Africa
1301,Logan Khan,Male,39,Standard,South Africa
1302,Jennifer Mkhize,Female,60,Silver,USA
1303,James Singh,Male,20,Silver,South Africa
1304,Mohammed Roberts,Male,42,Gold,UAE
1305,Mpho Ndlovu,Male,24,Standard,South Africa
1306,Nomsa Hughes,Female,42,Standard,UK
1307,Brianna Brown,Female,36,Standard,South Africa
1308,Tebogo Dlamini,Male,57,Standard,UK
1309,Mpho Zulu,Male,35,Gold,South Africa
1310,Ayanda Davies,Female,41,Standard,USA
1311,Thabo Govender,Male,32,Silver,UAE
1312,Charlotte Williams,Female,35,Standard,UK
1313,William Singh,Male,42,Platinum,South Africa
1314,Arjun Davis,Male,58,Platinum,South Africa
1315,Zanele Patel,Female,54,Platinum,UAE
1316,Emily Govender,Female,24,Silver,South Africa
1317,Charlotte Mthembu,Female,33,Silver,South Africa
1318,Busisiwe Govender,Female,30,Silver,South Africa
1319,Nkosi Evans,Male,55,Gold,UAE
1320,Lauren Brown,Female,60,Silver,South Africa
1321,Kabelo Patel,Male,33,Standard,South Africa
1322,Divya Miller,Female,59,Standard,USA
1323,Kabelo Patel,Male,59,Platinum,UK
1324,Noah Mthembu,Male,21,Standard,USA
1325,John Jones,Male,64,Standard,South Africa
1326,Samantha Roberts,Female,41,Silver,South Africa
1327,Noah Johnson,Male,61,Platinum,UAE
1328,Emily Williams,Female,38,Standard,South Africa
1329,Alexis Thompson,Female,51,Platinum,UAE
1330,Charlotte Khumalo,Female,30,Gold,UAE
1331,Arjun Roberts,Male,63,Silver,USA
1332,Aisha Miller,Female,27,Silver,South Africa
1333,Hassan Clarke,Male,49,Standard,UK
1334,Brianna Govender,Female,50,Standard,USA
1335,Brandon Singh,Male,56,Standard,UAE
1336,Kayla Mkhize,Female,63,Standard,USA
1337,Noah Miller,Male,55,Silver,UK
1338,Michael Thompson,Male,27,Silver,South Africa
1339,Lindiwe Thompson,Female,42,Gold,UAE
1340,Aisha Clarke,Female,20,Silver,UK
1341,Thomas Ntuli,Male,29,Platinum,UK
1342,Sandile Singh,Male,26,Silver,USA
1343,Thabo Roberts,Male,34,Silver,South Africa
1344,Sipho Brown,Male,43,Standard,UK
1345,Kabelo Mthembu,Male,39,Silver,South Africa
1346,Olivia Singh,Female,30,Silver,South Africa
1347,Neha Patel,Female,43,Standard,UAE
1348,Priya Walker,Female,34,Silver,UK
1349,Charlotte Ntuli,Female,46,Standard,South Africa
1350,Themba Lewis,Male,22,Standard,South Africa
1351,David Khan,Male,39,Standard,South Africa
1352,Lerato Govender,Female,45,Standard,UK
1353,Kabelo Mthembu,Male,57,Silver,UK
1354,Maryam Williams,Female,30,Standard,UAE
1355,Aisha Al-Rashid,Female,40,Standard,UAE
1356,Grace Lewis,Female,26,Gold,South Africa
1357,Kabelo Brown,Male,64,Standard,UAE
1358,Jennifer Lewis,Female,56,Gold,South Africa
1359,Anisha Jones,Female,60,Gold,South Africa
1360,Grace Smith,Female,42,Platinum,UAE
1361,Jayden Williams,Male,19,Standard,USA
1362,John Ndlovu,Male,40,Standard,USA
1363,Lerato Patel,Female,36,Gold,South Africa
1364,Omar Khumalo,Male,56,Silver,UK
1365,Divya Dlamini,Female,65,Silver,South Africa
1366,Victoria Naidoo,Female,34,Gold,UAE
1367,Yusuf Johnson,Male,28,Standard,UK
1368,Thomas Naidoo,Male,58,Standard,UK
1369,Nkosi Smith,Male,35,Platinum,UAE
1370,Divya Jones,Female,29,Silver,South Africa
1371,Neha Thompson,Female,65,Standard,UK
1372,Busisiwe Khan,Female,50,Standard,South Africa
1373,Anisha Davis,Female,56,Standard,UAE
1374,James Khan,Male,21,Platinum,South Africa
1375,Sophia Singh,Female,53,Standard,UAE
1376,Yusuf Davies,Male,56,Standard,UK
1377,Noah Naidoo,Male,60,Silver,USA
1378,James Thompson,Male,29,Silver,South Africa
1379,Ayanda Brown,Female,34,Platinum,UAE
1380,Palesa Wilson,Female,62,Silver,UK
1381,Michael Evans,Male,42,Standard,South Africa
1382,Palesa Govender,Female,60,Gold,South Africa
1383,Grace Thompson,Female,32,Silver,USA
1384,David Johnson,Male,48,Standard,South Africa
1385,Logan Davies,Male,65,Standard,South Africa
1386,Liam Hassan,Male,43,Platinum,UAE
1387,Sipho Clarke,Male,32,Gold,South Africa
1388,Brianna Mthembu,Female,49,Gold,UK
1389,Daniel Brown,Male,22,Standard,UK
1390,Robert Miller,Male,62,Standard,South Africa
1391,Priya Patel,Female,57,Standard,UAE
1392,Robert Nkosi,Male,61,Standard,South Africa
1393,Zainab Govender,Female,56,Standard,UAE
1394,David Davies,Male,22,Gold,UK
1395,Ashley Miller,Female,43,Standard,South Africa
1396,Kabelo Davis,Male,53,Gold,South Africa
1397,Robert Evans,Male,27,Silver,South Africa
1398,Daniel Roberts,Male,43,Gold,South Africa
1399,Nomsa Khan,Female,47,Standard,South Africa
1400,Tyler Wilson,Male,40,Gold,South Africa
1401,Ahmed Mkhize,Male,32,Gold,UAE
1402,Neha Govender,Female,30,Silver,USA
1403,Charlotte Patel,Female,37,Standard,UAE
1404,Logan Clarke,Male,38,Platinum,USA
1405,Victoria Davies,Female,19,Standard,USA
1406,Khalid Walker,Male,57,Silver,South Africa
1407,Sophia Govender,Female,38,Gold,UK
1408,Sandile Davis,Male,47,Standard,UK
1409,Nomsa Khumalo,Female,64,Standard,UK
1410,Arjun Thompson,Male,61,Standard,UK
1411,Khalid Nkosi,Male,48,Platinum,UAE
1412,Khalid Hassan,Male,40,Platinum,UK
1413,Noah Al-Rashid,Male,33,Gold,USA
1414,Ahmed Evans,Male,47,Silver,USA
1415,Omar Hassan,Male,34,Gold,USA
1416,Madison Zulu,Female,53,Standard,UAE
1417,Charlotte Zulu,Female,32,Standard,USA
1418,Kayla Davies,Female,37,Gold,South Africa
1419,Lindiwe Pillay,Female,39,Standard,UK
1420,Anisha Hassan,Female,44,Silver,UAE
1421,Anisha Davis,Female,42,Standard,South Africa
1422,Liam Hughes,Male,49,Standard,UAE
1423,Thomas Ntuli,Male,24,Standard,UAE
1424,Lindiwe Jones,Female,34,Standard,UAE
1425,Fatima Thompson,Female,28,Silver,UK
1426,Mpho Johnson,Male,33,Standard,South Africa
1427,Kayla Ntuli,Female,65,Standard,UAE
1428,Sophia Brown,Female,32,Gold,USA
1429,Lauren Davies,Female,39,Standard,UK
1430,Jennifer Nkosi,Female,39,Standard,USA
1431,William Khumalo,Male,46,Standard,South Africa
1432,Sipho Wilson,Male,40,Silver,USA
1433,Samantha Williams,Female,35,Gold,South Africa
1434,John Jones,Male,38,Silver,South Africa
1435,Neha Ndlovu,Female,48,Gold,South Africa
1436,Nkosi Zulu,Male,23,Standard,UK
1437,Kabelo Davis,Male,46,Silver,UAE
1438,Kayla Al-Rashid,Female,33,Standard,South Africa
1439,Grace Zulu,Female,49,Silver,UK
1440,Yusuf Jones,Male,57,Standard,South Africa
1441,Samantha Clarke,Female,36,Standard,UAE
1442,Elijah Thompson,Male,58,Silver,UAE
1443,Lindiwe Hassan,Female,44,Gold,UK
1444,Sophia Ntuli,Female,64,Silver,UAE
1445,Thandeka Wilson,Female,44,Silver,UK
1446,Neha Hassan,Female,28,Standard,UAE
1447,Divya Hughes,Female,32,Standard,UK
1448,Khalid Naidoo,Male,18,Platinum,USA
1449,Arjun Singh,Male,38,Silver,South Africa
1450,Elijah Ntuli,Male,45,Standard,UAE
1451,Busisiwe Dlamini,Female,58,Silver,UK
1452,Divya Singh,Female,51,Silver,UAE
1453,Lindiwe Miller,Female,56,Gold,UAE
1454,Neha Zulu,Female,62,Platinum,UAE
1455,Sandile Dlamini,Male,46,Standard,USA
1456,Zanele Singh,Female,55,Standard,South Africa
1457,Grace Davis,Female,44,Standard,UK
1458,Tyler Mkhize,Male,65,Silver,UAE
1459,Sipho Nkosi,Male,60,Standard,USA
1460,Alexis Govender,Female,26,Standard,UAE
1461,Thabo Govender,Male,44,Standard,UK
1462,Jayden Ndlovu,Male,65,Platinum,UAE
1463,Victoria Al-Rashid,Female,26,Standard,UK
1464,Ashley Davis,Female,23,Silver,UK
1465,Lerato Thompson,Female,39,Platinum,South Africa
1466,Mpho Johnson,Male,41,Gold,South Africa
1467,Emma Ndlovu,Female,56,Standard,South Africa
1468,Arjun Mthembu,Male,50,Standard,UK
1469,Lindiwe Brown,Female,61,Standard,USA
1470,Nomsa Ndlovu,Female,59,Standard,USA
1471,Michael Khan,Male,59,Silver,UK
1472,Emma Mkhize,Female,23,Gold,South Africa
1473,Elijah Hughes,Male,28,Standard,South Africa
1474,Sipho Khan,Male,59,Gold,South Africa
1475,Thabo Miller,Male,48,Standard,UAE
1476,Hassan Miller,Male,54,Standard,UAE
1477,Tyler Ntuli,Male,23,Silver,South Africa
1478,Victoria Zulu,Female,53,Standard,South Africa
1479,Thomas Dlamini,Male,58,Platinum,UAE
1480,Arjun Smith,Male,59,Silver,South Africa
1481,Brianna Naidoo,Female,45,Silver,South Africa
1482,Samantha Jones,Female,33,Platinum,UAE
1483,Lindiwe Zulu,Female,58,Platinum,South Africa
1484,Ashley Lewis,Female,52,Silver,South Africa
1485,Elijah Patel,Male,58,Standard,UAE
1486,Arjun Ntuli,Male,20,Standard,UAE
1487,Brianna Johnson,Female,26,Silver,UAE
1488,Mpho Khan,Male,28,Standard,South Africa
1489,Sandile Williams,Male,64,Standard,South Africa
1490,Tebogo Naidoo,Male,56,Standard,South Africa
1491,Emma Khumalo,Female,32,Silver,South Africa
1492,Ahmed Walker,Male,47,Silver,UAE
1493,Madison Dlamini,Female,62,Gold,South Africa
1494,Omar Patel,Male,56,Standard,South Africa
1495,James Khumalo,Male,37,Standard,USA
1496,Anisha Johnson,Female,52,Standard,USA
1497,Victoria Khumalo,Female,62,Standard,USA
1498,Fatima Miller,Female,39,Standard,South Africa
1499,Jennifer Khan,Female,61,Standard,UK
1500,Thabo Clarke,Male,30,Standard,South Africa
1501,Fatima Lewis,Female,20,Standard,South Africa
1502,Lerato Brown,Female,52,Gold,South Africa
1503,Nomsa Roberts,Female,63,Standard,UK
1504,Hassan Hassan,Male,43,Standard,South Africa
1505,Aisha Evans,Female,26,Standard,South Africa
1506,Nomsa Naidoo,Female,48,Standard,USA
1507,Nomsa Davis,Female,47,Standard,South Africa
1508,Kayla Clarke,Female,44,Platinum,UK
1509,Zainab Lewis,Female,65,Silver,USA
1510,Ahmed Clarke,Male,55,Gold,UAE
1511,Emily Singh,Female,61,Gold,UAE
1512,Lindiwe Nkosi,Female,54,Standard,UAE
1513,Themba Nkosi,Male,61,Silver,South Africa
1514,James Khumalo,Male,62,Standard,USA
1515,Busisiwe Thompson,Female,19,Standard,South Africa
1516,Robert Davis,Male,54,Gold,South Africa
1517,Noah Evans,Male,53,Standard,UAE
1518,Marcus Walker,Male,21,Gold,South Africa
1519,Ashley Ndlovu,Female,58,Silver,South Africa
1520,Yusuf Jones,Male,23,Silver,South Africa
1521,Zainab Ndlovu,Female,22,Silver,UK
1522,Yusuf Al-Rashid,Male,28,Standard,South Africa
1523,Sandile Lewis,Male,28,Silver,South Africa
1524,Thandeka Zulu,Female,28,Gold,UK
1525,Thomas Al-Rashid,Male,28,Standard,South Africa
1526,Tebogo Hughes,Male,59,Platinum,UK
1527,Omar Nkosi,Male,38,Gold,South Africa
1528,Nkosi Thompson,Male,59,Gold,UAE
1529,Thandeka Clarke,Female,52,Standard,South Africa
1530,Brianna Hassan,Female,28,Silver,UK
1531,Jayden Patel,Male,43,Silver,USA
1532,Hannah Khumalo,Female,29,Standard,South Africa
1533,Aisha Patel,Female,54,Standard,UK
1534,Elijah Govender,Male,36,Standard,USA
1535,Thabo Ntuli,Male,26,Gold,UK
1536,Fatima Patel,Female,51,Standard,UAE
1537,Kabelo Brown,Male,39,Standard,UK
1538,Lerato Ndlovu,Female,18,Platinum,South Africa
1539,Ravi Jones,Male,60,Standard,South Africa
1540,Olivia Davies,Female,27,Standard,South Africa
1541,Maryam Ndlovu,Female,31,Standard,USA
1542,Neha Thompson,Female,20,Platinum,USA
1543,Lauren Govender,Female,23,Standard,South Africa
1544,James Smith,Male,33,Standard,UK
1545,Thandeka Clarke,Female,24,Gold,South Africa
1546,Palesa Pillay,Female,46,Standard,South Africa
1547,Arjun Clarke,Male,30,Platinum,UK
1548,Jayden Walker,Male,62,Standard,UK
1549,William Mkhize,Male,61,Silver,USA
1550,Madison Miller,Female,53,Gold,South Africa
1551,Elijah Jones,Male,63,Silver,UK
1552,Divya Ndlovu,Female,26,Silver,UK
1553,Emma Pillay,Female,51,Standard,South Africa
1554,Ashley Walker,Female,60,Platinum,South Africa
1555,Maryam Govender,Female,59,Gold,South Africa
1556,Vikram Jones,Male,54,Standard,USA
1557,Alexis Khan,Female,46,Silver,South Africa
1558,Priya Williams,Female,42,Platinum,UAE
1559,Ayanda Miller,Female,47,Gold,UAE
1560,Charlotte Lewis,Female,52,Standard,UAE
1561,Ayanda Ntuli,Female,38,Standard,South Africa
1562,Fatima Evans,Female,39,Platinum,South Africa
1563,Palesa Ntuli,Female,18,Silver,USA
1564,Fatima Johnson,Female,25,Gold,South Africa
1565,Liam Miller,Male,27,Standard,UAE
1566,Vikram Ntuli,Male,20,Standard,UAE
1567,Sipho Clarke,Male,44,Standard,UAE
1568,Marcus Hughes,Male,53,Standard,South Africa
1569,Alexis Jones,Female,59,Standard,UK
1570,Thomas Brown,Male,57,Platinum,UAE
1571,Khalid Williams,Male,18,Standard,South Africa
1572,Samantha Thompson,Female,37,Standard,UK
1573,Thabo Pillay,Male,44,Standard,USA
1574,Noah Ntuli,Male,18,Standard,USA
1575,Ashley Zulu,Female,60,Standard,South Africa
1576,Tyler Pillay,Male,22,Standard,UK
1577,Grace Evans,Female,50,Gold,UAE
1578,Robert Davis,Male,34,Standard,UK
1579,Ravi Patel,Male,51,Standard,USA
1580,Nomsa Evans,Female,62,Standard,South Africa
1581,Zainab Nkosi,Female,63,Platinum,South Africa
1582,Daniel Khumalo,Male,19,Silver,UK
1583,Arjun Al-Rashid,Male,37,Silver,South Africa
1584,Ayanda Smith,Female,33,Standard,USA
1585,Fatima Singh,Female,45,Standard,South Africa
1586,Alexis Roberts,Female,24,Gold,South Africa
1587,Jennifer Clarke,Female,64,Silver,USA
1588,Thomas Wilson,Male,52,Standard,UK
1589,Arjun Jones,Male,44,Standard,USA
1590,Kayla Ndlovu,Female,26,Silver,UAE
1591,Noah Williams,Male,63,Silver,UK
1592,Charlotte Smith,Female,45,Silver,South Africa
1593,Ashley Evans,Female,28,Standard,South Africa
1594,Emily Ntuli,Female,23,Gold,UK
1595,Anisha Zulu,Female,45,Standard,South Africa
1596,Arjun Brown,Male,32,Standard,UAE
1597,Charlotte Brown,Female,40,Standard,UK
1598,John Mkhize,Male,50,Standard,South Africa
1599,Aisha Mthembu,Female,18,Platinum,UK
1600,Grace Dlamini,Female,24,Standard,South Africa
1601,Hassan Smith,Male,64,Standard,USA
1602,Zainab Brown,Female,20,Standard,USA
1603,Anisha Mkhize,Female,43,Silver,UAE
1604,Charlotte Ntuli,Female,19,Standard,USA
1605,Jayden Zulu,Male,22,Gold,UK
1606,Emily Singh,Female,49,Standard,UK
1607,Khalid Lewis,Male,31,Gold,South Africa
1608,Emma Clarke,Female,60,Gold,UAE
1609,William Naidoo,Male,49,Standard,UAE
1610,Hassan Wilson,Male,39,Standard,South Africa
1611,Charlotte Hassan,Female,26,Standard,USA
1612,Anisha Mthembu,Female,57,Standard,South Africa
1613,James Ntuli,Male,41,Standard,UAE
1614,Victoria Dlamini,Female,51,Platinum,UAE
1615,Noah Zulu,Male,22,Platinum,USA
1616,Sophia Hassan,Female,49,Gold,South Africa
1617,John Clarke,Male,29,Standard,UAE
1618,Aisha Walker,Female,52,Platinum,UK
1619,Robert Thompson,Male,40,Standard,South Africa
1620,Michael Mthembu,Male,39,Gold,South Africa
1621,Lindiwe Zulu,Female,46,Gold,South Africa
1622,Jennifer Govender,Female,57,Silver,UK
1623,Brianna Evans,Female,49,Gold,UAE
1624,Yusuf Nkosi,Male,33,Standard,South Africa
1625,Thandeka Roberts,Female,61,Gold,South Africa
1626,Samantha Al-Rashid,Female,43,Standard,USA
1627,Vikram Thompson,Male,39,Standard,UK
1628,Aisha Nkosi,Female,38,Standard,South Africa
1629,Lerato Miller,Female,51,Silver,UK
1630,Lindiwe Mthembu,Female,35,Standard,South Africa
1631,Omar Patel,Male,48,Gold,UAE
1632,Grace Smith,Female,40,Silver,South Africa
1633,Grace Thompson,Female,25,Standard,South Africa
1634,Divya Ntuli,Female,37,Standard,USA
1635,Sipho Mkhize,Male,41,Standard,South Africa
1636,William Patel,Male,56,Gold,UAE
1637,Madison Walker,Female,56,Standard,South Africa
1638,Vikram Khan,Male,48,Silver,USA
1639,Emma Govender,Female,20,Standard,USA
1640,Samantha Davies,Female,36,Standard,USA
1641,James Mkhize,Male,30,Gold,USA
1642,Elijah Pillay,Male,62,Standard,UAE
1643,Tebogo Johnson,Male,38,Standard,UK
1644,William Ntuli,Male,64,Gold,UAE
1645,Khalid Dlamini,Male,43,Platinum,South Africa
1646,Mpho Smith,Male,25,Standard,USA
1647,Ravi Mthembu,Male,38,Gold,South Africa
1648,Busisiwe Jones,Female,19,Standard,UAE
1649,Brandon Thompson,Male,63,Silver,USA
1650,Thomas Khan,Male,31,Gold,USA
1651,Arjun Patel,Male,40,Silver,UK
1652,Sophia Hughes,Female,28,Platinum,USA
1653,Nkosi Lewis,Male,39,Silver,USA
1654,Busisiwe Hughes,Female,56,Standard,South Africa
1655,Samantha Hughes,Female,61,Standard,UK
1656,Emma Patel,Female,19,Silver,South Africa
1657,Kayla Miller,Female,62,Gold,UAE
1658,Khalid Nkosi,Male,19,Standard,South Africa
1659,Marcus Brown,Male,33,Standard,USA
1660,Thomas Hughes,Male,19,Gold,UK
1661,Ahmed Khan,Male,25,Standard,South Africa
1662,James Al-Rashid,Male,28,Standard,UAE
1663,Logan Ntuli,Male,59,Silver,South Africa
1664,Yusuf Smith,Male,20,Standard,UK
1665,William Dlamini,Male,34,Standard,UAE
1666,Kabelo Jones,Male,44,Gold,South Africa
1667,Kayla Smith,Female,19,Standard,UAE
1668,William Miller,Male,53,Standard,South Africa
1669,Olivia Khumalo,Female,58,Standard,UK
1670,Elijah Ndlovu,Male,54,Standard,South Africa
1671,Hannah Nkosi,Female,32,Standard,UAE
1672,Lauren Roberts,Female,28,Standard,USA
1673,David Govender,Male,48,Standard,South Africa
1674,Brianna Pillay,Female,22,Gold,USA
1675,Priya Hughes,Female,46,Silver,South Africa
1676,Vikram Patel,Male,39,Gold,USA
1677,Arjun Davies,Male,45,Silver,South Africa
1678,John Dlamini,Male,45,Silver,UAE
1679,Mohammed Al-Rashid,Male,31,Standard,UAE
1680,Thomas Mkhize,Male,61,Silver,UK
1681,Sandile Davis,Male,21,Standard,UAE
1682,Nkosi Davies,Male,60,Standard,South Africa
1683,Noah Naidoo,Male,37,Standard,South Africa
1684,Themba Zulu,Male,18,Standard,UK
1685,Nkosi Mthembu,Male,34,Standard,UAE
1686,Robert Al-Rashid,Male,52,Silver,UK
1687,Busisiwe Clarke,Female,31,Silver,UAE
1688,Kabelo Walker,Male,50,Standard,UAE
1689,Khalid Pillay,Male,46,Gold,South Africa
1690,Michael Johnson,Male,48,Standard,South Africa
1691,Khalid Brown,Male,29,Standard,UK
1692,Victoria Jones,Female,64,Standard,South Africa
1693,Brianna Ntuli,Female,35,Standard,UK
1694,Tyler Dlamini,Male,22,Silver,South Africa
1695,Lerato Evans,Female,37,Standard,South Africa
1696,Themba Ntuli,Male,50,Standard,UAE
1697,Sandile Al-Rashid,Male,64,Gold,South Africa
1698,Khalid Davies,Male,41,Silver,UAE
1699,Emily Brown,Female,51,Standard,South Africa
1700,Sipho Dlamini,Male,37,Silver,USA
1701,Emma Naidoo,Female,52,Standard,South Africa
1702,Thandeka Davies,Female,43,Silver,South Africa
1703,Lindiwe Smith,Female,52,Standard,USA
1704,Elijah Pillay,Male,62,Gold,UAE
1705,Victoria Ntuli,Female,26,Gold,UAE
1706,Charlotte Davies,Female,37,Silver,UK
1707,Khalid Lewis,Male,46,Standard,USA
1708,Brandon Al-Rashid,Male,23,Silver,South Africa
1709,David Al-Rashid,Male,18,Platinum,South Africa
1710,Thomas Davis,Male,31,Gold,UAE
1711,Omar Ntuli,Male,63,Standard,South Africa
1712,Vikram Khan,Male,30,Silver,UK
1713,Brianna Pillay,Female,61,Silver,UAE
1714,John Patel,Male,54,Gold,South Africa
1715,Nomsa Singh,Female,39,Silver,South Africa
1716,Omar Roberts,Male,47,Silver,UAE
1717,Daniel Govender,Male,62,Silver,UAE
1718,Fatima Davis,Female,44,Gold,South Africa
1719,Aisha Evans,Female,46,Standard,South Africa
1720,David Hassan,Male,21,Silver,UAE
1721,Daniel Patel,Male,30,Standard,UK
1722,Tyler Ndlovu,Male,56,Gold,South Africa
1723,Arjun Clarke,Male,56,Gold,UK
1724,Divya Wilson,Female,31,Gold,UAE
1725,Mohammed Al-Rashid,Male,65,Standard,South Africa
1726,Busisiwe Williams,Female,29,Gold,UK
1727,Liam Smith,Male,36,Gold,UAE
1728,Omar Patel,Male,51,Silver,USA
1729,Mpho Davies,Male,62,Standard,South Africa
1730,Lindiwe Ndlovu,Female,45,Standard,South Africa
1731,Maryam Smith,Female,59,Silver,USA
1732,Mpho Hassan,Male,47,Standard,UAE
1733,Ayanda Johnson,Female,54,Silver,USA
1734,Palesa Al-Rashid,Female,24,Silver,USA
1735,Sophia Al-Rashid,Female,58,Standard,USA
1736,Nomsa Roberts,Female,21,Standard,UK
1737,Mpho Ntuli,Male,62,Standard,South Africa
1738,Ahmed Walker,Male,23,Standard,UAE
1739,Logan Ntuli,Male,30,Standard,USA
1740,Lindiwe Singh,Female,54,Standard,South Africa
1741,Nkosi Ntuli,Male,42,Gold,UAE
1742,Priya Khan,Female,21,Silver,South Africa
1743,Robert Thompson,Male,57,Standard,UAE
1744,Alexis Walker,Female,34,Gold,South Africa
1745,Themba Mthembu,Male,57,Gold,UK
1746,Emily Ndlovu,Female,50,Silver,South Africa
1747,Themba Al-Rashid,Male,64,Platinum,UAE
1748,Olivia Clarke,Female,40,Standard,South Africa
1749,Samantha Al-Rashid,Female,45,Silver,UK
1750,Madison Clarke,Female,59,Standard,UAE
1751,Kabelo Ntuli,Male,55,Standard,UK
1752,Thabo Lewis,Male,39,Standard,USA
1753,Themba Zulu,Male,25,Gold,South Africa
1754,Lauren Davis,Female,27,Standard,South Africa
1755,Hannah Clarke,Female,34,Silver,South Africa
1756,Liam Thompson,Male,39,Silver,South Africa
1757,Kayla Ndlovu,Female,62,Gold,South Africa
1758,Yusuf Miller,Male,31,Standard,South Africa
1759,Ahmed Singh,Male,31,Silver,South Africa
1760,Ahmed Dlamini,Male,20,Silver,South Africa
1761,Priya Walker,Female,45,Standard,UK
1762,Brianna Lewis,Female,55,Platinum,USA
1763,John Miller,Male,36,Silver,South Africa
1764,Yusuf Patel,Male,56,Platinum,USA
1765,Ravi Williams,Male,25,Platinum,South Africa
1766,Yusuf Roberts,Male,45,Silver,UK
1767,Fatima Al-Rashid,Female,18,Standard,UAE
1768,Ayanda Jones,Female,64,Silver,USA
1769,Daniel Davis,Male,49,Standard,USA
1770,Aisha Khumalo,Female,28,Standard,UK
1771,Ahmed Ntuli,Male,21,Silver,UAE
1772,Brianna Brown,Female,51,Standard,USA
1773,Fatima Clarke,Female,22,Platinum,South Africa
1774,Thomas Zulu,Male,43,Gold,South Africa
1775,Khalid Patel,Male,54,Silver,USA
1776,Lindiwe Ndlovu,Female,62,Silver,USA
1777,Sandile Al-Rashid,Male,32,Standard,USA
1778,Ravi Zulu,Male,36,Standard,USA
1779,Omar Lewis,Male,33,Platinum,South Africa
1780,David Jones,Male,19,Standard,South Africa
1781,Omar Clarke,Male,51,Platinum,South Africa
1782,Alexis Wilson,Female,32,Standard,South Africa
1783,Sipho Smith,Male,62,Standard,South Africa
1784,Zanele Clarke,Female,35,Silver,South Africa
1785,Brandon Mkhize,Male,20,Silver,South Africa
1786,Marcus Lewis,Male,22,Standard,UAE
1787,Brianna Khumalo,Female,57,Standard,South Africa
1788,Emma Ntuli,Female,34,Standard,South Africa
1789,Anisha Zulu,Female,23,Platinum,South Africa
1790,Marcus Jones,Male,59,Standard,South Africa
1791,Kayla Evans,Female,24,Standard,South Africa
1792,Divya Singh,Female,43,Silver,South Africa
1793,Madison Walker,Female,60,Standard,UAE
1794,Lerato Evans,Female,41,Standard,South Africa
1795,Ayanda Johnson,Female,34,Silver,USA
1796,Madison Govender,Female,37,Standard,USA
1797,Thabo Khumalo,Male,47,Standard,South Africa
1798,John Hassan,Male,48,Standard,South Africa
1799,Emma Govender,Female,55,Silver,UAE
1800,Divya Clarke,Female,36,Standard,USA
1801,Ahmed Singh,Male,57,Gold,South Africa
1802,Lindiwe Williams,Female,29,Standard,USA
1803,Vikram Pillay,Male,52,Platinum,South Africa
1804,Jennifer Brown,Female,47,Gold,South Africa
1805,Samantha Walker,Female,62,Silver,USA
1806,Tyler Lewis,Male,58,Silver,UK
1807,Ayanda Miller,Female,19,Gold,South Africa
1808,Vikram Patel,Male,21,Silver,South Africa
1809,Priya Patel,Female,29,Silver,South Africa
1810,Omar Naidoo,Male,52,Gold,UK
1811,Nkosi Khan,Male,46,Standard,USA
1812,Jayden Davis,Male,58,Standard,USA
1813,Yusuf Hassan,Male,47,Platinum,UAE
1814,Sipho Nkosi,Male,49,Platinum,South Africa
1815,Ayanda Nkosi,Female,38,Gold,South Africa
1816,Victoria Singh,Female,49,Standard,South Africa
1817,Tebogo Davis,Male,35,Standard,South Africa
1818,Priya Zulu,Female,62,Platinum,South Africa
1819,Lindiwe Ntuli,Female,59,Silver,UK
1820,Kayla Hughes,Female,62,Standard,South Africa
1821,Thandeka Walker,Female,28,Platinum,UK
1822,Fatima Hassan,Female,61,Silver,UK
1823,Mohammed Govender,Male,24,Platinum,USA
1824,Ayanda Dlamini,Female,34,Gold,USA
1825,Mpho Khan,Male,56,Standard,UK
1826,David Mthembu,Male,28,Standard,UAE
1827,Khalid Evans,Male,27,Standard,USA
1828,Palesa Ndlovu,Female,45,Platinum,South Africa
1829,Arjun Singh,Male,39,Standard,UK
1830,Priya Khan,Female,29,Platinum,UK
1831,Lauren Naidoo,Female,60,Silver,UK
1832,Sandile Lewis,Male,50,Silver,UAE
1833,Palesa Miller,Female,22,Standard,South Africa
1834,Neha Al-Rashid,Female,59,Standard,South Africa
1835,Aisha Khan,Female,31,Silver,UAE
1836,Sipho Smith,Male,52,Standard,UK
1837,Tyler Clarke,Male,29,Silver,UAE
1838,Lauren Johnson,Female,57,Silver,South Africa
1839,Brianna Pillay,Female,37,Silver,USA
1840,Kabelo Khan,Male,54,Silver,South Africa
1841,Grace Pillay,Female,63,Silver,USA
1842,Ahmed Mthembu,Male,39,Standard,UAE
1843,Divya Walker,Female,22,Standard,South Africa
1844,Mpho Dlamini,Male,60,Standard,UK
1845,Mohammed Walker,Male,34,Standard,South Africa
1846,Olivia Brown,Female,51,Standard,South Africa
1847,Nkosi Davis,Male,22,Silver,UK
1848,Thabo Ndlovu,Male,33,Standard,UAE
1849,Sophia Smith,Female,65,Standard,South Africa
1850,Marcus Nkosi,Male,41,Standard,UAE
1851,Elijah Hassan,Male,19,Standard,UK
1852,Lerato Nkosi,Female,44,Standard,UAE
1853,Kabelo Patel,Male,35,Silver,UK
1854,Robert Davis,Male,32,Platinum,UAE
1855,Fatima Lewis,Female,22,Silver,South Africa
1856,Jennifer Mkhize,Female,35,Standard,UK
1857,Ravi Thompson,Male,63,Standard,South Africa
1858,Hannah Wilson,Female,53,Platinum,USA
1859,Ashley Williams,Female,56,Gold,UK
1860,Priya Thompson,Female,44,Gold,South Africa
1861,Jayden Mthembu,Male,22,Standard,UK
1862,Zanele Davies,Female,25,Standard,USA
1863,Jennifer Smith,Female,34,Silver,USA
1864,Robert Davis,Male,42,Gold,UK
1865,Zanele Johnson,Female,22,Standard,USA
1866,Olivia Williams,Female,52,Standard,UK
1867,Brianna Hughes,Female,23,Standard,South Africa
1868,Emily Naidoo,Female,49,Silver,UAE
1869,William Clarke,Male,41,Standard,UK
1870,Zainab Dlamini,Female,52,Standard,USA
1871,Mohammed Lewis,Male,26,Standard,South Africa
1872,Thabo Dlamini,Male,35,Silver,USA
1873,Emily Pillay,Female,28,Standard,South Africa
1874,David Clarke,Male,60,Standard,USA
1875,Brianna Dlamini,Female,59,Standard,UAE
1876,Charlotte Evans,Female,47,Platinum,South Africa
1877,Noah Naidoo,Male,28,Standard,USA
1878,Nkosi Davies,Male,51,Standard,South Africa
1879,David Dlamini,Male,34,Silver,South Africa
1880,Logan Al-Rashid,Male,35,Standard,USA
1881,Mpho Thompson,Male,56,Standard,UAE
1882,Ashley Zulu,Female,45,Standard,USA
1883,Alexis Govender,Female,51,Platinum,UAE
1884,Fatima Hughes,Female,57,Platinum,USA
1885,Nomsa Patel,Female,57,Standard,South Africa
1886,Olivia Al-Rashid,Female,41,Standard,South Africa
1887,Mpho Thompson,Male,61,Standard,South Africa
1888,Emily Patel,Female,36,Platinum,South Africa
1889,Khalid Nkosi,Male,64,Standard,South Africa
1890,Samantha Dlamini,Female,42,Silver,UAE
1891,Olivia Ntuli,Female,61,Silver,UK
1892,Hassan Patel,Male,22,Silver,UAE
1893,Thomas Evans,Male,28,Standard,South Africa
1894,Divya Davis,Female,19,Gold,USA
1895,Aisha Smith,Female,25,Standard,UK
1896,Divya Pillay,Female,27,Silver,UK
1897,Kayla Wilson,Female,52,Silver,USA
1898,Victoria Khumalo,Female,51,Standard,USA
1899,Nkosi Miller,Male,62,Platinum,South Africa
1900,John Mkhize,Male,25,Standard,UAE
1901,Zanele Mkhize,Female,51,Standard,UAE
1902,Kabelo Al-Rashid,Male,61,Standard,UAE
1903,John Walker,Male,60,Standard,USA
1904,Fatima Ntuli,Female,60,Standard,USA
1905,Daniel Hassan,Male,57,Gold,UK
1906,Sandile Naidoo,Male,58,Standard,UAE
1907,Liam Hassan,Male,52,Standard,USA
1908,David Thompson,Male,49,Standard,USA
1909,Lauren Dlamini,Female,44,Gold,UAE
1910,Sophia Walker,Female,41,Standard,South Africa
1911,Divya Wilson,Female,45,Standard,UAE
1912,Hannah Jones,Female,34,Standard,USA
1913,Mpho Pillay,Male,18,Silver,UK
1914,Ravi Williams,Male,23,Standard,UK
1915,Sophia Khumalo,Female,27,Standard,South Africa
1916,Palesa Williams,Female,32,Silver,UK
1917,Samantha Al-Rashid,Female,36,Standard,UK
1918,Logan Pillay,Male,19,Standard,UAE
1919,Priya Williams,Female,37,Standard,UK
1920,Lerato Pillay,Female,21,Silver,South Africa
1921,Divya Thompson,Female,39,Silver,South Africa
1922,Hassan Lewis,Male,57,Gold,UAE
1923,Thandeka Mkhize,Female,32,Gold,UAE
1924,Mpho Mthembu,Male,61,Platinum,USA
1925,Daniel Ndlovu,Male,56,Standard,USA
1926,Divya Mkhize,Female,32,Silver,South Africa
1927,Hassan Nkosi,Male,64,Standard,USA
1928,Mohammed Smith,Male,28,Standard,South Africa
1929,Maryam Clarke,Female,41,Standard,UK
1930,Nomsa Smith,Female,38,Gold,South Africa
1931,Fatima Nkosi,Female,64,Silver,UK
1932,Brandon Lewis,Male,52,Silver,UK
1933,Marcus Walker,Male,31,Silver,UK
1934,Lauren Thompson,Female,58,Standard,South Africa
1935,Ravi Patel,Male,52,Standard,UK
1936,Marcus Davis,Male,57,Standard,UK
1937,Arjun Dlamini,Male,34,Silver,UK
1938,Arjun Ndlovu,Male,33,Standard,UK
1939,Hassan Evans,Male,31,Silver,UK
1940,Themba Smith,Male,28,Standard,South Africa
1941,Ayanda Patel,Female,31,Standard,UAE
1942,Thandeka Mthembu,Female,63,Standard,South Africa
1943,Brianna Jones,Female,31,Gold,USA
1944,Tebogo Hughes,Male,43,Standard,UAE
1945,Kabelo Roberts,Male,31,Silver,South Africa
1946,Arjun Hassan,Male,53,Gold,UK
1947,Brandon Ndlovu,Male,27,Platinum,South Africa
1948,Lauren Davis,Female,39,Standard,South Africa
1949,Elijah Govender,Male,36,Gold,South Africa
1950,Marcus Ntuli,Male,39,Platinum,UK
1951,Victoria Mthembu,Female,31,Standard,UK
1952,Tebogo Johnson,Male,37,Standard,USA
1953,Thomas Clarke,Male,26,Silver,UK
1954,John Ntuli,Male,53,Standard,USA
1955,Samantha Clarke,Female,50,Standard,South Africa
1956,Arjun Hassan,Male,43,Standard,South Africa
1957,Kayla Govender,Female,24,Standard,UAE
1958,Marcus Wilson,Male,34,Standard,South Africa
1959,Marcus Johnson,Male,37,Silver,USA
1960,Lauren Smith,Female,40,Standard,USA
1961,Lindiwe Singh,Female,38,Platinum,UAE
1962,Emma Brown,Female,65,Silver,UK
1963,Ashley Evans,Female,53,Standard,UK
1964,William Williams,Male,37,Gold,USA
1965,Madison Smith,Female,24,Gold,USA
1966,Ravi Nkosi,Male,26,Gold,South Africa
1967,Tebogo Mthembu,Male,45,Platinum,UAE
1968,Zanele Roberts,Female,55,Silver,South Africa
1969,Tyler Ntuli,Male,51,Silver,South Africa
1970,Jennifer Govender,Female,34,Platinum,USA
1971,Maryam Johnson,Female,62,Standard,UK
1972,Tyler Zulu,Male,61,Silver,South Africa
1973,Grace Walker,Female,55,Standard,UAE
1974,Robert Hassan,Male,35,Silver,UK
1975,Madison Ndlovu,Female,37,Standard,South Africa
1976,Lindiwe Johnson,Female,58,Standard,UK
1977,Nkosi Ndlovu,Male,64,Gold,South Africa
1978,James Smith,Male,40,Standard,USA
1979,Brianna Khumalo,Female,58,Standard,UK
1980,William Walker,Male,31,Standard,South Africa
1981,Thandeka Evans,Female,55,Standard,USA
1982,Thabo Dlamini,Male,55,Standard,UAE
1983,Thabo Khumalo,Male,49,Silver,South Africa
1984,Lindiwe Khumalo,Female,49,Standard,UAE
1985,Logan Ntuli,Male,18,Standard,South Africa
1986,Kayla Davies,Female,18,Silver,South Africa
1987,Lauren Nkosi,Female,19,Standard,USA
1988,William Pillay,Male,47,Standard,South Africa
1989,Daniel Brown,Male,53,Gold,UK
1990,Kabelo Govender,Male,21,Silver,USA
1991,Tebogo Brown,Male,33,Platinum,UAE
1992,Neha Brown,Female,46,Standard,UAE
1993,Nomsa Miller,Female,34,Standard,South Africa
1994,Divya Zulu,Female,31,Silver,USA
1995,Kabelo Ndlovu,Male,41,Standard,South Africa
1996,Lauren Patel,Female,60,Silver,South Africa
1997,Vikram Zulu,Male,23,Silver,South Africa
1998,Elijah Al-Rashid,Male,63,Standard,USA
1999,Olivia Nkosi,Female,31,Standard,South Africa
2000,Hannah Clarke,Female,30,Standard,South Africa
2001,James Naidoo,Male,41,Standard,South Africa
2002,Sandile Dlamini,Male,65,Standard,UK
2003,Victoria Thompson,Female,38,Standard,UAE
2004,Logan Brown,Male,57,Standard,UK
2005,Aisha Thompson,Female,19,Platinum,South Africa
2006,Priya Patel,Female,25,Standard,South Africa
2007,Lauren Brown,Female,46,Standard,South Africa
2008,Mohammed Thompson,Male,64,Platinum,UAE
2009,Fatima Jones,Female,43,Standard,UAE
2010,Yusuf Davis,Male,44,Standard,USA
2011,Mpho Davis,Male,62,Standard,South Africa
2012,Zainab Davies,Female,45,Standard,South Africa
2013,Brandon Lewis,Male,42,Gold,South Africa
2014,Jayden Khumalo,Male,44,Platinum,UK
2015,Charlotte Davis,Female,44,Silver,UAE
2016,Ahmed Nkosi,Male,49,Platinum,UK
2017,Neha Ntuli,Female,63,Platinum,South Africa
2018,Brianna Smith,Female,46,Standard,UAE
2019,Thabo Williams,Male,34,Platinum,USA
2020,Zainab Nkosi,Female,31,Standard,UAE
2021,Arjun Al-Rashid,Male,44,Standard,South Africa
2022,Jennifer Mthembu,Female,33,Standard,UK
2023,Victoria Walker,Female,62,Silver,UK
2024,Arjun Wilson,Male,23,Gold,UAE
2025,Robert Nkosi,Male,52,Silver,USA
2026,Lerato Patel,Female,34,Standard,South Africa
2027,Vikram Ntuli,Male,54,Gold,UK
2028,Hassan Mkhize,Male,27,Standard,South Africa
2029,Emily Brown,Female,57,Standard,South Africa
2030,Thandeka Ndlovu,Female,46,Standard,UAE
2031,Thomas Brown,Male,51,Silver,UAE
2032,Khalid Johnson,Male,20,Silver,South Africa
2033,Thabo Williams,Male,55,Gold,South Africa
2034,James Mthembu,Male,55,Standard,South Africa
2035,Kayla Hughes,Female,22,Gold,South Africa
2036,Aisha Davies,Female,62,Silver,UAE
2037,Nkosi Hughes,Male,42,Standard,South Africa
2038,Arjun Roberts,Male,24,Silver,UK
2039,Sipho Brown,Male,34,Gold,UAE
2040,Zanele Roberts,Female,57,Standard,USA
2041,Mohammed Ntuli,Male,23,Silver,UK
2042,Ayanda Lewis,Female,25,Silver,South Africa
2043,Charlotte Ntuli,Female,42,Standard,UAE
2044,Yusuf Khumalo,Male,54,Standard,South Africa
2045,Hannah Naidoo,Female,64,Standard,South Africa
2046,Divya Mthembu,Female,63,Silver,UAE
2047,Hannah Govender,Female,19,Standard,UAE
2048,Samantha Mkhize,Female,19,Silver,UAE
2049,Samantha Lewis,Female,23,Standard,USA
2050,Brianna Pillay,Female,46,Silver,UK
2051,James Johnson,Male,43,Standard,South Africa
2052,Palesa Mthembu,Female,21,Silver,UK
2053,Nkosi Davis,Male,19,Standard,UK
2054,Logan Singh,Male,28,Standard,USA
2055,Jennifer Smith,Female,61,Gold,UK
2056,Tebogo Brown,Male,37,Standard,UAE
2057,Priya Govender,Female,61,Standard,South Africa
2058,Tyler Hughes,Male,36,Standard,UK
2059,Sipho Mkhize,Male,22,Standard,UK
2060,Marcus Singh,Male,19,Standard,South Africa
2061,Lerato Clarke,Female,18,Standard,South Africa
2062,Samantha Khumalo,Female,26,Standard,USA
2063,Ashley Zulu,Female,55,Gold,USA
2064,Lauren Brown,Female,31,Silver,UAE
2065,Priya Zulu,Female,20,Silver,USA
2066,Ravi Pillay,Male,45,Gold,USA
2067,Arjun Evans,Male,24,Silver,UK
2068,Ashley Mkhize,Female,28,Standard,South Africa
2069,Sipho Walker,Male,41,Standard,UK
2070,John Williams,Male,22,Standard,South Africa
2071,Nomsa Miller,Female,34,Standard,South Africa
2072,Ahmed Dlamini,Male,24,Standard,South Africa
2073,Daniel Khumalo,Male,63,Standard,South Africa
2074,William Zulu,Male,33,Standard,UAE
2075,Elijah Pillay,Male,60,Silver,South Africa
2076,Thandeka Wilson,Female,29,Gold,South Africa
2077,Brianna Clarke,Female,40,Standard,USA
2078,Hassan Ntuli,Male,54,Gold,UK
2079,Grace Walker,Female,48,Standard,UK
2080,Madison Jones,Female,33,Standard,UK
2081,Thandeka Khan,Female,49,Standard,USA
2082,Palesa Lewis,Female,22,Platinum,South Africa
2083,Neha Ntuli,Female,58,Standard,South Africa
2084,Emily Govender,Female,43,Standard,UK
2085,Sandile Nkosi,Male,38,Standard,South Africa
2086,Lerato Jones,Female,22,Standard,UAE
2087,Priya Miller,Female,63,Standard,South Africa
2088,Mpho Khumalo,Male,24,Standard,South Africa
2089,Samantha Williams,Female,24,Standard,UK
2090,Thomas Hughes,Male,32,Standard,UK
2091,Daniel Johnson,Male,50,Gold,UAE
2092,Sipho Williams,Male,22,Standard,UK
2093,Hassan Walker,Male,64,Standard,USA
2094,Anisha Govender,Female,62,Standard,UK
2095,Ahmed Govender,Male,53,Silver,South Africa
2096,Liam Al-Rashid,Male,56,Silver,South Africa
2097,Yusuf Govender,Male,48,Silver,South Africa
2098,Ashley Miller,Female,34,Standard,South Africa
2099,Divya Mthembu,Female,22,Standard,USA
2100,Anisha Nkosi,Female,54,Gold,South Africa
2101,Emma Davis,Female,40,Gold,UAE
2102,Khalid Singh,Male,31,Standard,UAE
2103,Sandile Evans,Male,37,Silver,USA
2104,Omar Miller,Male,55,Silver,UAE
2105,Charlotte Miller,Female,21,Standard,UAE
2106,Neha Mthembu,Female,36,Gold,USA
2107,Priya Lewis,Female,50,Standard,USA
2108,Thabo Zulu,Male,30,Silver,South Africa
2109,Anisha Brown,Female,21,Platinum,South Africa
2110,Mpho Smith,Male,52,Standard,USA
2111,Emily Patel,Female,60,Standard,UK
2112,John Hassan,Male,43,Standard,UAE
2113,Olivia Davis,Female,32,Standard,South Africa
2114,Ravi Smith,Male,21,Standard,USA
2115,Aisha Hughes,Female,56,Standard,USA
2116,Elijah Walker,Male,41,Silver,USA
2117,Olivia Zulu,Female,61,Gold,USA
2118,Fatima Jones,Female,49,Gold,South Africa
2119,Brandon Khumalo,Male,47,Platinum,South Africa
2120,Nomsa Clarke,Female,46,Standard,UK
2121,Ashley Jones,Female,30,Gold,UAE
2122,Ravi Naidoo,Male,20,Platinum,UK
2123,Brandon Naidoo,Male,53,Standard,UAE
2124,Hannah Lewis,Female,29,Silver,UAE
2125,Ashley Wilson,Female,40,Gold,South Africa
2126,Madison Thompson,Female,19,Silver,UAE
2127,Palesa Thompson,Female,24,Silver,South Africa
2128,Emma Ntuli,Female,35,Standard,South Africa
2129,Olivia Naidoo,Female,21,Standard,South Africa
2130,Michael Govender,Male,41,Standard,UAE
2131,Lindiwe Smith,Female,47,Silver,UAE
2132,Ashley Davies,Female,44,Standard,UK
2133,Thandeka Lewis,Female,54,Silver,UAE
2134,Arjun Nkosi,Male,34,Platinum,South Africa
2135,Marcus Jones,Male,43,Standard,USA
2136,Nomsa Khumalo,Female,40,Standard,South Africa
2137,Noah Hassan,Male,30,Silver,South Africa
2138,David Walker,Male,19,Standard,South Africa
2139,Priya Brown,Female,52,Standard,USA
2140,Nkosi Johnson,Male,38,Silver,USA
2141,Jennifer Mthembu,Female,60,Gold,UK
2142,Zanele Ndlovu,Female,26,Silver,USA
2143,Hannah Brown,Female,52,Gold,USA
2144,Logan Jones,Male,32,Silver,UAE
2145,Nkosi Walker,Male,42,Gold,UK
2146,Emily Lewis,Female,47,Silver,UAE
2147,Nkosi Hughes,Male,50,Standard,South Africa
2148,Mpho Roberts,Male,60,Silver,South Africa
2149,Logan Williams,Male,61,Standard,UAE
2150,Brandon Zulu,Male,36,Standard,South Africa
2151,Victoria Jones,Female,52,Standard,South Africa
2152,Anisha Evans,Female,42,Standard,South Africa
2153,Sipho Thompson,Male,37,Platinum,UK
2154,Fatima Brown,Female,65,Silver,South Africa
2155,Charlotte Dlamini,Female,29,Standard,South Africa
2156,Jayden Clarke,Male,31,Standard,South Africa
2157,Maryam Davis,Female,27,Standard,UK
2158,Nkosi Khumalo,Male,48,Standard,UAE
2159,James Govender,Male,59,Silver,UK
2160,Vikram Khumalo,Male,18,Standard,UAE
2161,Palesa Mkhize,Female,47,Silver,South Africa
2162,Nkosi Thompson,Male,41,Standard,South Africa
2163,Lauren Singh,Female,63,Standard,UK
2164,Lauren Davis,Female,26,Standard,USA
2165,John Smith,Male,59,Silver,South Africa
2166,Ahmed Nkosi,Male,45,Platinum,South Africa
2167,Olivia Clarke,Female,21,Standard,South Africa
2168,Mpho Davies,Male,53,Platinum,USA
2169,James Brown,Male,54,Standard,South Africa
2170,Tyler Hassan,Male,40,Standard,USA
2171,Sipho Evans,Male,64,Standard,South Africa
2172,John Pillay,Male,20,Standard,South Africa
2173,Busisiwe Ntuli,Female,57,Platinum,South Africa
2174,Fatima Johnson,Female,25,Silver,USA
2175,Brandon Miller,Male,53,Gold,USA
2176,Palesa Hassan,Female,62,Silver,UK
2177,Daniel Evans,Male,22,Standard,South Africa
2178,Nomsa Davis,Female,31,Standard,UAE
2179,Ashley Williams,Female,23,Standard,South Africa
2180,Ashley Jones,Female,23,Standard,USA
2181,Anisha Mkhize,Female,29,Standard,South Africa
2182,Thomas Smith,Male,20,Platinum,South Africa
2183,Sipho Naidoo,Male,65,Standard,South Africa
2184,Zanele Singh,Female,49,Silver,South Africa
2185,David Pillay,Male,59,Standard,UK
2186,Palesa Khumalo,Female,38,Standard,UAE
2187,Mpho Brown,Male,35,Standard,UK
2188,Fatima Brown,Female,54,Standard,UAE
2189,Thabo Wilson,Male,21,Silver,UK
2190,Charlotte Ndlovu,Female,27,Silver,UAE
2191,Brandon Hassan,Male,48,Standard,UAE
2192,Omar Mkhize,Male,34,Silver,South Africa
2193,Olivia Khan,Female,28,Standard,UK
2194,Lindiwe Thompson,Female,21,Gold,South Africa
2195,Madison Nkosi,Female,26,Standard,UK
2196,Logan Clarke,Male,62,Standard,UK
2197,Marcus Ntuli,Male,46,Gold,UAE
2198,Nomsa Johnson,Female,45,Standard,UK
2199,Lauren Zulu,Female,56,Gold,UAE
2200,Thabo Hassan,Male,41,Gold,South Africa
2201,Anisha Naidoo,Female,54,Standard,USA
2202,Maryam Williams,Female,37,Silver,USA
2203,Hassan Johnson,Male,29,Gold,South Africa
2204,Khalid Davies,Male,65,Gold,USA
2205,Tyler Nkosi,Male,40,Silver,UK
2206,Liam Singh,Male,62,Standard,UK
2207,Zainab Naidoo,Female,18,Silver,UK
2208,Mpho Khumalo,Male,39,Gold,UAE
2209,Tebogo Govender,Male,33,Standard,UK
2210,Ayanda Singh,Female,48,Standard,South Africa
2211,Alexis Smith,Female,28,Standard,UAE
2212,Ravi Roberts,Male,34,Silver,South Africa
2213,Fatima Pillay,Female,63,Silver,USA
2214,Aisha Patel,Female,28,Standard,USA
2215,Sandile Evans,Male,39,Silver,South Africa
2216,Neha Ntuli,Female,51,Standard,USA
2217,Ahmed Johnson,Male,54,Standard,South Africa
2218,Vikram Davis,Male,19,Gold,South Africa
2219,Zainab Jones,Female,24,Platinum,UAE
2220,Mpho Singh,Male,43,Standard,UAE
2221,Olivia Clarke,Female,59,Standard,UK
2222,Michael Al-Rashid,Male,48,Silver,South Africa
2223,Lerato Al-Rashid,Female,33,Standard,South Africa
2224,Kabelo Khan,Male,21,Gold,USA
2225,Logan Pillay,Male,34,Standard,UAE
2226,Charlotte Wilson,Female,33,Silver,South Africa
2227,Omar Davis,Male,48,Standard,South Africa
2228,Marcus Roberts,Male,59,Gold,USA
2229,Fatima Khumalo,Female,36,Standard,South Africa
2230,Priya Govender,Female,46,Gold,UAE
2231,Ravi Khumalo,Male,47,Standard,UK
2232,Noah Smith,Male,19,Standard,South Africa
2233,Samantha Miller,Female,28,Platinum,USA
2234,Michael Govender,Male,42,Standard,South Africa
2235,Kayla Nkosi,Female,37,Standard,South Africa
2236,Kabelo Davis,Male,19,Standard,USA
2237,Busisiwe Singh,Female,64,Standard,USA
2238,Noah Hassan,Male,58,Standard,USA
2239,Priya Nkosi,Female,31,Silver,USA
2240,Nkosi Zulu,Male,59,Standard,South Africa
2241,Logan Johnson,Male,56,Gold,UK
2242,Ravi Thompson,Male,21,Gold,South Africa
2243,Madison Zulu,Female,62,Platinum,UK
2244,Ravi Naidoo,Male,48,Standard,USA
2245,Ashley Govender,Female,26,Gold,South Africa
2246,Tebogo Miller,Male,57,Standard,USA
2247,Zanele Smith,Female,53,Standard,South Africa
2248,Grace Thompson,Female,32,Standard,USA
2249,Liam Clarke,Male,34,Gold,South Africa
2250,Mohammed Evans,Male,32,Silver,South Africa
2251,Kabelo Dlamini,Male,34,Standard,USA
2252,Charlotte Hassan,Female,57,Standard,USA
2253,Jayden Clarke,Male,40,Standard,USA
2254,Fatima Mkhize,Female,57,Silver,South Africa
2255,Victoria Brown,Female,36,Silver,South Africa
2256,Sandile Hassan,Male,54,Gold,UK
2257,Emma Jones,Female,33,Standard,USA
2258,Daniel Ntuli,Male,57,Gold,UAE
2259,Thomas Naidoo,Male,44,Platinum,South Africa
2260,Sophia Singh,Female,31,Standard,UAE
2261,Divya Singh,Female,48,Gold,UAE
2262,Busisiwe Evans,Female,52,Platinum,USA
2263,Marcus Davis,Male,50,Silver,USA
2264,Sophia Ndlovu,Female,22,Standard,South Africa
2265,Kabelo Govender,Male,23,Gold,UAE
2266,Logan Walker,Male,50,Standard,South Africa
2267,Mohammed Walker,Male,47,Silver,UAE
2268,Ashley Jones,Female,62,Gold,South Africa
2269,Kabelo Govender,Male,49,Standard,UK
2270,Michael Govender,Male,28,Silver,South Africa
2271,Hannah Davies,Female,47,Standard,UK
2272,William Govender,Male,57,Platinum,USA
2273,Sandile Mkhize,Male,38,Standard,South Africa
2274,Palesa Hughes,Female,48,Standard,USA
2275,Tebogo Mkhize,Male,51,Standard,South Africa
2276,Victoria Patel,Female,37,Gold,UK
2277,Priya Naidoo,Female,24,Standard,UAE
2278,Nomsa Wilson,Female,47,Silver,USA
2279,Mpho Zulu,Male,63,Silver,South Africa
2280,Nomsa Miller,Female,37,Standard,UK
2281,Mpho Williams,Male,41,Standard,UAE
2282,Emily Mthembu,Female,50,Standard,UAE
2283,Divya Govender,Female,32,Silver,UK
2284,James Walker,Male,59,Standard,UAE
2285,Kayla Nkosi,Female,44,Gold,South Africa
2286,Palesa Hughes,Female,65,Standard,UAE
2287,Zainab Brown,Female,42,Standard,USA
2288,Alexis Smith,Female,36,Silver,South Africa
2289,Ravi Johnson,Male,56,Standard,South Africa
2290,Mpho Nkosi,Male,53,Standard,USA
2291,Mpho Lewis,Male,64,Standard,UK
2292,Kayla Naidoo,Female,58,Platinum,South Africa
2293,Marcus Walker,Male,62,Platinum,USA
2294,Thandeka Davis,Female,51,Standard,South Africa
2295,Brianna Hughes,Female,37,Standard,UAE
2296,Divya Patel,Female,57,Standard,UK
2297,Emily Mthembu,Female,27,Gold,UAE
2298,Thandeka Khumalo,Female,60,Standard,South Africa
2299,Marcus Smith,Male,24,Platinum,USA
2300,Nkosi Hassan,Male,18,Silver,USA
2301,Arjun Smith,Male,27,Silver,UK
2302,Thandeka Johnson,Female,44,Gold,South Africa
2303,Maryam Govender,Female,58,Silver,USA
2304,David Naidoo,Male,47,Silver,South Africa
2305,Tyler Davies,Male,64,Gold,UAE
2306,Brandon Miller,Male,65,Silver,UK
2307,William Pillay,Male,22,Standard,UAE
2308,Palesa Hughes,Female,19,Standard,UK
2309,Daniel Mkhize,Male,24,Gold,UAE
2310,Thomas Williams,Male,24,Silver,UK
2311,Mohammed Khumalo,Male,21,Standard,UK
2312,Robert Jones,Male,51,Gold,South Africa
2313,Victoria Miller,Female,37,Standard,UAE
2314,Nkosi Singh,Male,29,Standard,South Africa
2315,Lauren Brown,Female,20,Platinum,UK
2316,Grace Patel,Female,37,Silver,UAE
2317,Marcus Zulu,Male,49,Silver,UK
2318,Mpho Pillay,Male,35,Standard,USA
2319,Sophia Ndlovu,Female,36,Gold,UK
2320,Samantha Mthembu,Female,54,Silver,USA
2321,Omar Khumalo,Male,20,Gold,UAE
2322,Liam Davis,Male,53,Gold,UK
2323,Hassan Roberts,Male,48,Gold,South Africa
2324,Vikram Pillay,Male,30,Standard,UAE
2325,James Evans,Male,46,Silver,South Africa
2326,Tebogo Zulu,Male,52,Silver,South Africa
2327,Yusuf Walker,Male,24,Gold,UK
2328,Tyler Pillay,Male,21,Gold,UAE
2329,Ravi Al-Rashid,Male,40,Standard,UK
2330,Nomsa Naidoo,Female,24,Silver,South Africa
2331,Mpho Al-Rashid,Male,26,Standard,UAE
2332,Tebogo Ntuli,Male,52,Silver,South Africa
2333,Nkosi Hassan,Male,36,Standard,UAE
2334,Samantha Brown,Female,59,Standard,South Africa
2335,Marcus Govender,Male,18,Standard,USA
2336,Aisha Govender,Female,30,Silver,UAE
2337,Hannah Patel,Female,37,Standard,UK
2338,Fatima Mkhize,Female,44,Silver,South Africa
2339,Daniel Evans,Male,22,Silver,UAE
2340,Maryam Evans,Female,43,Silver,UK
2341,Charlotte Smith,Female,56,Standard,UAE
2342,Marcus Patel,Male,57,Standard,UK
2343,Jayden Clarke,Male,59,Standard,USA
2344,Victoria Khumalo,Female,23,Gold,South Africa
2345,Busisiwe Clarke,Female,20,Standard,UAE
2346,William Govender,Male,46,Standard,South Africa
2347,Lindiwe Miller,Female,39,Standard,South Africa
2348,Tyler Evans,Male,36,Standard,South Africa
2349,Nkosi Khan,Male,59,Standard,UAE
2350,Zainab Al-Rashid,Female,33,Silver,South Africa
2351,Brandon Naidoo,Male,40,Silver,UK
2352,Anisha Mkhize,Female,28,Silver,UAE
2353,Lerato Naidoo,Female,38,Gold,UK
2354,Nkosi Evans,Male,43,Standard,UAE
2355,Noah Lewis,Male,39,Silver,South Africa
2356,Kabelo Al-Rashid,Male,33,Silver,UAE
2357,Nkosi Naidoo,Male,37,Standard,South Africa
2358,Palesa Thompson,Female,31,Gold,South Africa
2359,Thomas Ntuli,Male,56,Standard,South Africa
2360,Thabo Roberts,Male,23,Standard,South Africa
2361,Emily Hassan,Female,21,Standard,South Africa
2362,Kayla Ntuli,Female,28,Silver,South Africa
2363,Hannah Naidoo,Female,28,Standard,South Africa
2364,Kabelo Davis,Male,20,Gold,South Africa
2365,Themba Mthembu,Male,33,Standard,UK
2366,Omar Dlamini,Male,62,Silver,South Africa
2367,Grace Mthembu,Female,43,Gold,USA
2368,Kayla Thompson,Female,48,Silver,UK
2369,Zainab Hassan,Female,58,Standard,South Africa
2370,Victoria Clarke,Female,46,Silver,USA
2371,Robert Pillay,Male,47,Silver,South Africa
2372,Anisha Smith,Female,54,Silver,USA
2373,Arjun Davies,Male,54,Standard,South Africa
2374,Zanele Davies,Female,23,Standard,UK
2375,Madison Roberts,Female,42,Standard,UAE
2376,Thandeka Johnson,Female,56,Gold,UK
2377,Themba Jones,Male,54,Silver,UAE
2378,Hassan Al-Rashid,Male,51,Standard,UAE
2379,Tyler Khumalo,Male,30,Gold,South Africa
2380,Omar Govender,Male,30,Standard,South Africa
2381,Busisiwe Dlamini,Female,54,Standard,South Africa
2382,Maryam Ntuli,Female,47,Gold,UAE
2383,Alexis Govender,Female,57,Standard,South Africa
2384,Mpho Wilson,Male,22,Silver,South Africa
2385,Vikram Thompson,Male,44,Gold,UK
2386,Ayanda Patel,Female,41,Silver,UAE
2387,Hannah Khumalo,Female,29,Standard,South Africa
2388,Nkosi Evans,Male,45,Standard,UAE
2389,John Mkhize,Male,58,Standard,South Africa
2390,Grace Davies,Female,31,Silver,USA
2391,John Brown,Male,42,Silver,UK
2392,Hassan Ntuli,Male,42,Silver,UK
2393,William Williams,Male,54,Standard,UAE
2394,Sophia Davies,Female,41,Platinum,South Africa
2395,Elijah Govender,Male,37,Silver,USA
2396,Robert Khan,Male,41,Standard,South Africa
2397,Palesa Zulu,Female,48,Gold,UAE
2398,Vikram Miller,Male,48,Standard,South Africa
2399,Marcus Williams,Male,50,Standard,UAE
2400,Khalid Roberts,Male,44,Standard,South Africa
2401,Hassan Jones,Male,61,Silver,South Africa
2402,Hassan Ndlovu,Male,38,Gold,UAE
2403,Elijah Pillay,Male,23,Standard,UAE
2404,Emma Johnson,Female,48,Standard,South Africa
2405,Lindiwe Ndlovu,Female,21,Silver,South Africa
2406,Arjun Walker,Male,56,Standard,South Africa
2407,Mohammed Dlamini,Male,61,Silver,USA
2408,Hassan Mkhize,Male,56,Silver,South Africa
2409,Zainab Singh,Female,33,Silver,UAE
2410,Logan Ndlovu,Male,27,Standard,UK
2411,Robert Roberts,Male,32,Standard,UAE
2412,Michael Mkhize,Male,25,Platinum,South Africa
2413,Daniel Dlamini,Male,43,Standard,South Africa
2414,Busisiwe Davis,Female,44,Standard,South Africa
2415,Elijah Patel,Male,20,Standard,USA
2416,Madison Khan,Female,18,Gold,UAE
2417,Zanele Roberts,Female,38,Standard,UAE
2418,Emily Ntuli,Female,60,Silver,South Africa
2419,Hassan Naidoo,Male,23,Gold,South Africa
2420,John Williams,Male,30,Gold,UAE
2421,William Hughes,Male,46,Gold,South Africa
2422,Ayanda Khumalo,Female,23,Standard,South Africa
2423,Ahmed Roberts,Male,64,Gold,South Africa
2424,Hannah Ndlovu,Female,48,Silver,UAE
2425,Khalid Miller,Male,38,Standard,USA
2426,Michael Singh,Male,32,Standard,UK
2427,Yusuf Davis,Male,40,Standard,UAE
2428,Vikram Jones,Male,40,Standard,South Africa
2429,Logan Nkosi,Male,54,Gold,UK
2430,John Mkhize,Male,46,Silver,UAE
2431,Lindiwe Pillay,Female,24,Gold,UAE
2432,Mohammed Mthembu,Male,62,Silver,South Africa
2433,Ayanda Al-Rashid,Female,54,Silver,UK
2434,Nomsa Williams,Female,40,Silver,UK
2435,Elijah Hassan,Male,27,Gold,USA
2436,Noah Mkhize,Male,42,Standard,USA
2437,Sophia Khumalo,Female,39,Silver,South Africa
2438,Daniel Davis,Male,62,Standard,UK
2439,Omar Mkhize,Male,18,Standard,UK
2440,Charlotte Ntuli,Female,50,Standard,South Africa
2441,Neha Naidoo,Female,33,Standard,UAE
2442,Khalid Davis,Male,40,Standard,UK
2443,Ravi Davies,Male,18,Standard,USA
2444,David Johnson,Male,32,Standard,South Africa
2445,Khalid Hughes,Male,39,Standard,South Africa
2446,Robert Zulu,Male,46,Standard,UAE
2447,Tebogo Ndlovu,Male,35,Standard,USA
2448,Yusuf Johnson,Male,30,Gold,South Africa
2449,Tebogo Evans,Male,47,Standard,South Africa
2450,Logan Davies,Male,44,Standard,USA
2451,Ravi Nkosi,Male,35,Platinum,South Africa
2452,Nkosi Clarke,Male,51,Standard,UK
2453,Hannah Roberts,Female,32,Standard,UAE
2454,Yusuf Roberts,Male,46,Standard,UAE
2455,Daniel Miller,Male,32,Standard,South Africa
2456,Ahmed Ntuli,Male,29,Standard,UK
2457,Robert Walker,Male,64,Standard,South Africa
2458,Themba Singh,Male,23,Gold,South Africa
2459,Mohammed Mkhize,Male,19,Silver,USA
2460,Nomsa Wilson,Female,41,Silver,UK
2461,Thomas Walker,Male,21,Platinum,UK
2462,Kayla Nkosi,Female,42,Silver,UK
2463,Emma Miller,Female,55,Silver,South Africa
2464,Victoria Lewis,Female,57,Standard,UK
2465,Ahmed Davis,Male,24,Gold,South Africa
2466,Noah Khan,Male,41,Silver,USA
2467,Jennifer Dlamini,Female,59,Standard,USA
2468,Logan Lewis,Male,42,Standard,South Africa
2469,Omar Roberts,Male,28,Silver,UAE
2470,William Jones,Male,27,Standard,South Africa
2471,Robert Thompson,Male,34,Gold,UK
2472,James Govender,Male,53,Gold,South Africa
2473,Marcus Patel,Male,39,Gold,South Africa
2474,Hassan Khumalo,Male,56,Gold,UK
2475,Noah Davis,Male,53,Gold,South Africa
2476,Kabelo Davis,Male,44,Silver,USA
2477,Charlotte Johnson,Female,50,Standard,UK
2478,Palesa Jones,Female,50,Standard,South Africa
2479,Victoria Williams,Female,48,Silver,South Africa
2480,Grace Williams,Female,23,Silver,South Africa
2481,Emily Johnson,Female,19,Standard,South Africa
2482,Jennifer Hughes,Female,21,Standard,UAE
2483,Jennifer Wilson,Female,65,Standard,UK
2484,Nomsa Mkhize,Female,63,Standard,South Africa
2485,Emma Patel,Female,39,Standard,USA
2486,Noah Clarke,Male,37,Standard,USA
2487,Kabelo Ndlovu,Male,45,Platinum,USA
2488,Charlotte Evans,Female,64,Platinum,USA
2489,Anisha Al-Rashid,Female,44,Silver,South Africa
2490,Zainab Mkhize,Female,31,Standard,South Africa
2491,Hannah Davis,Female,52,Gold,USA
2492,Nkosi Hughes,Male,43,Standard,UAE
2493,Liam Wilson,Male,55,Silver,UK
2494,Nkosi Lewis,Male,38,Standard,South Africa
2495,Ravi Evans,Male,52,Silver,UAE
2496,Yusuf Thompson,Male,56,Standard,UAE
2497,Sipho Clarke,Male,19,Silver,South Africa
2498,Fatima Roberts,Female,62,Silver,UAE
2499,Michael Lewis,Male,61,Gold,UAE
2500,Marcus Lewis,Male,50,Silver,UAE
2501,Emma Pillay,Female,43,Silver,UAE
2502,Michael Dlamini,Male,35,Platinum,USA
2503,Elijah Mthembu,Male,49,Platinum,USA
2504,Neha Govender,Female,18,Standard,UAE
2505,Mohammed Khan,Male,55,Standard,South Africa
2506,Aisha Johnson,Female,36,Standard,South Africa
2507,Lindiwe Hassan,Female,43,Gold,UAE
2508,Maryam Clarke,Female,24,Standard,UK
2509,Priya Mthembu,Female,25,Gold,South Africa
2510,Hassan Dlamini,Male,19,Silver,USA
2511,Kabelo Jones,Male,36,Standard,South Africa
2512,Maryam Evans,Female,46,Standard,USA
2513,Fatima Wilson,Female,27,Platinum,South Africa
2514,Madison Lewis,Female,18,Standard,South Africa
2515,Arjun Ntuli,Male,43,Standard,USA
2516,Emily Davis,Female,49,Platinum,UAE
2517,Khalid Khan,Male,63,Gold,UK
2518,Sandile Dlamini,Male,51,Standard,UK
2519,Fatima Khumalo,Female,59,Silver,UAE
2520,Yusuf Dlamini,Male,64,Silver,South Africa
2521,Liam Clarke,Male,53,Standard,South Africa
2522,Emma Lewis,Female,39,Standard,UK
2523,James Nkosi,Male,24,Standard,UAE
2524,James Jones,Male,42,Standard,USA
2525,Sipho Walker,Male,61,Standard,UAE
2526,Jennifer Smith,Female,57,Gold,UAE
2527,Emily Walker,Female,55,Standard,South Africa
2528,James Brown,Male,45,Standard,USA
2529,Aisha Wilson,Female,21,Standard,UK
2530,Hassan Brown,Male,57,Standard,UK
2531,Divya Smith,Female,30,Standard,South Africa
2532,Aisha Roberts,Female,47,Gold,USA
2533,Kabelo Hughes,Male,28,Silver,South Africa
2534,Mohammed Davies,Male,42,Standard,South Africa
2535,Elijah Al-Rashid,Male,29,Silver,UK
2536,Nomsa Singh,Female,37,Gold,UK
2537,Madison Hassan,Female,36,Standard,South Africa
2538,Sipho Zulu,Male,46,Standard,UK
2539,Sipho Dlamini,Male,53,Silver,UAE
2540,Sandile Johnson,Male,58,Silver,UAE
2541,Ashley Ndlovu,Female,65,Standard,UK
2542,Elijah Lewis,Male,63,Standard,South Africa
2543,Tyler Pillay,Male,55,Silver,South Africa
2544,Yusuf Davies,Male,51,Standard,South Africa
2545,Omar Mkhize,Male,55,Standard,South Africa
2546,Thandeka Singh,Female,23,Standard,South Africa
2547,Hannah Dlamini,Female,33,Standard,USA
2548,James Dlamini,Male,30,Standard,South Africa
2549,Omar Miller,Male,40,Gold,South Africa
2550,Neha Nkosi,Female,63,Standard,South Africa
2551,Mohammed Hughes,Male,27,Standard,South Africa
2552,David Mthembu,Male,38,Standard,USA
2553,Ravi Govender,Male,65,Silver,South Africa
2554,Jayden Mkhize,Male,20,Silver,USA
2555,Sophia Walker,Female,52,Standard,UK
2556,Michael Miller,Male,29,Gold,UAE
2557,Elijah Naidoo,Male,30,Platinum,UK
2558,Khalid Thompson,Male,52,Standard,South Africa
2559,Marcus Khan,Male,53,Standard,UAE
2560,Alexis Hassan,Female,65,Standard,UK
2561,Olivia Nkosi,Female,54,Standard,USA
2562,Tebogo Ndlovu,Male,46,Gold,USA
2563,Ashley Zulu,Female,20,Standard,UAE
2564,Sandile Williams,Male,28,Silver,UK
2565,Fatima Nkosi,Female,47,Gold,South Africa
2566,Anisha Smith,Female,20,Standard,UAE
2567,Arjun Smith,Male,44,Standard,South Africa
2568,Maryam Evans,Female,60,Silver,South Africa
2569,Ayanda Evans,Female,36,Platinum,South Africa
2570,Charlotte Singh,Female,40,Silver,USA
2571,Thabo Clarke,Male,48,Standard,South Africa
2572,Daniel Pillay,Male,64,Standard,UAE
2573,Themba Wilson,Male,65,Platinum,South Africa
2574,Emma Miller,Female,22,Standard,South Africa
2575,Mohammed Johnson,Male,50,Silver,USA
2576,Grace Khan,Female,20,Standard,UAE
2577,Aisha Dlamini,Female,32,Standard,South Africa
2578,Robert Thompson,Male,30,Standard,South Africa
2579,Yusuf Smith,Male,65,Silver,USA
2580,Victoria Thompson,Female,31,Standard,UK
2581,Thabo Evans,Male,55,Standard,South Africa
2582,Maryam Brown,Female,65,Gold,USA
2583,James Mkhize,Male,18,Standard,South Africa
2584,Khalid Jones,Male,58,Silver,UK
2585,Marcus Williams,Male,28,Standard,UAE
2586,Hassan Williams,Male,54,Silver,UK
2587,Tebogo Smith,Male,23,Silver,South Africa
2588,Michael Singh,Male,58,Standard,USA
2589,Aisha Williams,Female,36,Standard,USA
2590,Jayden Thompson,Male,23,Silver,USA
2591,Tyler Walker,Male,33,Standard,UK
2592,Liam Roberts,Male,41,Standard,USA
2593,Priya Naidoo,Female,39,Silver,USA
2594,Michael Al-Rashid,Male,59,Standard,USA
2595,Ravi Smith,Male,24,Platinum,UAE
2596,Nomsa Hughes,Female,19,Platinum,USA
2597,Fatima Davies,Female,50,Silver,USA
2598,Tyler Clarke,Male,25,Platinum,UAE
2599,Sandile Al-Rashid,Male,59,Platinum,South Africa
2600,Jayden Khan,Male,46,Standard,UAE
2601,Thomas Hassan,Male,50,Platinum,South Africa
2602,Lauren Govender,Female,49,Gold,South Africa
2603,Grace Al-Rashid,Female,39,Standard,South Africa
2604,Aisha Dlamini,Female,51,Silver,USA
2605,Lindiwe Evans,Female,20,Standard,USA
2606,Victoria Khumalo,Female,21,Standard,South Africa
2607,Robert Mkhize,Male,39,Silver,South Africa
2608,James Walker,Male,56,Gold,USA
2609,Emma Walker,Female,65,Standard,UAE
2610,Emily Davies,Female,29,Platinum,South Africa
2611,John Patel,Male,64,Standard,UK
2612,Yusuf Pillay,Male,51,Standard,South Africa
2613,Logan Johnson,Male,37,Standard,South Africa
2614,Maryam Hughes,Female,40,Silver,USA
2615,Brianna Brown,Female,51,Silver,South Africa
2616,Liam Mkhize,Male,49,Standard,USA
2617,Tebogo Evans,Male,52,Silver,UK
2618,Logan Zulu,Male,41,Gold,USA
2619,Aisha Walker,Female,52,Silver,South Africa
2620,Arjun Pillay,Male,43,Platinum,UAE
2621,Kayla Williams,Female,56,Standard,USA
2622,Sandile Khumalo,Male,63,Platinum,UK
2623,Grace Lewis,Female,60,Standard,South Africa
2624,Lauren Johnson,Female,22,Standard,South Africa
2625,Brandon Dlamini,Male,22,Silver,UAE
2626,Kayla Clarke,Female,28,Standard,UAE
2627,Priya Lewis,Female,65,Gold,UAE
2628,Themba Ntuli,Male,47,Standard,USA
2629,Nomsa Pillay,Female,25,Gold,South Africa
2630,Anisha Lewis,Female,44,Standard,South Africa
2631,Daniel Zulu,Male,62,Standard,South Africa
2632,Madison Singh,Female,48,Standard,UK
2633,Aisha Pillay,Female,54,Silver,South Africa
2634,Elijah Ntuli,Male,64,Silver,South Africa
2635,Nkosi Ntuli,Male,50,Gold,UK
2636,Charlotte Singh,Female,50,Standard,South Africa
2637,Lindiwe Dlamini,Female,61,Platinum,UK
2638,Tyler Ndlovu,Male,30,Standard,UK
2639,Lerato Patel,Female,21,Silver,UAE
2640,Vikram Davies,Male,46,Silver,USA
2641,Anisha Zulu,Female,44,Silver,UK
2642,Mohammed Hughes,Male,47,Platinum,South Africa
2643,Liam Mkhize,Male,59,Silver,USA
2644,Robert Lewis,Male,43,Gold,South Africa
2645,Samantha Singh,Female,37,Standard,South Africa
2646,Samantha Mthembu,Female,39,Platinum,UK
2647,Olivia Brown,Female,47,Standard,UK
2648,Lerato Evans,Female,52,Gold,UAE
2649,Arjun Pillay,Male,34,Platinum,South Africa
2650,Zanele Ndlovu,Female,23,Silver,UK
2651,Hannah Nkosi,Female,25,Silver,South Africa
2652,Mohammed Zulu,Male,25,Standard,South Africa
2653,Busisiwe Pillay,Female,34,Gold,USA
2654,Robert Clarke,Male,25,Platinum,South Africa
2655,Mohammed Walker,Male,50,Gold,UK
2656,Brianna Smith,Female,54,Standard,USA
2657,Nomsa Williams,Female,54,Standard,UAE
2658,Sipho Ntuli,Male,48,Standard,South Africa
2659,Omar Dlamini,Male,20,Platinum,UAE
2660,Busisiwe Govender,Female,23,Standard,South Africa
2661,Brandon Mthembu,Male,30,Standard,South Africa
2662,Jennifer Ndlovu,Female,29,Standard,UK
2663,David Pillay,Male,60,Standard,UK
2664,Yusuf Brown,Male,46,Gold,South Africa
2665,John Brown,Male,48,Silver,UK
2666,Lauren Mkhize,Female,22,Standard,South Africa
2667,Zanele Singh,Female,59,Platinum,USA
2668,Emma Brown,Female,39,Standard,South Africa
2669,Mohammed Hughes,Male,43,Standard,South Africa
2670,Thandeka Naidoo,Female,43,Standard,USA
2671,Mpho Nkosi,Male,57,Standard,UAE
2672,Thomas Mthembu,Male,61,Standard,USA
2673,Emily Hughes,Female,41,Gold,USA
2674,Anisha Dlamini,Female,35,Standard,UK
2675,Charlotte Dlamini,Female,52,Silver,USA
2676,Priya Clarke,Female,44,Gold,UAE
2677,Ravi Dlamini,Male,27,Gold,South Africa
2678,Busisiwe Lewis,Female,19,Standard,South Africa
2679,James Naidoo,Male,43,Standard,USA
2680,Sandile Khan,Male,31,Standard,USA
2681,Tebogo Khan,Male,21,Standard,UK
2682,Samantha Roberts,Female,42,Silver,UAE
2683,Emily Miller,Female,65,Silver,South Africa
2684,Alexis Singh,Female,49,Silver,USA
2685,Brianna Zulu,Female,54,Standard,USA
2686,Kabelo Williams,Male,49,Standard,South Africa
2687,Lindiwe Brown,Female,51,Standard,South Africa
2688,Marcus Williams,Male,28,Standard,South Africa
2689,Emma Smith,Female,60,Silver,USA
2690,Jayden Khan,Male,40,Silver,UAE
2691,Noah Smith,Male,31,Standard,UK
2692,Tebogo Roberts,Male,22,Gold,South Africa
2693,Logan Naidoo,Male,61,Standard,USA
2694,Jayden Evans,Male,30,Standard,USA
2695,Hassan Thompson,Male,63,Standard,South Africa
2696,Neha Mkhize,Female,44,Silver,South Africa
2697,Liam Govender,Male,42,Standard,South Africa
2698,Omar Ntuli,Male,39,Standard,UAE
2699,Emma Singh,Female,41,Standard,UK
2700,Thandeka Lewis,Female,57,Silver,UK
2701,Anisha Clarke,Female,45,Platinum,South Africa
2702,Hassan Ndlovu,Male,30,Standard,USA
2703,Jayden Davies,Male,30,Silver,South Africa
2704,Maryam Davis,Female,30,Standard,South Africa
2705,Tebogo Evans,Male,26,Platinum,UK
2706,Busisiwe Ntuli,Female,27,Silver,USA
2707,Tebogo Singh,Male,52,Silver,UK
2708,Liam Ntuli,Male,45,Silver,UK
2709,Hassan Khumalo,Male,46,Gold,UK
2710,Thandeka Patel,Female,43,Standard,UAE
2711,Liam Ndlovu,Male,59,Standard,South Africa
2712,Michael Mkhize,Male,59,Standard,South Africa
2713,Neha Mkhize,Female,41,Silver,South Africa
2714,Divya Patel,Female,54,Standard,USA
2715,Brandon Mkhize,Male,43,Gold,USA
2716,Yusuf Jones,Male,39,Standard,USA
2717,Emily Johnson,Female,25,Platinum,UAE
2718,Divya Miller,Female,63,Gold,South Africa
2719,Lauren Thompson,Female,52,Standard,UAE
2720,Omar Davis,Male,22,Standard,South Africa
2721,Yusuf Ntuli,Male,39,Silver,UK
2722,Kabelo Roberts,Male,64,Standard,UK
2723,Ashley Davis,Female,49,Standard,UAE
2724,Palesa Ndlovu,Female,25,Standard,South Africa
2725,Mohammed Wilson,Male,54,Gold,South Africa
2726,Ahmed Patel,Male,48,Platinum,South Africa
2727,Priya Govender,Female,60,Gold,UAE
2728,Lerato Roberts,Female,35,Platinum,South Africa
2729,Noah Williams,Male,51,Standard,USA
2730,Kabelo Patel,Male,59,Standard,South Africa
2731,Aisha Singh,Female,21,Platinum,UAE
2732,Neha Thompson,Female,48,Standard,South Africa
2733,Zainab Clarke,Female,58,Standard,South Africa
2734,Fatima Johnson,Female,58,Platinum,South Africa
2735,Ashley Hassan,Female,57,Standard,UAE
2736,Thabo Ntuli,Male,64,Standard,UK
2737,Hassan Roberts,Male,47,Platinum,South Africa
2738,Busisiwe Nkosi,Female,44,Standard,South Africa
2739,Zainab Naidoo,Female,22,Silver,USA
2740,Jennifer Patel,Female,22,Standard,UAE
2741,Sophia Hughes,Female,58,Standard,South Africa
2742,Tyler Patel,Male,25,Silver,USA
2743,Jayden Davies,Male,49,Standard,South Africa
2744,Omar Ndlovu,Male,42,Standard,USA
2745,Sandile Clarke,Male,49,Standard,UK
2746,James Evans,Male,61,Platinum,South Africa
2747,Maryam Hughes,Female,31,Standard,UAE
2748,Brianna Evans,Female,20,Standard,South Africa
2749,Charlotte Govender,Female,36,Standard,USA
2750,Kabelo Dlamini,Male,54,Standard,UK
2751,Ravi Singh,Male,23,Standard,UK
2752,Thabo Evans,Male,57,Silver,South Africa
2753,Samantha Roberts,Female,25,Standard,UAE
2754,Omar Al-Rashid,Male,21,Standard,South Africa
2755,Yusuf Ndlovu,Male,57,Standard,South Africa
2756,Daniel Davies,Male,20,Gold,UK
2757,Themba Mthembu,Male,20,Standard,UAE
2758,John Naidoo,Male,38,Silver,USA
2759,Neha Hughes,Female,45,Platinum,USA
2760,Brianna Brown,Female,63,Silver,UAE
2761,Hassan Lewis,Male,58,Standard,UK
2762,Sophia Khumalo,Female,19,Silver,South Africa
2763,Themba Williams,Male,30,Standard,South Africa
2764,Sophia Dlamini,Female,52,Silver,South Africa
2765,Vikram Roberts,Male,59,Silver,UK
2766,Logan Williams,Male,54,Standard,UK
2767,Marcus Khumalo,Male,39,Silver,South Africa
2768,Thabo Davis,Male,44,Standard,UK
2769,Lindiwe Wilson,Female,44,Standard,South Africa
2770,Ahmed Patel,Male,44,Silver,South Africa
2771,Grace Jones,Female,32,Standard,South Africa
2772,Brandon Ndlovu,Male,63,Standard,South Africa
2773,Fatima Hassan,Female,24,Silver,UAE
2774,Thomas Thompson,Male,47,Gold,UK
2775,Anisha Patel,Female,54,Standard,UAE
2776,Nomsa Khumalo,Female,33,Standard,UK
2777,Thabo Clarke,Male,60,Standard,USA
2778,Yusuf Mthembu,Male,54,Silver,UK
2779,Maryam Lewis,Female,42,Silver,South Africa
2780,Lindiwe Zulu,Female,53,Standard,UK
2781,Michael Brown,Male,46,Standard,South Africa
2782,Nkosi Naidoo,Male,19,Standard,South Africa
2783,Ashley Brown,Female,25,Standard,South Africa
2784,Daniel Johnson,Male,56,Standard,USA
2785,Kayla Johnson,Female,36,Gold,USA
2786,Nomsa Wilson,Female,44,Standard,UAE
2787,Lindiwe Evans,Female,47,Silver,South Africa
2788,Hannah Evans,Female,61,Standard,USA
2789,William Johnson,Male,21,Silver,UAE
2790,Olivia Al-Rashid,Female,53,Standard,South Africa
2791,Jennifer Walker,Female,62,Standard,UAE
2792,Emma Jones,Female,45,Standard,USA
2793,Sophia Hassan,Female,44,Standard,South Africa
2794,Victoria Khumalo,Female,58,Silver,South Africa
2795,Ashley Thompson,Female,49,Standard,USA
2796,Hannah Patel,Female,24,Standard,South Africa
2797,Brianna Mkhize,Female,23,Silver,South Africa
2798,Thabo Walker,Male,23,Silver,USA
2799,Hassan Miller,Male,34,Standard,UK
2800,Victoria Davis,Female,55,Standard,South Africa
2801,Maryam Singh,Female,60,Platinum,USA
2802,Kabelo Williams,Male,26,Gold,UAE
2803,Lindiwe Davis,Female,63,Platinum,South Africa
2804,Alexis Davis,Female,25,Gold,South Africa
2805,Lerato Ndlovu,Female,21,Standard,UK
2806,Themba Miller,Male,54,Platinum,UK
2807,Lauren Ndlovu,Female,43,Gold,USA
2808,Omar Jones,Male,57,Standard,South Africa
2809,Neha Williams,Female,43,Standard,UAE
2810,Vikram Govender,Male,58,Gold,South Africa
2811,Kayla Thompson,Female,35,Standard,USA
2812,Noah Davis,Male,27,Standard,South Africa
2813,Ayanda Evans,Female,52,Silver,UK
2814,Mpho Roberts,Male,24,Gold,UAE
2815,Lauren Davies,Female,53,Standard,South Africa
2816,Arjun Clarke,Male,53,Standard,UK
2817,Olivia Mkhize,Female,24,Platinum,UAE
2818,Lerato Khumalo,Female,23,Standard,UAE
2819,Thabo Naidoo,Male,39,Platinum,South Africa
2820,Ahmed Miller,Male,61,Silver,UK
2821,Hassan Smith,Male,43,Standard,USA
2822,Thabo Mkhize,Male,49,Silver,UAE
2823,Sophia Smith,Female,58,Silver,USA
2824,Hannah Al-Rashid,Female,48,Standard,South Africa
2825,Ahmed Dlamini,Male,30,Platinum,South Africa
2826,Lerato Al-Rashid,Female,64,Gold,UAE
2827,James Singh,Male,52,Standard,South Africa
2828,Lauren Pillay,Female,40,Gold,South Africa
2829,Kayla Thompson,Female,44,Standard,South Africa
2830,Brandon Thompson,Male,49,Standard,UK
2831,Brandon Mkhize,Male,42,Standard,USA
2832,William Evans,Male,28,Standard,South Africa
2833,Jennifer Lewis,Female,62,Silver,UK
2834,Alexis Hughes,Female,35,Standard,USA
2835,Neha Roberts,Female,54,Silver,USA
2836,Samantha Thompson,Female,43,Standard,USA
2837,Charlotte Pillay,Female,49,Standard,USA
2838,Brianna Clarke,Female,47,Platinum,South Africa
2839,Thabo Johnson,Male,52,Gold,South Africa
2840,Lerato Naidoo,Female,53,Standard,UK
2841,John Smith,Male,18,Standard,USA
2842,Palesa Dlamini,Female,62,Standard,South Africa
2843,Themba Thompson,Male,57,Silver,UK
2844,Kayla Zulu,Female,19,Standard,USA
2845,Maryam Williams,Female,49,Standard,South Africa
2846,Sandile Brown,Male,63,Standard,South Africa
2847,Charlotte Williams,Female,53,Standard,UAE
2848,Robert Hassan,Male,35,Standard,South Africa
2849,Anisha Mthembu,Female,29,Silver,UAE
2850,Emily Ndlovu,Female,49,Standard,South Africa
2851,Thabo Dlamini,Male,51,Standard,UK
2852,Jayden Mthembu,Male,24,Standard,UK
2853,Thomas Naidoo,Male,51,Standard,South Africa
2854,Brianna Davies,Female,60,Silver,UK
2855,Sipho Walker,Male,41,Silver,USA
2856,Logan Jones,Male,44,Platinum,UAE
2857,Maryam Nkosi,Female,31,Platinum,South Africa
2858,Divya Singh,Female,27,Standard,UK
2859,Nkosi Lewis,Male,60,Silver,South Africa
2860,Grace Smith,Female,19,Standard,UK
2861,Hannah Khumalo,Female,49,Standard,USA
2862,Fatima Davis,Female,30,Silver,South Africa
2863,Kabelo Mthembu,Male,28,Silver,USA
2864,Priya Naidoo,Female,25,Standard,UAE
2865,Hassan Al-Rashid,Male,20,Silver,UAE
2866,Elijah Clarke,Male,37,Gold,USA
2867,Aisha Lewis,Female,20,Standard,UK
2868,Victoria Dlamini,Female,43,Silver,South Africa
2869,Brandon Zulu,Male,22,Platinum,South Africa
2870,Robert Davis,Male,22,Standard,UK
2871,Lauren Naidoo,Female,39,Platinum,UAE
2872,Lauren Ntuli,Female,41,Standard,South Africa
2873,Mohammed Nkosi,Male,32,Standard,USA
2874,Mohammed Ndlovu,Male,43,Platinum,UK
2875,Hassan Mthembu,Male,44,Standard,UAE
2876,Thandeka Smith,Female,19,Platinum,South Africa
2877,Palesa Clarke,Female,24,Standard,UAE
2878,Kabelo Singh,Male,49,Standard,UAE
2879,Victoria Khan,Female,51,Standard,South Africa
2880,Aisha Clarke,Female,37,Platinum,USA
2881,Busisiwe Jones,Female,62,Silver,South Africa
2882,Jennifer Walker,Female,24,Gold,South Africa
2883,David Jones,Male,50,Silver,UK
2884,Busisiwe Lewis,Female,55,Silver,USA
2885,Priya Evans,Female,18,Gold,UAE
2886,Liam Singh,Male,51,Standard,South Africa
2887,Hassan Brown,Male,24,Gold,UK
2888,James Davis,Male,56,Platinum,USA
2889,Mpho Roberts,Male,21,Platinum,UAE
2890,Michael Khumalo,Male,43,Platinum,South Africa
2891,Busisiwe Khumalo,Female,22,Standard,UK
2892,Jennifer Patel,Female,57,Silver,South Africa
2893,Nomsa Singh,Female,25,Standard,UK
2894,Victoria Walker,Female,31,Standard,South Africa
2895,Lindiwe Miller,Female,48,Standard,UK
2896,Logan Evans,Male,35,Gold,UK
2897,Nkosi Khan,Male,21,Platinum,USA
2898,Grace Naidoo,Female,41,Standard,South Africa
2899,Ashley Walker,Female,52,Standard,USA
2900,Elijah Williams,Male,57,Standard,UK
2901,Zanele Miller,Female,64,Silver,UAE
2902,Hannah Clarke,Female,49,Silver,South Africa
2903,Olivia Govender,Female,46,Gold,South Africa
2904,Olivia Smith,Female,20,Platinum,USA
2905,Khalid Khumalo,Male,49,Silver,South Africa
2906,Yusuf Ndlovu,Male,50,Gold,South Africa
2907,Brandon Jones,Male,40,Standard,UAE
2908,Priya Ntuli,Female,25,Gold,UK
2909,Thomas Mthembu,Male,35,Standard,South Africa
2910,Alexis Patel,Female,26,Silver,USA
2911,Daniel Hassan,Male,54,Silver,South Africa
2912,Hannah Wilson,Female,21,Platinum,UAE
2913,Anisha Mthembu,Female,64,Standard,South Africa
2914,Sipho Dlamini,Male,29,Silver,UAE
2915,Zanele Smith,Female,31,Platinum,UAE
2916,Ashley Lewis,Female,55,Silver,USA
2917,Zanele Zulu,Female,50,Silver,UK
2918,Thandeka Brown,Female,42,Standard,South Africa
2919,John Khumalo,Male,57,Silver,USA
2920,William Zulu,Male,30,Standard,USA
2921,Thandeka Jones,Female,62,Standard,UAE
2922,Marcus Mkhize,Male,50,Standard,South Africa
2923,Brandon Brown,Male,23,Gold,UK
2924,Vikram Roberts,Male,22,Standard,South Africa
2925,Tyler Khan,Male,33,Standard,South Africa
2926,Jayden Hassan,Male,44,Standard,UAE
2927,Divya Walker,Female,25,Standard,South Africa
2928,Jayden Naidoo,Male,18,Standard,USA
2929,Nomsa Zulu,Female,52,Standard,South Africa
2930,William Khan,Male,52,Silver,South Africa
2931,Samantha Ntuli,Female,30,Gold,South Africa
2932,Hannah Ntuli,Female,57,Standard,South Africa
2933,Zanele Davies,Female,19,Standard,USA
2934,Mpho Hassan,Male,60,Silver,UAE
2935,Maryam Zulu,Female,33,Platinum,South Africa
2936,Fatima Thompson,Female,29,Platinum,UK
2937,Logan Nkosi,Male,61,Silver,South Africa
2938,Thabo Johnson,Male,48,Standard,UAE
2939,Jayden Brown,Male,26,Silver,UK
2940,Brandon Ntuli,Male,54,Silver,South Africa
2941,Mohammed Hughes,Male,48,Standard,UK
2942,Hassan Khan,Male,23,Platinum,South Africa
2943,Jayden Miller,Male,25,Standard,South Africa
2944,William Miller,Male,35,Standard,USA
2945,Emma Patel,Female,19,Silver,USA
2946,Divya Davies,Female,38,Standard,South Africa
2947,Emily Patel,Female,21,Silver,UK
2948,Madison Ndlovu,Female,40,Standard,South Africa
2949,Sandile Ndlovu,Male,65,Silver,South Africa
2950,Priya Govender,Female,62,Standard,UAE
2951,Mpho Davis,Male,53,Standard,USA
2952,Emily Davies,Female,32,Standard,UAE
2953,Fatima Davies,Female,43,Standard,South Africa
2954,Aisha Khumalo,Female,21,Standard,UAE
2955,Thabo Hughes,Male,38,Silver,UK
2956,Vikram Dlamini,Male,57,Standard,UK
2957,Fatima Pillay,Female,49,Gold,South Africa
2958,Omar Miller,Male,40,Standard,South Africa
2959,Mpho Singh,Male,42,Silver,UAE
2960,Thandeka Brown,Female,33,Standard,USA
2961,Kabelo Walker,Male,31,Standard,South Africa
2962,Grace Dlamini,Female,49,Standard,UK
2963,Kayla Al-Rashid,Female,65,Standard,South Africa
2964,Jayden Davies,Male,36,Gold,South Africa
2965,Logan Hassan,Male,46,Silver,USA
2966,Nomsa Davies,Female,42,Standard,USA
2967,Elijah Brown,Male,31,Gold,USA
2968,Ravi Clarke,Male,60,Standard,South Africa
2969,Michael Al-Rashid,Male,24,Silver,South Africa
2970,Olivia Davies,Female,28,Standard,South Africa
2971,Ashley Johnson,Female,40,Gold,USA
2972,Brandon Ndlovu,Male,59,Platinum,UK
2973,Daniel Al-Rashid,Male,19,Silver,South Africa
2974,Priya Naidoo,Female,28,Silver,UK
2975,Divya Al-Rashid,Female,32,Standard,USA
2976,Ahmed Thompson,Male,39,Platinum,South Africa
2977,Aisha Singh,Female,52,Gold,UAE
2978,Ahmed Johnson,Male,19,Standard,UK
2979,Thomas Wilson,Male,50,Silver,UAE
2980,Elijah Brown,Male,26,Silver,UK
2981,Brianna Williams,Female,48,Standard,USA
2982,Divya Johnson,Female,34,Gold,UAE
2983,Nomsa Johnson,Female,32,Standard,South Africa
2984,Brianna Jones,Female,56,Standard,USA
2985,Zanele Smith,Female,28,Silver,UK
2986,Charlotte Singh,Female,46,Silver,South Africa
2987,Ashley Al-Rashid,Female,19,Gold,USA
2988,Jayden Zulu,Male,60,Standard,South Africa
2989,Sipho Ndlovu,Male,58,Platinum,South Africa
2990,James Khumalo,Male,29,Silver,USA
2991,Khalid Lewis,Male,33,Gold,South Africa
2992,Samantha Ntuli,Female,40,Gold,UAE
2993,David Walker,Male,32,Standard,South Africa
2994,Robert Naidoo,Male,45,Gold,UAE
2995,Noah Wilson,Male,34,Standard,UK
2996,Vikram Evans,Male,53,Standard,South Africa
2997,Kayla Zulu,Female,25,Standard,South Africa
2998,Kayla Clarke,Female,34,Silver,UK
2999,Ahmed Singh,Male,58,Gold,South Africa
3000,Neha Davis,Female,25,Gold,UAE
3001,Thomas Mkhize,Male,44,Standard,South Africa
3002,Aisha Jones,Female,32,Silver,South Africa
3003,Madison Johnson,Female,36,Standard,South Africa
3004,Victoria Williams,Female,36,Platinum,South Africa
3005,Marcus Davis,Male,46,Gold,South Africa
3006,Yusuf Hassan,Male,22,Gold,South Africa
3007,Hannah Patel,Female,56,Standard,USA
3008,Omar Naidoo,Male,45,Standard,USA
3009,Charlotte Nkosi,Female,21,Silver,South Africa
3010,John Naidoo,Male,60,Standard,UK
3011,Thomas Al-Rashid,Male,24,Silver,South Africa
3012,Lindiwe Wilson,Female,39,Standard,USA
3013,Jennifer Dlamini,Female,52,Standard,UAE
3014,Anisha Govender,Female,59,Standard,South Africa
3015,Themba Ndlovu,Male,28,Standard,UK
3016,Jayden Ntuli,Male,28,Standard,USA
3017,Madison Dlamini,Female,36,Standard,UAE
3018,Arjun Clarke,Male,22,Gold,UAE
3019,Thandeka Khan,Female,26,Silver,UAE
3020,Palesa Brown,Female,50,Gold,UK
3021,Grace Thompson,Female,51,Platinum,USA
3022,Ahmed Johnson,Male,33,Standard,USA
3023,David Govender,Male,20,Standard,UK
3024,Tebogo Govender,Male,29,Standard,South Africa
3025,Aisha Johnson,Female,65,Silver,South Africa
3026,Aisha Miller,Female,65,Silver,South Africa
3027,Kayla Jones,Female,32,Silver,USA
3028,Aisha Ndlovu,Female,51,Platinum,USA
3029,Thandeka Hughes,Female,46,Gold,UK
3030,Hassan Zulu,Male,18,Standard,UK
3031,Zainab Zulu,Female,38,Standard,South Africa
3032,Nomsa Pillay,Female,64,Gold,UK
3033,Victoria Miller,Female,63,Platinum,South Africa
3034,Tebogo Evans,Male,24,Standard,South Africa
3035,Ashley Walker,Female,59,Standard,South Africa
3036,Ayanda Pillay,Female,21,Platinum,South Africa
3037,Lauren Smith,Female,47,Standard,UAE
3038,Neha Mkhize,Female,36,Platinum,South Africa
3039,James Ntuli,Male,29,Standard,South Africa
3040,Kayla Smith,Female,45,Platinum,UK
3041,Neha Patel,Female,50,Silver,UK
3042,Thandeka Khumalo,Female,65,Standard,UK
3043,Jayden Ntuli,Male,55,Standard,USA
3044,Kayla Patel,Female,27,Standard,USA
3045,Liam Brown,Male,30,Platinum,South Africa
3046,Fatima Johnson,Female,31,Gold,South Africa
3047,Themba Nkosi,Male,46,Standard,UK
3048,Robert Singh,Male,39,Standard,South Africa
3049,Omar Wilson,Male,50,Silver,South Africa
3050,Olivia Khumalo,Female,22,Standard,USA
3051,Brianna Thompson,Female,32,Standard,USA
3052,Ayanda Wilson,Female,61,Standard,South Africa
3053,Thandeka Evans,Female,64,Standard,UAE
3054,Anisha Naidoo,Female,43,Platinum,USA
3055,Mpho Mthembu,Male,61,Standard,South Africa
3056,Zanele Davies,Female,45,Standard,USA
3057,Zainab Walker,Female,30,Standard,UAE
3058,Sophia Thompson,Female,45,Standard,South Africa
3059,Noah Johnson,Male,58,Silver,USA
3060,Brandon Evans,Male,36,Standard,South Africa
3061,Michael Nkosi,Male,38,Platinum,UAE
3062,Lerato Al-Rashid,Female,64,Standard,South Africa
3063,Nkosi Pillay,Male,43,Standard,UK
3064,Maryam Khan,Female,20,Silver,UK
3065,Sipho Davies,Male,58,Standard,USA
3066,Sandile Thompson,Male,27,Standard,UAE
3067,Hassan Walker,Male,18,Standard,South Africa
3068,Zanele Pillay,Female,64,Standard,South Africa
3069,Noah Miller,Male,35,Standard,South Africa
3070,Hassan Thompson,Male,32,Platinum,South Africa
3071,Neha Singh,Female,44,Standard,South Africa
3072,Michael Zulu,Male,31,Standard,UK
3073,Nomsa Naidoo,Female,38,Standard,South Africa
3074,Olivia Govender,Female,41,Silver,South Africa
3075,Yusuf Ndlovu,Male,43,Standard,South Africa
3076,Grace Hughes,Female,61,Standard,USA
3077,Liam Brown,Male,48,Silver,USA
3078,Grace Mkhize,Female,23,Standard,UK
3079,Sophia Naidoo,Female,55,Standard,UAE
3080,Madison Al-Rashid,Female,33,Standard,South Africa
3081,Neha Brown,Female,63,Gold,UK
3082,Mpho Brown,Male,53,Standard,South Africa
3083,Palesa Miller,Female,26,Standard,South Africa
3084,James Mkhize,Male,24,Silver,South Africa
3085,Busisiwe Hughes,Female,45,Standard,USA
3086,Elijah Johnson,Male,53,Standard,UK
3087,Palesa Mkhize,Female,62,Silver,South Africa
3088,Tebogo Lewis,Male,41,Standard,UK
3089,Thandeka Wilson,Female,18,Standard,UAE
3090,Palesa Hassan,Female,46,Silver,South Africa
3091,Madison Ntuli,Female,55,Platinum,South Africa
3092,Priya Miller,Female,21,Standard,South Africa
3093,Neha Khumalo,Female,65,Standard,South Africa
3094,Sophia Al-Rashid,Female,26,Standard,UAE
3095,Nkosi Williams,Male,31,Gold,South Africa
3096,Alexis Govender,Female,58,Gold,UK
3097,Jayden Miller,Male,46,Platinum,South Africa
3098,Tebogo Wilson,Male,40,Gold,USA
3099,Lauren Davies,Female,32,Standard,UAE
3100,Neha Miller,Female,48,Standard,UK
3101,Victoria Williams,Female,57,Platinum,UK
3102,Lerato Smith,Female,36,Silver,UK
3103,Sophia Dlamini,Female,35,Standard,UK
3104,Thomas Mthembu,Male,44,Standard,UAE
3105,Mohammed Hassan,Male,38,Silver,South Africa
3106,Themba Walker,Male,47,Standard,South Africa
3107,Thandeka Lewis,Female,38,Standard,South Africa
3108,Maryam Naidoo,Female,55,Gold,USA
3109,William Nkosi,Male,39,Standard,USA
3110,Victoria Ntuli,Female,39,Gold,UK
3111,Lindiwe Al-Rashid,Female,20,Standard,South Africa
3112,Daniel Davis,Male,42,Standard,UK
3113,Nomsa Hassan,Female,31,Standard,UK
3114,Charlotte Khan,Female,35,Silver,UK
3115,Themba Hassan,Male,24,Gold,UK
3116,Brandon Lewis,Male,51,Silver,UK
3117,Khalid Pillay,Male,30,Standard,UK
3118,Jayden Patel,Male,47,Standard,South Africa
3119,Mpho Thompson,Male,24,Silver,South Africa
3120,Arjun Jones,Male,48,Silver,South Africa
3121,Logan Hughes,Male,30,Standard,UAE
3122,Liam Zulu,Male,25,Silver,UAE
3123,Thabo Ndlovu,Male,21,Standard,UAE
3124,Themba Davies,Male,41,Standard,South Africa
3125,Michael Walker,Male,54,Standard,USA
3126,Palesa Davies,Female,22,Gold,UAE
3127,Mpho Roberts,Male,52,Silver,USA
3128,Kabelo Wilson,Male,28,Standard,USA
3129,Ashley Davies,Female,29,Silver,UK
3130,Neha Clarke,Female,31,Standard,South Africa
3131,Elijah Govender,Male,30,Standard,South Africa
3132,David Al-Rashid,Male,63,Gold,South Africa
3133,Marcus Zulu,Male,31,Silver,UAE
3134,William Singh,Male,43,Standard,South Africa
3135,Jayden Davies,Male,47,Silver,UK
3136,Nkosi Khumalo,Male,47,Standard,UK
3137,Ahmed Walker,Male,57,Standard,South Africa
3138,Neha Davis,Female,30,Silver,South Africa
3139,Mohammed Lewis,Male,19,Standard,UAE
3140,Palesa Roberts,Female,49,Standard,UAE
3141,Hannah Hughes,Female,52,Standard,USA
3142,Emily Ndlovu,Female,42,Silver,UK
3143,Zanele Dlamini,Female,21,Standard,USA
3144,Victoria Ndlovu,Female,49,Standard,USA
3145,Lindiwe Singh,Female,33,Standard,UK
3146,Logan Naidoo,Male,52,Standard,USA
3147,Ayanda Dlamini,Female,36,Standard,UAE
3148,Alexis Williams,Female,31,Standard,South Africa
3149,William Mthembu,Male,48,Standard,UAE
3150,Emily Hassan,Female,61,Platinum,UK
3151,Logan Jones,Male,61,Standard,UK
3152,Brandon Williams,Male,19,Standard,UK
3153,Divya Naidoo,Female,63,Platinum,UAE
3154,Ashley Davis,Female,48,Silver,UAE
3155,Emily Hughes,Female,28,Silver,UAE
3156,Busisiwe Smith,Female,63,Standard,South Africa
3157,Lauren Miller,Female,27,Silver,South Africa
3158,Brandon Clarke,Male,25,Standard,South Africa
3159,Lindiwe Clarke,Female,40,Standard,South Africa
3160,Lauren Walker,Female,32,Standard,South Africa
3161,Busisiwe Singh,Female,21,Standard,South Africa
3162,Elijah Ntuli,Male,43,Silver,UK
3163,Elijah Hassan,Male,34,Silver,South Africa
3164,Yusuf Hughes,Male,65,Gold,USA
3165,Fatima Zulu,Female,44,Gold,UAE
3166,Hannah Jones,Female,19,Standard,UAE
3167,Brandon Pillay,Male,50,Silver,South Africa
3168,Marcus Dlamini,Male,46,Silver,South Africa
3169,Lerato Williams,Female,31,Silver,South Africa
3170,Kayla Brown,Female,23,Silver,South Africa
3171,Emily Walker,Female,57,Standard,UAE
3172,Tebogo Khumalo,Male,46,Standard,UAE
3173,Thabo Jones,Male,19,Silver,UAE
3174,Nomsa Khumalo,Female,26,Gold,UAE
3175,Sophia Walker,Female,49,Silver,South Africa
3176,Noah Naidoo,Male,51,Standard,South Africa
3177,Brianna Khumalo,Female,22,Standard,USA
3178,Zanele Nkosi,Female,61,Gold,UAE
3179,Madison Davis,Female,26,Standard,USA
3180,Logan Walker,Male,36,Silver,UK
3181,Emma Govender,Female,25,Platinum,USA
3182,Tebogo Johnson,Male,60,Standard,USA
3183,Hassan Lewis,Male,23,Standard,UK
3184,Aisha Hughes,Female,49,Silver,UK
3185,Olivia Hassan,Female,38,Standard,South Africa
3186,William Al-Rashid,Male,22,Standard,UK
3187,Sandile Khan,Male,64,Silver,South Africa
3188,Nkosi Hassan,Male,47,Standard,South Africa
3189,Marcus Singh,Male,52,Silver,South Africa
3190,Mohammed Khan,Male,52,Silver,South Africa
3191,Lindiwe Hassan,Female,62,Standard,UAE
3192,Tyler Naidoo,Male,44,Silver,South Africa
3193,Hassan Miller,Male,19,Gold,South Africa
3194,Logan Roberts,Male,52,Silver,UAE
3195,Palesa Jones,Female,30,Silver,UK
3196,Aisha Hassan,Female,32,Platinum,UAE
3197,Emma Walker,Female,34,Standard,South Africa
3198,James Khan,Male,59,Platinum,UAE
3199,Hassan Brown,Male,20,Standard,UAE
3200,Zainab Brown,Female,38,Platinum,South Africa
3201,Sophia Clarke,Female,29,Standard,UK
3202,Madison Lewis,Female,20,Standard,UK
3203,Lerato Al-Rashid,Female,61,Standard,UAE
3204,James Ntuli,Male,54,Silver,UAE
3205,Aisha Wilson,Female,21,Silver,South Africa
3206,Zainab Ndlovu,Female,46,Standard,UK
3207,Emma Naidoo,Female,57,Silver,South Africa
3208,Michael Mkhize,Male,36,Standard,South Africa
3209,Emma Johnson,Female,22,Standard,USA
3210,Yusuf Wilson,Male,58,Standard,UAE
3211,Samantha Wilson,Female,55,Standard,South Africa
3212,Lindiwe Johnson,Female,56,Platinum,UK
3213,Aisha Johnson,Female,44,Gold,UK
3214,Nomsa Johnson,Female,25,Standard,South Africa
3215,Victoria Ntuli,Female,20,Standard,South Africa
3216,Emma Mkhize,Female,57,Standard,South Africa
3217,Ayanda Smith,Female,28,Standard,South Africa
3218,Aisha Lewis,Female,45,Gold,South Africa
3219,Charlotte Johnson,Female,49,Standard,UAE
3220,Lerato Singh,Female,34,Standard,South Africa
3221,Sandile Al-Rashid,Male,50,Standard,South Africa
3222,Thomas Davies,Male,28,Gold,South Africa
3223,Mohammed Ntuli,Male,64,Silver,South Africa
3224,Fatima Govender,Female,52,Silver,UK
3225,William Evans,Male,38,Standard,USA
3226,Robert Smith,Male,24,Silver,UAE
3227,Charlotte Naidoo,Female,36,Standard,South Africa
3228,Zanele Patel,Female,47,Standard,UAE
3229,Sophia Mthembu,Female,33,Standard,South Africa
3230,Priya Smith,Female,28,Standard,USA
3231,Hannah Brown,Female,45,Silver,UK
3232,Marcus Lewis,Male,57,Silver,UAE
3233,Lindiwe Thompson,Female,18,Gold,South Africa
3234,Ashley Zulu,Female,61,Standard,USA
3235,Zanele Thompson,Female,47,Standard,USA
3236,Omar Mthembu,Male,30,Gold,South Africa
3237,Mohammed Ntuli,Male,34,Silver,South Africa
3238,Jayden Khan,Male,29,Platinum,South Africa
3239,Grace Mthembu,Female,23,Standard,USA
3240,Sandile Ndlovu,Male,19,Standard,South Africa
3241,Busisiwe Brown,Female,55,Standard,USA
3242,Brandon Hassan,Male,40,Standard,South Africa
3243,Mpho Dlamini,Male,58,Standard,USA
3244,Hassan Khumalo,Male,64,Standard,South Africa
3245,Olivia Hughes,Female,42,Standard,South Africa
3246,Priya Ndlovu,Female,47,Platinum,South Africa
3247,Zainab Ndlovu,Female,51,Gold,South Africa
3248,Fatima Govender,Female,65,Gold,USA
3249,Kayla Singh,Female,42,Gold,USA
3250,David Williams,Male,28,Standard,South Africa
3251,Charlotte Pillay,Female,39,Standard,South Africa
3252,Busisiwe Wilson,Female,53,Standard,South Africa
3253,Robert Govender,Male,59,Standard,South Africa
3254,Lindiwe Hughes,Female,38,Standard,South Africa
3255,Madison Dlamini,Female,40,Silver,South Africa
3256,Sipho Nkosi,Male,39,Standard,UK
3257,Liam Dlamini,Male,42,Standard,South Africa
3258,Jennifer Govender,Female,63,Gold,South Africa
3259,Samantha Johnson,Female,44,Gold,USA
3260,Victoria Ndlovu,Female,46,Standard,UK
3261,Neha Nkosi,Female,53,Standard,South Africa
3262,David Dlamini,Male,26,Silver,South Africa
3263,Lindiwe Mthembu,Female,59,Platinum,USA
3264,Logan Patel,Male,38,Standard,UAE
3265,Thabo Clarke,Male,37,Silver,South Africa
3266,Sophia Roberts,Female,26,Standard,South Africa
3267,John Dlamini,Male,58,Standard,UK
3268,Olivia Mthembu,Female,41,Standard,South Africa
3269,Maryam Mkhize,Female,45,Gold,South Africa
3270,Thomas Davies,Male,25,Standard,UAE
3271,Jayden Patel,Male,63,Silver,South Africa
3272,Madison Hassan,Female,41,Standard,UK
3273,Charlotte Clarke,Female,32,Platinum,UAE
3274,Omar Khumalo,Male,54,Standard,UK
3275,Ahmed Khumalo,Male,60,Standard,South Africa
3276,Marcus Mkhize,Male,49,Gold,South Africa
3277,Thandeka Wilson,Female,48,Silver,UK
3278,Ayanda Wilson,Female,31,Standard,UK
3279,Divya Hughes,Female,36,Standard,USA
3280,Anisha Dlamini,Female,65,Silver,South Africa
3281,Sandile Ndlovu,Male,45,Standard,South Africa
3282,David Nkosi,Male,45,Standard,South Africa
3283,Daniel Miller,Male,54,Gold,South Africa
3284,Emma Williams,Female,42,Platinum,UK
3285,Madison Naidoo,Female,65,Gold,USA
3286,Fatima Singh,Female,23,Silver,South Africa
3287,Daniel Hughes,Male,59,Standard,South Africa
3288,Marcus Williams,Male,20,Standard,UK
3289,Sandile Khumalo,Male,43,Silver,South Africa
3290,James Jones,Male,18,Standard,South Africa
3291,Tyler Miller,Male,62,Silver,USA
3292,Elijah Williams,Male,56,Standard,South Africa
3293,James Walker,Male,39,Standard,South Africa
3294,Logan Wilson,Male,64,Gold,USA
3295,Robert Smith,Male,26,Silver,South Africa
3296,Alexis Clarke,Female,47,Standard,USA
3297,Maryam Brown,Female,49,Standard,South Africa
3298,Samantha Hughes,Female,50,Silver,South Africa
3299,Divya Ndlovu,Female,19,Gold,USA
3300,Hannah Singh,Female,18,Standard,South Africa
3301,Hannah Walker,Female,31,Silver,UAE
3302,Hannah Wilson,Female,60,Standard,UK
3303,Marcus Davis,Male,21,Silver,UAE
3304,Themba Dlamini,Male,28,Standard,UK
3305,Lerato Johnson,Female,41,Standard,South Africa
3306,Nkosi Williams,Male,28,Standard,South Africa
3307,Lindiwe Mkhize,Female,22,Silver,UAE
3308,Robert Evans,Male,32,Platinum,South Africa
3309,Palesa Singh,Female,26,Silver,USA
3310,Jennifer Miller,Female,24,Standard,USA
3311,Charlotte Wilson,Female,60,Gold,UK
3312,Maryam Evans,Female,41,Platinum,USA
3313,Thandeka Hassan,Female,20,Silver,UAE
3314,Charlotte Ndlovu,Female,58,Standard,UK
3315,David Hassan,Male,24,Gold,South Africa
3316,Priya Davis,Female,32,Standard,UK
3317,Khalid Pillay,Male,53,Gold,South Africa
3318,Thabo Clarke,Male,56,Gold,UK
3319,Sipho Naidoo,Male,26,Standard,USA
3320,Sipho Ntuli,Male,22,Standard,UK
3321,Yusuf Davis,Male,24,Standard,South Africa
3322,Marcus Johnson,Male,51,Standard,South Africa
3323,William Naidoo,Male,31,Gold,South Africa
3324,Olivia Patel,Female,51,Standard,South Africa
3325,Noah Smith,Male,27,Gold,South Africa
3326,Emily Mthembu,Female,28,Standard,UAE
3327,Olivia Govender,Female,48,Standard,South Africa
3328,Neha Smith,Female,62,Gold,South Africa
3329,Aisha Al-Rashid,Female,52,Standard,South Africa
3330,Samantha Hughes,Female,21,Gold,UAE
3331,Thabo Davis,Male,28,Silver,South Africa
3332,Sophia Khumalo,Female,53,Standard,South Africa
3333,Kabelo Al-Rashid,Male,53,Standard,South Africa
3334,Grace Nkosi,Female,64,Standard,South Africa
3335,Sophia Thompson,Female,23,Standard,South Africa
3336,Mpho Naidoo,Male,22,Standard,UK
3337,Kayla Al-Rashid,Female,55,Gold,South Africa
3338,Tyler Miller,Male,64,Standard,UAE
3339,Divya Ntuli,Female,31,Platinum,South Africa
3340,Michael Lewis,Male,21,Standard,South Africa
3341,Anisha Patel,Female,47,Standard,UK
3342,Liam Mthembu,Male,32,Standard,USA
3343,Ayanda Singh,Female,44,Standard,South Africa
3344,Omar Zulu,Male,19,Standard,South Africa
3345,William Singh,Male,18,Silver,UK
3346,Sipho Thompson,Male,21,Standard,USA
3347,Madison Hassan,Female,33,Platinum,UK
3348,Olivia Ntuli,Female,19,Standard,USA
3349,Emma Hassan,Female,61,Silver,South Africa
3350,Arjun Clarke,Male,58,Platinum,South Africa
3351,Palesa Mthembu,Female,32,Silver,South Africa
3352,Maryam Roberts,Female,54,Platinum,South Africa
3353,Elijah Hassan,Male,31,Silver,USA
3354,Olivia Brown,Female,28,Platinum,South Africa
3355,Lindiwe Pillay,Female,24,Standard,USA
3356,Charlotte Ntuli,Female,25,Standard,South Africa
3357,Ayanda Singh,Female,62,Standard,UK
3358,Palesa Hassan,Female,52,Standard,UK
3359,Busisiwe Mkhize,Female,28,Standard,South Africa
3360,Alexis Miller,Female,38,Platinum,UAE
3361,Maryam Mkhize,Female,49,Gold,UK
3362,Ahmed Johnson,Male,37,Standard,UAE
3363,Thabo Thompson,Male,28,Standard,USA
3364,Jayden Smith,Male,65,Silver,South Africa
3365,Sandile Smith,Male,32,Standard,South Africa
3366,Ravi Davies,Male,44,Silver,UAE
3367,Jennifer Ntuli,Female,53,Gold,UK
3368,John Brown,Male,52,Standard,South Africa
3369,Omar Brown,Male,54,Standard,UK
3370,Thandeka Roberts,Female,25,Silver,South Africa
3371,Michael Evans,Male,35,Standard,UK
3372,James Pillay,Male,65,Standard,UK
3373,Tyler Johnson,Male,29,Gold,South Africa
3374,Ravi Zulu,Male,51,Standard,South Africa
3375,Arjun Nkosi,Male,47,Standard,UK
3376,Brianna Clarke,Female,43,Silver,South Africa
3377,Ashley Ntuli,Female,60,Silver,USA
3378,Lerato Wilson,Female,51,Standard,South Africa
3379,Nkosi Lewis,Male,51,Standard,UAE
3380,Mohammed Wilson,Male,39,Gold,USA
3381,Grace Mthembu,Female,33,Platinum,UAE
3382,Priya Singh,Female,54,Gold,South Africa
3383,Grace Khumalo,Female,48,Standard,USA
3384,Zanele Jones,Female,58,Silver,South Africa
3385,Mpho Ndlovu,Male,39,Gold,South Africa
3386,John Singh,Male,63,Silver,South Africa
3387,Priya Davies,Female,50,Gold,South Africa
3388,Zainab Singh,Female,18,Standard,UK
3389,Busisiwe Jones,Female,62,Silver,South Africa
3390,Khalid Naidoo,Male,26,Silver,South Africa
3391,Omar Pillay,Male,26,Gold,UK
3392,Daniel Brown,Male,43,Gold,UK
3393,Ashley Naidoo,Female,19,Silver,South Africa
3394,Michael Naidoo,Male,52,Standard,USA
3395,Aisha Hughes,Female,27,Silver,UK
3396,Lauren Nkosi,Female,34,Standard,South Africa
3397,Ashley Ndlovu,Female,51,Gold,UAE
3398,Palesa Patel,Female,48,Silver,South Africa
3399,Jayden Jones,Male,41,Gold,South Africa
3400,Zainab Mthembu,Female,45,Standard,USA
3401,Priya Miller,Female,27,Standard,USA
3402,Zanele Nkosi,Female,62,Silver,USA
3403,Grace Govender,Female,54,Standard,UAE
3404,Kabelo Davies,Male,43,Standard,UK
3405,Nkosi Govender,Male,49,Silver,USA
3406,Fatima Al-Rashid,Female,34,Standard,UAE
3407,Zainab Brown,Female,32,Standard,UK
3408,Charlotte Davies,Female,34,Standard,UK
3409,Lauren Pillay,Female,22,Platinum,USA
3410,Olivia Pillay,Female,40,Silver,UK
3411,Arjun Wilson,Male,55,Platinum,UK
3412,Sandile Johnson,Male,65,Standard,UK
3413,Daniel Patel,Male,37,Standard,South Africa
3414,Khalid Naidoo,Male,59,Silver,UAE
3415,Maryam Zulu,Female,58,Standard,UAE
3416,Olivia Clarke,Female,50,Standard,UAE
3417,Charlotte Walker,Female,63,Standard,UK
3418,Samantha Smith,Female,21,Gold,South Africa
3419,Themba Miller,Male,21,Silver,UK
3420,Ayanda Miller,Female,33,Standard,UAE
3421,Nkosi Thompson,Male,27,Standard,UAE
3422,Ashley Govender,Female,32,Gold,UK
3423,Logan Govender,Male,27,Standard,South Africa
3424,Ahmed Zulu,Male,44,Silver,South Africa
3425,Omar Evans,Male,52,Standard,South Africa
3426,Lauren Davis,Female,40,Gold,UAE
3427,Michael Mkhize,Male,49,Silver,UAE
3428,Ashley Smith,Female,38,Silver,UK
3429,Brianna Zulu,Female,36,Gold,UK
3430,Lindiwe Mthembu,Female,51,Silver,South Africa
3431,Noah Lewis,Male,47,Standard,USA
3432,Vikram Williams,Male,24,Standard,UK
3433,James Jones,Male,32,Standard,UK
3434,Brianna Walker,Female,19,Silver,UK
3435,Fatima Govender,Female,48,Standard,UAE
3436,Emma Davis,Female,43,Silver,South Africa
3437,Olivia Hughes,Female,31,Standard,South Africa
3438,Elijah Nkosi,Male,63,Silver,South Africa
3439,Ashley Davies,Female,19,Standard,UAE
3440,Hassan Dlamini,Male,36,Silver,UK
3441,Noah Johnson,Male,36,Standard,USA
3442,Ashley Wilson,Female,59,Standard,UAE
3443,Ahmed Singh,Male,34,Standard,South Africa
3444,Zanele Smith,Female,48,Gold,South Africa
3445,Emma Brown,Female,31,Standard,USA
3446,Yusuf Williams,Male,47,Standard,USA
3447,Omar Al-Rashid,Male,62,Silver,UAE
3448,William Walker,Male,50,Platinum,UK
3449,Fatima Clarke,Female,32,Standard,UK
3450,Ayanda Singh,Female,41,Gold,USA
3451,Mohammed Mthembu,Male,42,Standard,South Africa
3452,Thabo Miller,Male,34,Silver,USA
3453,Olivia Mkhize,Female,35,Silver,UK
3454,Noah Evans,Male,30,Standard,South Africa
3455,Grace Singh,Female,20,Standard,USA
3456,Samantha Wilson,Female,42,Silver,UAE
3457,Fatima Pillay,Female,63,Standard,USA
3458,Omar Hassan,Male,55,Gold,South Africa
3459,Emma Walker,Female,62,Silver,UAE
3460,Ayanda Jones,Female,57,Gold,UAE
3461,Busisiwe Davies,Female,26,Silver,South Africa
3462,Brandon Patel,Male,59,Standard,UAE
3463,Noah Singh,Male,18,Standard,South Africa
3464,Maryam Jones,Female,44,Platinum,South Africa
3465,Aisha Clarke,Female,31,Standard,UAE
3466,Mohammed Patel,Male,35,Standard,USA
3467,Alexis Ntuli,Female,18,Gold,UAE
3468,Busisiwe Brown,Female,25,Gold,South Africa
3469,Khalid Roberts,Male,39,Standard,UAE
3470,Omar Naidoo,Male,64,Standard,UK
3471,Themba Jones,Male,29,Standard,South Africa
3472,Madison Zulu,Female,62,Platinum,South Africa
3473,Maryam Nkosi,Female,32,Standard,South Africa
3474,Jayden Mthembu,Male,21,Standard,South Africa
3475,Fatima Evans,Female,55,Silver,UK
3476,Hassan Singh,Male,65,Gold,UK
3477,Ayanda Evans,Female,23,Gold,UAE
3478,Lerato Pillay,Female,37,Standard,USA
3479,Omar Clarke,Male,33,Standard,South Africa
3480,Hannah Walker,Female,52,Gold,USA
3481,Emma Ntuli,Female,29,Platinum,South Africa
3482,Brianna Brown,Female,22,Gold,UAE
3483,Kabelo Clarke,Male,31,Platinum,South Africa
3484,Logan Khan,Male,62,Standard,UAE
3485,Michael Davis,Male,47,Platinum,UAE
3486,Sophia Jones,Female,59,Platinum,UK
3487,Logan Smith,Male,63,Standard,South Africa
3488,Priya Lewis,Female,45,Silver,South Africa
3489,Marcus Khan,Male,40,Standard,South Africa
3490,Brianna Khumalo,Female,28,Standard,South Africa
3491,Hannah Hassan,Female,20,Standard,South Africa
3492,Anisha Hassan,Female,62,Gold,South Africa
3493,Aisha Nkosi,Female,58,Silver,South Africa
3494,Michael Brown,Male,21,Standard,UK
3495,Maryam Al-Rashid,Female,40,Standard,South Africa
3496,Logan Govender,Male,43,Gold,South Africa
3497,Aisha Jones,Female,61,Standard,UAE
3498,Busisiwe Khan,Female,63,Standard,UK
3499,Marcus Williams,Male,52,Standard,South Africa
3500,Aisha Davis,Female,57,Silver,South Africa
3501,Ahmed Zulu,Male,39,Platinum,South Africa
3502,Emma Ndlovu,Female,20,Gold,UK
3503,Noah Brown,Male,37,Standard,UAE
3504,Yusuf Brown,Male,35,Platinum,South Africa
3505,Ahmed Brown,Male,55,Standard,South Africa
3506,William Al-Rashid,Male,38,Silver,UAE
3507,James Roberts,Male,23,Silver,South Africa
3508,Khalid Williams,Male,33,Platinum,UK
3509,Charlotte Khan,Female,49,Standard,South Africa
3510,Brandon Hassan,Male,46,Standard,South Africa
3511,Neha Williams,Female,58,Standard,South Africa
3512,Nkosi Govender,Male,61,Standard,South Africa
3513,Robert Clarke,Male,47,Platinum,South Africa
3514,Kabelo Ntuli,Male,32,Platinum,USA
3515,James Evans,Male,37,Standard,South Africa
3516,Kayla Wilson,Female,41,Silver,USA
3517,Victoria Al-Rashid,Female,30,Standard,UK
3518,Kayla Pillay,Female,57,Standard,UK
3519,Marcus Patel,Male,29,Standard,UAE
3520,Maryam Miller,Female,28,Standard,UAE
3521,Brianna Dlamini,Female,62,Standard,UAE
3522,Emily Pillay,Female,21,Standard,UAE
3523,Arjun Ntuli,Male,65,Silver,UAE
3524,Hannah Williams,Female,32,Platinum,UAE
3525,Vikram Mkhize,Male,59,Silver,UK
3526,John Ndlovu,Male,46,Platinum,UK
3527,Marcus Walker,Male,54,Platinum,UAE
3528,Brandon Patel,Male,30,Gold,USA
3529,Jayden Mkhize,Male,48,Standard,South Africa
3530,Anisha Ntuli,Female,60,Standard,South Africa
3531,Michael Mkhize,Male,19,Platinum,South Africa
3532,Thomas Govender,Male,65,Silver,USA
3533,Thabo Al-Rashid,Male,51,Silver,UAE
3534,Logan Lewis,Male,54,Platinum,South Africa
3535,Ahmed Davies,Male,57,Standard,UAE
3536,Hannah Davies,Female,37,Standard,UAE
3537,Logan Williams,Male,65,Standard,UK
3538,Arjun Naidoo,Male,36,Standard,South Africa
3539,Themba Dlamini,Male,53,Standard,South Africa
3540,Robert Dlamini,Male,36,Silver,UK
3541,Robert Davis,Male,50,Standard,USA
3542,Aisha Thompson,Female,29,Gold,South Africa
3543,Samantha Naidoo,Female,30,Gold,UK
3544,Robert Johnson,Male,18,Gold,UAE
3545,Arjun Hassan,Male,51,Silver,UK
3546,Themba Hughes,Male,62,Silver,USA
3547,Emily Mkhize,Female,56,Gold,South Africa
3548,Hannah Hughes,Female,24,Standard,USA
3549,Tyler Evans,Male,58,Silver,UK
3550,Sophia Roberts,Female,54,Gold,USA
3551,Lindiwe Smith,Female,40,Silver,UAE
3552,Grace Mkhize,Female,32,Standard,South Africa
3553,Neha Khan,Female,24,Standard,South Africa
3554,Hassan Walker,Male,58,Standard,UAE
3555,Thabo Thompson,Male,30,Standard,UAE
3556,Yusuf Evans,Male,50,Silver,USA
3557,Anisha Naidoo,Female,32,Standard,USA
3558,Elijah Hassan,Male,59,Standard,South Africa
3559,Lerato Hughes,Female,22,Gold,South Africa
3560,Kabelo Johnson,Male,60,Gold,South Africa
3561,Ravi Khan,Male,64,Gold,South Africa
3562,Daniel Brown,Male,38,Standard,UK
3563,Noah Johnson,Male,61,Standard,UAE
3564,Sandile Wilson,Male,40,Gold,USA
3565,Tyler Dlamini,Male,41,Silver,USA
3566,Ayanda Davis,Female,55,Standard,South Africa
3567,Victoria Singh,Female,55,Standard,South Africa
3568,Sandile Williams,Male,19,Standard,UAE
3569,Maryam Lewis,Female,37,Standard,UAE
3570,Jennifer Thompson,Female,28,Standard,UAE
3571,Sophia Ndlovu,Female,60,Platinum,UAE
3572,Brandon Williams,Male,65,Gold,South Africa
3573,Ahmed Lewis,Male,18,Gold,South Africa
3574,Logan Khan,Male,59,Standard,South Africa
3575,Khalid Singh,Male,40,Gold,UAE
3576,Emma Patel,Female,64,Silver,South Africa
3577,Hassan Nkosi,Male,46,Silver,UK
3578,Alexis Ndlovu,Female,28,Standard,USA
3579,Arjun Mthembu,Male,35,Gold,South Africa
3580,Arjun Johnson,Male,46,Standard,UAE
3581,Neha Ndlovu,Female,29,Gold,UK
3582,Anisha Roberts,Female,53,Silver,South Africa
3583,Yusuf Zulu,Male,39,Standard,UAE
3584,Thandeka Davies,Female,41,Silver,South Africa
3585,Brandon Walker,Male,51,Platinum,UAE
3586,Neha Lewis,Female,25,Standard,UK
3587,Lauren Govender,Female,37,Standard,UAE
3588,Hannah Hughes,Female,23,Platinum,UAE
3589,Grace Nkosi,Female,48,Standard,UK
3590,Mpho Ndlovu,Male,52,Silver,South Africa
3591,Victoria Davis,Female,65,Platinum,South Africa
3592,Ayanda Mkhize,Female,43,Gold,UAE
3593,Vikram Nkosi,Male,19,Silver,USA
3594,Yusuf Khan,Male,33,Standard,UAE
3595,Lerato Khumalo,Female,18,Standard,UAE
3596,Thomas Davies,Male,64,Standard,South Africa
3597,Lerato Mkhize,Female,20,Standard,South Africa
3598,William Miller,Male,37,Silver,South Africa
3599,Michael Johnson,Male,37,Silver,South Africa
3600,Samantha Ntuli,Female,21,Standard,UAE
3601,Sophia Zulu,Female,58,Standard,UAE
3602,Lerato Roberts,Female,21,Gold,South Africa
3603,Thomas Naidoo,Male,57,Standard,USA
3604,Thabo Miller,Male,51,Standard,South Africa
3605,Tyler Singh,Male,25,Gold,USA
3606,Emily Davies,Female,31,Platinum,South Africa
3607,Palesa Ntuli,Female,55,Gold,UK
3608,Ravi Williams,Male,41,Silver,USA
3609,Emma Jones,Female,38,Standard,South Africa
3610,Yusuf Mthembu,Male,35,Gold,South Africa
3611,Aisha Singh,Female,38,Standard,South Africa
3612,Palesa Wilson,Female,28,Silver,UK
3613,James Nkosi,Male,58,Platinum,South Africa
3614,Lindiwe Williams,Female,43,Gold,UK
3615,Tebogo Ntuli,Male,44,Standard,UAE
3616,Madison Williams,Female,34,Standard,USA
3617,Lauren Davis,Female,40,Gold,USA
3618,Arjun Patel,Male,63,Silver,UK
3619,Victoria Singh,Female,27,Standard,UAE
3620,Grace Zulu,Female,41,Standard,South Africa
3621,Priya Jones,Female,34,Silver,USA
3622,Nomsa Khan,Female,35,Standard,USA
3623,Ravi Govender,Male,57,Standard,South Africa
3624,Yusuf Naidoo,Male,22,Standard,UK
3625,Aisha Brown,Female,29,Standard,UK
3626,Ahmed Pillay,Male,51,Platinum,USA
3627,Mohammed Singh,Male,24,Gold,South Africa
3628,Yusuf Brown,Male,37,Silver,UK
3629,Thandeka Nkosi,Female,47,Gold,UK
3630,Tebogo Lewis,Male,30,Standard,UAE
3631,Brianna Clarke,Female,23,Standard,USA
3632,Daniel Hughes,Male,61,Silver,UK
3633,Sophia Nkosi,Female,22,Standard,South Africa
3634,Ayanda Lewis,Female,65,Silver,South Africa
3635,Neha Brown,Female,21,Silver,USA
3636,Fatima Patel,Female,55,Standard,USA
3637,Hannah Miller,Female,46,Platinum,USA
3638,Tebogo Davies,Male,57,Platinum,USA
3639,Nkosi Hassan,Male,18,Gold,USA
3640,Brandon Ndlovu,Male,59,Gold,UAE
3641,Priya Zulu,Female,41,Standard,USA
3642,Kayla Dlamini,Female,63,Standard,South Africa
3643,Yusuf Evans,Male,54,Standard,UK
3644,Anisha Wilson,Female,23,Standard,UK
3645,Jayden Khan,Male,49,Standard,South Africa
3646,Nomsa Clarke,Female,46,Silver,UK
3647,Daniel Khan,Male,58,Standard,UK
3648,Liam Wilson,Male,56,Standard,UAE
3649,Jayden Nkosi,Male,56,Standard,USA
3650,Brianna Roberts,Female,36,Standard,UK
3651,Charlotte Jones,Female,62,Platinum,UK
3652,Nkosi Evans,Male,24,Standard,UK
3653,Madison Clarke,Female,51,Platinum,South Africa
3654,Brandon Dlamini,Male,47,Gold,USA
3655,Kayla Dlamini,Female,58,Gold,South Africa
3656,Daniel Hassan,Male,50,Silver,South Africa
3657,Alexis Pillay,Female,24,Silver,UAE
3658,Kayla Lewis,Female,20,Platinum,South Africa
3659,Alexis Thompson,Female,60,Gold,UAE
3660,Fatima Walker,Female,45,Gold,UAE
3661,Samantha Khumalo,Female,52,Standard,UAE
3662,Thabo Clarke,Male,56,Silver,USA
3663,Vikram Walker,Male,42,Standard,South Africa
3664,Brianna Khumalo,Female,57,Standard,USA
3665,Anisha Walker,Female,28,Standard,UAE
3666,Jennifer Miller,Female,24,Gold,UK
3667,Olivia Roberts,Female,42,Standard,USA
3668,Kayla Govender,Female,63,Standard,UAE
3669,Thomas Naidoo,Male,53,Silver,UK
3670,David Walker,Male,42,Platinum,South Africa
3671,Busisiwe Singh,Female,23,Standard,South Africa
3672,Zanele Mkhize,Female,57,Standard,USA
3673,Elijah Pillay,Male,52,Silver,UK
3674,Fatima Govender,Female,19,Gold,UAE
3675,Zanele Davis,Female,62,Standard,UAE
3676,Elijah Smith,Male,45,Standard,UAE
3677,Michael Mkhize,Male,28,Standard,UAE
3678,Fatima Hughes,Female,18,Standard,South Africa
3679,Kabelo Walker,Male,23,Silver,South Africa
3680,James Pillay,Male,44,Gold,UAE
3681,Kabelo Hassan,Male,24,Standard,UAE
3682,Noah Evans,Male,48,Silver,UK
3683,Priya Dlamini,Female,55,Gold,South Africa
3684,Lindiwe Nkosi,Female,22,Standard,South Africa
3685,Ayanda Clarke,Female,64,Standard,South Africa
3686,Jennifer Miller,Female,29,Platinum,USA
3687,Lauren Evans,Female,52,Gold,UK
3688,Khalid Thompson,Male,58,Silver,South Africa
3689,Neha Ndlovu,Female,51,Silver,South Africa
3690,Samantha Al-Rashid,Female,41,Gold,UAE
3691,Alexis Miller,Female,59,Platinum,South Africa
3692,Mohammed Dlamini,Male,54,Gold,South Africa
3693,Busisiwe Miller,Female,48,Silver,South Africa
3694,David Evans,Male,18,Standard,South Africa
3695,Liam Mkhize,Male,20,Standard,UK
3696,Liam Zulu,Male,21,Standard,USA
3697,Ashley Khan,Female,44,Standard,UK
3698,Busisiwe Roberts,Female,40,Platinum,USA
3699,Lerato Miller,Female,26,Standard,UAE
3700,Ahmed Williams,Male,27,Standard,UK
3701,Omar Govender,Male,65,Silver,UAE
3702,Kayla Nkosi,Female,52,Gold,UK
3703,Ayanda Zulu,Female,18,Standard,USA
3704,Sandile Nkosi,Male,43,Standard,South Africa
3705,William Hassan,Male,33,Gold,UAE
3706,Khalid Johnson,Male,45,Standard,UAE
3707,Sandile Davies,Male,60,Silver,UAE
3708,Brianna Miller,Female,45,Standard,South Africa
3709,Marcus Al-Rashid,Male,36,Standard,UAE
3710,Lindiwe Brown,Female,45,Standard,USA
3711,Noah Thompson,Male,33,Platinum,UAE
3712,James Clarke,Male,45,Silver,UK
3713,Michael Govender,Male,60,Silver,UK
3714,Kayla Al-Rashid,Female,25,Standard,UK
3715,Tebogo Hassan,Male,42,Silver,UAE
3716,Divya Smith,Female,21,Standard,South Africa
3717,Sipho Smith,Male,21,Silver,South Africa
3718,Divya Ntuli,Female,41,Standard,South Africa
3719,Charlotte Dlamini,Female,43,Silver,UK
3720,Logan Singh,Male,47,Standard,South Africa
3721,Hannah Khumalo,Female,33,Gold,South Africa
3722,Marcus Zulu,Male,59,Silver,South Africa
3723,Themba Evans,Male,41,Standard,South Africa
3724,Emma Naidoo,Female,45,Standard,UAE
3725,Logan Zulu,Male,40,Silver,South Africa
3726,Grace Wilson,Female,40,Platinum,USA
3727,Vikram Miller,Male,54,Platinum,UK
3728,Jayden Wilson,Male,37,Platinum,UK
3729,Emily Pillay,Female,29,Gold,UK
3730,Nomsa Williams,Female,22,Standard,UAE
3731,Alexis Patel,Female,39,Silver,South Africa
3732,Victoria Dlamini,Female,42,Silver,South Africa
3733,Khalid Singh,Male,39,Silver,South Africa
3734,Jayden Johnson,Male,19,Standard,UK
3735,Sandile Clarke,Male,20,Silver,USA
3736,Madison Patel,Female,39,Platinum,UAE
3737,Thandeka Evans,Female,60,Gold,UAE
3738,Lerato Zulu,Female,54,Standard,UK
3739,Themba Davis,Male,19,Silver,South Africa
3740,Zainab Ntuli,Female,40,Gold,USA
3741,Zanele Hughes,Female,39,Silver,UAE
3742,Logan Patel,Male,57,Standard,UAE
3743,Palesa Williams,Female,29,Standard,South Africa
3744,Thandeka Khumalo,Female,52,Silver,UAE
3745,John Khumalo,Male,21,Standard,South Africa
3746,Victoria Singh,Female,65,Silver,UK
3747,Sandile Clarke,Male,39,Silver,UAE
3748,James Brown,Male,56,Platinum,South Africa
3749,Jennifer Thompson,Female,42,Silver,USA
3750,Hassan Jones,Male,23,Standard,South Africa
3751,James Govender,Male,57,Standard,South Africa
3752,David Davis,Male,48,Standard,UAE
3753,Madison Naidoo,Female,20,Standard,South Africa
3754,Palesa Wilson,Female,51,Gold,South Africa
3755,Charlotte Ndlovu,Female,20,Silver,South Africa
3756,Hannah Lewis,Female,41,Standard,UAE
3757,James Johnson,Male,38,Silver,UK
3758,Khalid Roberts,Male,31,Standard,USA
3759,Sophia Mkhize,Female,53,Standard,South Africa
3760,Lerato Lewis,Female,65,Platinum,South Africa
3761,Samantha Thompson,Female,56,Standard,UK
3762,Thomas Al-Rashid,Male,20,Gold,UK
3763,James Lewis,Male,52,Silver,UAE
3764,Daniel Hughes,Male,18,Standard,UAE
3765,Lerato Smith,Female,53,Gold,UK
3766,Thabo Hassan,Male,32,Standard,UK
3767,Busisiwe Brown,Female,45,Standard,UK
3768,Nkosi Ndlovu,Male,61,Standard,UK
3769,Ayanda Singh,Female,62,Standard,South Africa
3770,Ayanda Patel,Female,28,Silver,USA
3771,Samantha Smith,Female,58,Silver,USA
3772,Robert Naidoo,Male,50,Standard,UAE
3773,Elijah Lewis,Male,41,Platinum,UAE
3774,Elijah Patel,Male,25,Gold,UAE
3775,Palesa Williams,Female,55,Gold,USA
3776,Thomas Patel,Male,19,Platinum,UAE
3777,Robert Walker,Male,36,Standard,USA
3778,Palesa Zulu,Female,30,Standard,UAE
3779,Khalid Jones,Male,25,Silver,South Africa
3780,Priya Dlamini,Female,48,Standard,South Africa
3781,Ahmed Mthembu,Male,22,Standard,UK
3782,Charlotte Govender,Female,30,Standard,USA
3783,Tebogo Ntuli,Male,18,Standard,USA
3784,Ravi Thompson,Male,42,Standard,UAE
3785,Ashley Jones,Female,51,Standard,South Africa
3786,Brandon Evans,Male,18,Standard,South Africa
3787,Tebogo Roberts,Male,41,Silver,UK
3788,Sipho Patel,Male,38,Gold,USA
3789,Emily Pillay,Female,42,Silver,South Africa
3790,Fatima Clarke,Female,36,Standard,South Africa
3791,Grace Johnson,Female,31,Silver,UAE
3792,David Williams,Male,64,Standard,South Africa
3793,Priya Walker,Female,37,Platinum,USA
3794,Ahmed Singh,Male,49,Standard,South Africa
3795,John Ndlovu,Male,57,Standard,UK
3796,Lerato Patel,Female,57,Silver,South Africa
3797,Priya Zulu,Female,37,Standard,UK
3798,Samantha Mthembu,Female,58,Platinum,South Africa
3799,Marcus Walker,Male,61,Standard,UK
3800,Tebogo Thompson,Male,49,Gold,South Africa
3801,Priya Naidoo,Female,62,Platinum,South Africa
3802,Lindiwe Khan,Female,36,Silver,South Africa
3803,Michael Clarke,Male,55,Silver,UK
3804,Jennifer Lewis,Female,60,Standard,UK
3805,Madison Clarke,Female,30,Silver,UAE
3806,Samantha Williams,Female,47,Platinum,UK
3807,Daniel Thompson,Male,37,Gold,UK
3808,Thandeka Govender,Female,32,Silver,South Africa
3809,Victoria Davis,Female,54,Standard,South Africa
3810,John Walker,Male,59,Silver,UK
3811,David Govender,Male,38,Silver,USA
3812,Brianna Clarke,Female,30,Standard,South Africa
3813,Elijah Davis,Male,34,Silver,UAE
3814,Anisha Naidoo,Female,53,Standard,USA
3815,Victoria Clarke,Female,50,Gold,UAE
3816,Kabelo Walker,Male,22,Standard,South Africa
3817,Sophia Mkhize,Female,55,Gold,UK
3818,William Brown,Male,35,Silver,UK
3819,Zainab Pillay,Female,65,Silver,UK
3820,Brianna Nkosi,Female,32,Gold,UK
3821,Anisha Khumalo,Female,51,Standard,USA
3822,Divya Brown,Female,59,Platinum,South Africa
3823,Thomas Wilson,Male,34,Standard,South Africa
3824,Kabelo Brown,Male,36,Standard,UK
3825,Kabelo Mthembu,Male,19,Gold,South Africa
3826,Khalid Lewis,Male,47,Gold,South Africa
3827,Daniel Clarke,Male,46,Standard,USA
3828,Mohammed Mthembu,Male,53,Standard,UAE
3829,Mohammed Williams,Male,36,Standard,UK
3830,Thomas Hughes,Male,55,Gold,USA
3831,Khalid Wilson,Male,51,Standard,UK
3832,Vikram Dlamini,Male,45,Standard,South Africa
3833,Nomsa Khumalo,Female,60,Standard,South Africa
3834,Divya Dlamini,Female,37,Silver,UK
3835,Olivia Clarke,Female,31,Standard,South Africa
3836,Olivia Wilson,Female,61,Standard,South Africa
3837,Robert Zulu,Male,25,Standard,South Africa
3838,Khalid Khan,Male,43,Silver,South Africa
3839,Madison Jones,Female,40,Standard,UK
3840,Marcus Zulu,Male,56,Standard,UAE
3841,Tyler Williams,Male,31,Standard,USA
3842,Tebogo Evans,Male,35,Platinum,South Africa
3843,Jennifer Zulu,Female,36,Silver,South Africa
3844,Ayanda Pillay,Female,61,Silver,South Africa
3845,James Lewis,Male,43,Platinum,South Africa
3846,Brianna Smith,Female,55,Silver,South Africa
3847,Charlotte Hassan,Female,58,Standard,UK
3848,Neha Roberts,Female,40,Platinum,UAE
3849,Sandile Evans,Male,31,Standard,South Africa
3850,John Khan,Male,52,Standard,UAE
3851,Olivia Johnson,Female,64,Silver,South Africa
3852,Palesa Hassan,Female,30,Standard,South Africa
3853,Tyler Jones,Male,34,Standard,USA
3854,Mohammed Roberts,Male,31,Standard,UAE
3855,Anisha Pillay,Female,50,Gold,South Africa
3856,James Ndlovu,Male,39,Silver,UAE
3857,Aisha Dlamini,Female,30,Standard,South Africa
3858,Aisha Davies,Female,49,Standard,South Africa
3859,Ayanda Dlamini,Female,42,Platinum,UK
3860,Vikram Singh,Male,55,Standard,UK
3861,Thomas Govender,Male,47,Standard,UK
3862,Sophia Mthembu,Female,44,Standard,USA
3863,Tyler Govender,Male,58,Gold,UK
3864,Aisha Johnson,Female,64,Standard,UK
3865,Sophia Davis,Female,28,Standard,UAE
3866,Omar Govender,Male,35,Silver,South Africa
3867,Kabelo Clarke,Male,31,Silver,USA
3868,Thomas Ndlovu,Male,25,Standard,UAE
3869,Priya Naidoo,Female,63,Gold,UAE
3870,Tebogo Hughes,Male,41,Standard,USA
3871,Thandeka Smith,Female,32,Gold,USA
3872,James Johnson,Male,49,Silver,UK
3873,Yusuf Naidoo,Male,43,Standard,UK
3874,Charlotte Ndlovu,Female,62,Platinum,South Africa
3875,Arjun Walker,Male,63,Platinum,UK
3876,Brianna Williams,Female,41,Standard,USA
3877,Logan Clarke,Male,25,Standard,UK
3878,Thomas Johnson,Male,33,Silver,USA
3879,Victoria Miller,Female,49,Standard,UK
3880,Ayanda Patel,Female,42,Standard,UAE
3881,Nkosi Brown,Male,47,Gold,South Africa
3882,David Al-Rashid,Male,25,Silver,UK
3883,Sandile Davies,Male,40,Standard,UK
3884,Madison Lewis,Female,36,Standard,USA
3885,Logan Singh,Male,52,Gold,South Africa
3886,Hassan Thompson,Male,43,Platinum,South Africa
3887,Neha Naidoo,Female,44,Standard,South Africa
3888,Omar Mthembu,Male,35,Standard,UK
3889,Jennifer Zulu,Female,31,Standard,UK
3890,James Thompson,Male,52,Standard,South Africa
3891,Fatima Evans,Female,26,Standard,UK
3892,Alexis Hassan,Female,48,Standard,UAE
3893,Lindiwe Roberts,Female,54,Standard,UK
3894,Ahmed Jones,Male,39,Gold,UK
3895,Lerato Hughes,Female,54,Platinum,South Africa
3896,Ayanda Hughes,Female,48,Silver,South Africa
3897,Nomsa Smith,Female,62,Standard,South Africa
3898,Omar Jones,Male,49,Silver,South Africa
3899,Thandeka Evans,Female,21,Standard,South Africa
3900,Nomsa Ntuli,Female,51,Standard,UK
3901,Thandeka Pillay,Female,30,Standard,South Africa
3902,Liam Davies,Male,21,Standard,South Africa
3903,Arjun Evans,Male,49,Platinum,UK
3904,Jennifer Zulu,Female,39,Silver,South Africa
3905,Arjun Pillay,Male,46,Standard,UAE
3906,Maryam Jones,Female,43,Silver,South Africa
3907,Olivia Walker,Female,59,Standard,UAE
3908,Vikram Nkosi,Male,29,Platinum,UAE
3909,Jayden Khumalo,Male,41,Standard,USA
3910,Robert Al-Rashid,Male,51,Standard,USA
3911,Mpho Ndlovu,Male,34,Silver,UK
3912,Themba Miller,Male,38,Silver,UK
3913,Kabelo Evans,Male,60,Standard,UK
3914,Thabo Brown,Male,45,Platinum,South Africa
3915,Tebogo Evans,Male,40,Standard,USA
3916,Ashley Thompson,Female,30,Standard,USA
3917,Victoria Mkhize,Female,41,Silver,South Africa
3918,Fatima Walker,Female,42,Standard,UK
3919,Nomsa Davis,Female,52,Gold,South Africa
3920,Kabelo Govender,Male,62,Silver,UK
3921,Daniel Govender,Male,34,Standard,UK
3922,Aisha Zulu,Female,36,Silver,UAE
3923,Yusuf Govender,Male,54,Standard,UK
3924,Daniel Patel,Male,60,Standard,South Africa
3925,Zainab Ndlovu,Female,45,Gold,South Africa
3926,Omar Pillay,Male,33,Standard,USA
3927,Hassan Jones,Male,42,Standard,South Africa
3928,Lauren Mthembu,Female,57,Standard,UAE
3929,Alexis Khumalo,Female,49,Standard,South Africa
3930,John Lewis,Male,35,Gold,USA
3931,Themba Dlamini,Male,58,Silver,UK
3932,Anisha Zulu,Female,63,Silver,USA
3933,Grace Evans,Female,26,Silver,UAE
3934,Logan Zulu,Male,39,Platinum,USA
3935,Hannah Govender,Female,19,Silver,South Africa
3936,David Govender,Male,59,Gold,UK
3937,Thomas Mkhize,Male,43,Silver,UAE
3938,Emily Dlamini,Female,25,Standard,UK
3939,Marcus Roberts,Male,46,Silver,USA
3940,Divya Nkosi,Female,39,Standard,UK
3941,Neha Walker,Female,19,Standard,UK
3942,Samantha Naidoo,Female,32,Gold,South Africa
3943,Noah Thompson,Male,59,Standard,South Africa
3944,Anisha Davies,Female,60,Standard,South Africa
3945,Tebogo Miller,Male,47,Silver,South Africa
3946,William Pillay,Male,21,Standard,UK
3947,David Mkhize,Male,24,Gold,South Africa
3948,Grace Wilson,Female,22,Standard,South Africa
3949,Divya Khan,Female,31,Standard,South Africa
3950,Madison Patel,Female,24,Gold,South Africa
3951,Maryam Brown,Female,23,Silver,South Africa
3952,Themba Williams,Male,19,Silver,South Africa
3953,Alexis Singh,Female,30,Standard,South Africa
3954,Brandon Roberts,Male,56,Silver,South Africa
3955,Lauren Lewis,Female,43,Standard,UK
3956,Robert Williams,Male,35,Silver,UK
3957,Hassan Hassan,Male,42,Standard,USA
3958,Michael Hughes,Male,44,Gold,USA
3959,Robert Lewis,Male,32,Standard,UK
3960,Aisha Williams,Female,40,Platinum,UK
3961,Marcus Clarke,Male,26,Standard,USA
3962,Charlotte Patel,Female,29,Standard,South Africa
3963,Lerato Smith,Female,25,Standard,South Africa
3964,Emma Pillay,Female,56,Standard,UK
3965,Zainab Khumalo,Female,23,Silver,UAE
3966,Samantha Roberts,Female,54,Standard,UAE
3967,Kayla Ntuli,Female,44,Standard,USA
3968,Lauren Ndlovu,Female,43,Standard,USA
3969,Emily Wilson,Female,18,Standard,UK
3970,Zainab Walker,Female,34,Standard,South Africa
3971,Nomsa Nkosi,Female,44,Standard,USA
3972,Marcus Clarke,Male,62,Standard,UAE
3973,Emma Mkhize,Female,31,Standard,UAE
3974,Thomas Ndlovu,Male,34,Standard,UK
3975,Thomas Nkosi,Male,29,Standard,UAE
3976,Tebogo Jones,Male,45,Standard,South Africa
3977,Arjun Nkosi,Male,20,Standard,UK
3978,Omar Mthembu,Male,57,Gold,UK
3979,Emma Williams,Female,34,Standard,South Africa
3980,Liam Mkhize,Male,22,Platinum,USA
3981,Samantha Nkosi,Female,24,Standard,UAE
3982,Lerato Walker,Female,30,Standard,UK
3983,Fatima Khan,Female,37,Standard,South Africa
3984,Olivia Nkosi,Female,48,Silver,South Africa
3985,Palesa Williams,Female,42,Silver,South Africa
3986,Brianna Ntuli,Female,65,Silver,South Africa
3987,Robert Al-Rashid,Male,27,Standard,USA
3988,Mohammed Mkhize,Male,31,Gold,UK
3989,Themba Hassan,Male,59,Standard,UK
3990,Emma Brown,Female,28,Standard,South Africa
3991,Ravi Johnson,Male,40,Silver,USA
3992,John Miller,Male,30,Standard,UK
3993,Olivia Khumalo,Female,32,Standard,USA
3994,Vikram Mthembu,Male,24,Standard,UK
3995,Olivia Al-Rashid,Female,52,Platinum,USA
3996,Samantha Lewis,Female,35,Platinum,South Africa
3997,Jennifer Singh,Female,53,Silver,UAE
3998,Emily Singh,Female,24,Standard,USA
3999,Maryam Khan,Female,63,Gold,South Africa
4000,Olivia Davies,Female,45,Silver,South Africa
4001,Lauren Al-Rashid,Female,35,Silver,USA
4002,Tebogo Thompson,Male,32,Standard,USA
4003,Emily Ndlovu,Female,24,Standard,USA
4004,Hassan Nkosi,Male,49,Standard,UAE
4005,Lerato Khan,Female,38,Standard,USA
4006,Thomas Jones,Male,26,Standard,UK
4007,Ahmed Khumalo,Male,23,Platinum,South Africa
4008,Tyler Al-Rashid,Male,55,Silver,South Africa
4009,Thomas Al-Rashid,Male,46,Standard,South Africa
4010,Nkosi Davies,Male,28,Standard,South Africa
4011,William Mkhize,Male,21,Standard,South Africa
4012,William Miller,Male,42,Silver,South Africa
4013,Kabelo Lewis,Male,29,Standard,USA
4014,Brandon Roberts,Male,42,Silver,UAE
4015,Omar Williams,Male,30,Silver,USA
4016,Emily Mthembu,Female,64,Platinum,USA
4017,Elijah Ntuli,Male,42,Standard,USA
4018,Victoria Zulu,Female,62,Standard,UK
4019,Lerato Clarke,Female,54,Standard,USA
4020,Divya Miller,Female,34,Silver,South Africa
4021,Thomas Mthembu,Male,32,Standard,UAE
4022,Thabo Mthembu,Male,31,Standard,South Africa
4023,Khalid Johnson,Male,27,Silver,South Africa
4024,Aisha Walker,Female,22,Standard,South Africa
4025,Zanele Walker,Female,45,Platinum,UAE
4026,Marcus Al-Rashid,Male,29,Platinum,USA
4027,Brianna Patel,Female,39,Silver,USA
4028,Marcus Khan,Male,59,Standard,UK
4029,Fatima Mthembu,Female,41,Standard,UK
4030,Sipho Hassan,Male,65,Silver,USA
4031,Liam Lewis,Male,55,Standard,UAE
4032,Grace Al-Rashid,Female,33,Standard,USA
4033,Kayla Singh,Female,42,Standard,UK
4034,Palesa Davis,Female,40,Standard,South Africa
4035,Sandile Khan,Male,34,Gold,UAE
4036,Neha Mkhize,Female,30,Standard,USA
4037,Madison Patel,Female,47,Silver,South Africa
4038,Lauren Johnson,Female,30,Silver,USA
4039,Ashley Mthembu,Female,63,Standard,UK
4040,Arjun Miller,Male,42,Standard,South Africa
4041,Ashley Mkhize,Female,26,Silver,UAE
4042,Zainab Zulu,Female,42,Standard,South Africa
4043,Liam Hughes,Male,51,Standard,South Africa
4044,Sophia Miller,Female,54,Silver,UK
4045,Noah Singh,Male,62,Standard,UK
4046,John Mthembu,Male,27,Silver,UAE
4047,William Naidoo,Male,35,Standard,UK
4048,Maryam Johnson,Female,44,Standard,South Africa
4049,Sandile Dlamini,Male,21,Standard,UAE
4050,Charlotte Thompson,Female,46,Silver,USA
4051,Lindiwe Al-Rashid,Female,49,Gold,UAE
4052,Omar Davis,Male,61,Gold,USA
4053,Nomsa Lewis,Female,32,Platinum,South Africa
4054,Hassan Clarke,Male,39,Gold,UK
4055,Brianna Evans,Female,34,Standard,UAE
4056,Maryam Al-Rashid,Female,28,Standard,South Africa
4057,Charlotte Davis,Female,21,Platinum,UK
4058,Maryam Jones,Female,57,Silver,UK
4059,Neha Hughes,Female,27,Silver,UK
4060,Themba Davis,Male,44,Standard,USA
4061,William Khumalo,Male,56,Standard,USA
4062,Mohammed Williams,Male,36,Standard,USA
4063,Victoria Mthembu,Female,61,Silver,UAE
4064,Divya Al-Rashid,Female,34,Standard,UK
4065,Busisiwe Clarke,Female,22,Gold,UAE
4066,Sipho Nkosi,Male,23,Standard,UK
4067,Daniel Naidoo,Male,28,Platinum,USA
4068,Ahmed Lewis,Male,61,Standard,UK
4069,Zanele Thompson,Female,55,Standard,UAE
4070,Themba Jones,Male,35,Standard,South Africa
4071,Zanele Miller,Female,49,Standard,UAE
4072,Tyler Al-Rashid,Male,18,Standard,South Africa
4073,Emily Clarke,Female,50,Standard,UK
4074,Brianna Thompson,Female,60,Gold,USA
4075,Jennifer Williams,Female,40,Standard,South Africa
4076,Jayden Ntuli,Male,62,Standard,South Africa
4077,Zainab Mthembu,Female,42,Silver,South Africa
4078,Robert Davis,Male,19,Silver,USA
4079,Palesa Naidoo,Female,29,Standard,South Africa
4080,Jennifer Clarke,Female,28,Standard,USA
4081,Robert Hassan,Male,27,Silver,UAE
4082,Anisha Khumalo,Female,57,Gold,South Africa
4083,Lerato Khumalo,Female,49,Silver,South Africa
4084,James Khan,Male,24,Gold,South Africa
4085,Ashley Zulu,Female,33,Standard,UAE
4086,Ayanda Pillay,Female,61,Silver,South Africa
4087,Michael Mthembu,Male,60,Standard,South Africa
4088,Zainab Naidoo,Female,46,Gold,South Africa
4089,Michael Singh,Male,37,Standard,South Africa
4090,James Johnson,Male,64,Platinum,South Africa
4091,Zainab Ndlovu,Female,52,Gold,UK
4092,Omar Ntuli,Male,38,Standard,UK
4093,Lauren Patel,Female,25,Standard,South Africa
4094,Mpho Lewis,Male,59,Standard,South Africa
4095,Hannah Wilson,Female,42,Standard,South Africa
4096,Kayla Davis,Female,52,Silver,South Africa
4097,Ayanda Khan,Female,24,Platinum,UK
4098,Nomsa Patel,Female,55,Silver,USA
4099,Arjun Dlamini,Male,45,Silver,South Africa
4100,Ashley Ndlovu,Female,40,Standard,South Africa
4101,Nomsa Lewis,Female,50,Standard,USA
4102,David Brown,Male,52,Silver,UK
4103,Kayla Mkhize,Female,55,Standard,USA
4104,Zanele Pillay,Female,56,Silver,South Africa
4105,Zanele Ntuli,Female,51,Standard,UK
4106,Lindiwe Hughes,Female,47,Silver,USA
4107,Lerato Clarke,Female,35,Platinum,UK
4108,Daniel Khan,Male,35,Gold,UAE
4109,Emily Walker,Female,29,Standard,South Africa
4110,Grace Johnson,Female,43,Standard,South Africa
4111,Vikram Lewis,Male,41,Standard,UAE
4112,Lerato Nkosi,Female,27,Standard,UAE
4113,Zanele Ntuli,Female,41,Standard,UAE
4114,Ashley Davis,Female,38,Gold,South Africa
4115,Divya Davis,Female,62,Standard,South Africa
4116,Kayla Dlamini,Female,24,Silver,UAE
4117,Kabelo Ntuli,Male,57,Silver,USA
4118,Hannah Brown,Female,22,Standard,USA
4119,Nkosi Mkhize,Male,36,Gold,UK
4120,Lindiwe Ntuli,Female,31,Standard,South Africa
4121,Anisha Hassan,Female,44,Silver,South Africa
4122,Themba Roberts,Male,29,Standard,South Africa
4123,Brandon Roberts,Male,39,Platinum,South Africa
4124,Ashley Jones,Female,36,Silver,UAE
4125,Tyler Zulu,Male,55,Standard,UAE
4126,Lerato Al-Rashid,Female,61,Standard,USA
4127,John Brown,Male,51,Silver,UAE
4128,Kayla Dlamini,Female,36,Gold,UAE
4129,Noah Al-Rashid,Male,53,Standard,South Africa
4130,Liam Nkosi,Male,29,Standard,UK
4131,Aisha Williams,Female,53,Silver,UK
4132,Ravi Mthembu,Male,36,Standard,UAE
4133,Elijah Walker,Male,33,Standard,South Africa
4134,Ashley Johnson,Female,36,Standard,UK
4135,Emma Davies,Female,31,Silver,UAE
4136,Nomsa Hassan,Female,20,Standard,USA
4137,Neha Ndlovu,Female,27,Standard,South Africa
4138,Emily Miller,Female,35,Platinum,South Africa
4139,Brianna Patel,Female,34,Standard,UK
4140,Jayden Brown,Male,45,Standard,South Africa
4141,Ahmed Brown,Male,52,Standard,UK
4142,Olivia Patel,Female,50,Standard,UK
4143,Themba Mkhize,Male,36,Gold,UAE
4144,Daniel Hassan,Male,37,Gold,USA
4145,Zanele Mthembu,Female,47,Standard,USA
4146,Elijah Al-Rashid,Male,50,Standard,South Africa
4147,Thabo Hassan,Male,21,Silver,South Africa
4148,Jennifer Ntuli,Female,39,Standard,USA
4149,Zainab Singh,Female,63,Gold,UK
4150,Sophia Nkosi,Female,27,Standard,USA
4151,Anisha Smith,Female,30,Standard,South Africa
4152,Tyler Mthembu,Male,22,Standard,South Africa
4153,Ahmed Patel,Male,18,Standard,South Africa
4154,Nomsa Dlamini,Female,62,Standard,UAE
4155,Hannah Roberts,Female,53,Standard,USA
4156,Lindiwe Dlamini,Female,62,Standard,USA
4157,Madison Pillay,Female,18,Standard,UAE
4158,Ravi Khumalo,Male,24,Standard,USA
4159,Arjun Roberts,Male,46,Standard,South Africa
4160,David Ntuli,Male,37,Platinum,South Africa
4161,Aisha Wilson,Female,63,Silver,UAE
4162,Lindiwe Dlamini,Female,29,Standard,South Africa
4163,Mpho Jones,Male,54,Gold,South Africa
4164,Jennifer Pillay,Female,54,Gold,UAE
4165,Busisiwe Hughes,Female,25,Platinum,South Africa
4166,William Davis,Male,20,Silver,South Africa
4167,Khalid Khumalo,Male,30,Silver,South Africa
4168,Thabo Roberts,Male,40,Platinum,UAE
4169,Divya Naidoo,Female,57,Silver,UK
4170,Grace Khumalo,Female,28,Standard,UK
4171,Elijah Pillay,Male,45,Standard,South Africa
4172,William Hassan,Male,62,Standard,UAE
4173,Busisiwe Pillay,Female,29,Silver,South Africa
4174,Zainab Lewis,Female,46,Silver,USA
4175,Sandile Govender,Male,65,Standard,UAE
4176,Sophia Smith,Female,22,Silver,South Africa
4177,Thomas Hughes,Male,22,Standard,USA
4178,Grace Jones,Female,65,Silver,South Africa
4179,Jennifer Smith,Female,22,Silver,USA
4180,Hannah Davis,Female,64,Silver,USA
4181,Emma Roberts,Female,20,Standard,USA
4182,Madison Al-Rashid,Female,64,Platinum,UAE
4183,Sipho Evans,Male,44,Standard,UAE
4184,Brandon Mthembu,Male,37,Gold,South Africa
4185,David Hughes,Male,45,Silver,South Africa
4186,Kabelo Lewis,Male,29,Silver,UAE
4187,Jennifer Smith,Female,59,Standard,UAE
4188,William Clarke,Male,47,Silver,USA
4189,Lindiwe Lewis,Female,58,Standard,USA
4190,Kabelo Naidoo,Male,58,Standard,South Africa
4191,Sophia Lewis,Female,43,Gold,South Africa
4192,Mohammed Clarke,Male,58,Standard,UAE
4193,Hannah Johnson,Female,41,Gold,USA
4194,Marcus Williams,Male,61,Standard,UK
4195,Jennifer Williams,Female,27,Silver,South Africa
4196,Emily Thompson,Female,26,Standard,UK
4197,Zainab Wilson,Female,37,Standard,UAE
4198,Samantha Zulu,Female,36,Standard,South Africa
4199,Marcus Al-Rashid,Male,40,Silver,South Africa
4200,Jennifer Al-Rashid,Female,64,Silver,South Africa
4201,Logan Smith,Male,36,Standard,USA
4202,Marcus Evans,Male,57,Silver,USA
4203,Fatima Naidoo,Female,60,Silver,UK
4204,Thomas Walker,Male,47,Standard,USA
4205,Kayla Davis,Female,51,Standard,USA
4206,Samantha Dlamini,Female,26,Standard,UK
4207,Sophia Patel,Female,48,Platinum,South Africa
4208,Ravi Zulu,Male,38,Silver,UK
4209,Arjun Lewis,Male,47,Standard,South Africa
4210,Arjun Mkhize,Male,38,Silver,UK
4211,Grace Mthembu,Female,42,Standard,UAE
4212,Yusuf Mkhize,Male,62,Silver,USA
4213,Palesa Ntuli,Female,20,Standard,UK
4214,Ravi Smith,Male,37,Standard,USA
4215,Thandeka Thompson,Female,32,Silver,UK
4216,Brandon Ndlovu,Male,36,Standard,South Africa
4217,Fatima Nkosi,Female,40,Gold,UK
4218,Divya Dlamini,Female,35,Platinum,South Africa
4219,Brandon Lewis,Male,57,Platinum,South Africa
4220,Emma Brown,Female,23,Standard,UK
4221,Mohammed Roberts,Male,23,Standard,UAE
4222,Themba Zulu,Male,23,Standard,UAE
4223,Ahmed Al-Rashid,Male,52,Silver,South Africa
4224,Khalid Evans,Male,50,Standard,South Africa
4225,Lauren Patel,Female,46,Standard,South Africa
4226,Busisiwe Smith,Female,63,Standard,USA
4227,Fatima Wilson,Female,61,Standard,UAE
4228,Themba Miller,Male,58,Platinum,South Africa
4229,Nkosi Ntuli,Male,35,Standard,USA
4230,Jennifer Hassan,Female,36,Standard,South Africa
4231,Kayla Brown,Female,29,Silver,USA
4232,Marcus Khan,Male,41,Platinum,UAE
4233,Robert Miller,Male,61,Silver,USA
4234,Tyler Mthembu,Male,26,Silver,USA
4235,Victoria Ntuli,Female,47,Standard,South Africa
4236,Omar Hassan,Male,39,Gold,South Africa
4237,Lauren Mkhize,Female,23,Gold,USA
4238,Maryam Williams,Female,59,Silver,UK
4239,Maryam Jones,Female,42,Standard,South Africa
4240,Zainab Dlamini,Female,48,Standard,South Africa
4241,Emma Evans,Female,46,Gold,South Africa
4242,Emily Govender,Female,19,Gold,UAE
4243,Anisha Jones,Female,58,Gold,USA
4244,Neha Thompson,Female,64,Standard,UK
4245,Ayanda Singh,Female,38,Standard,UAE
4246,Thandeka Davies,Female,57,Standard,USA
4247,Daniel Ndlovu,Male,26,Standard,South Africa
4248,Divya Dlamini,Female,55,Gold,UK
4249,Yusuf Johnson,Male,22,Silver,USA
4250,Mpho Dlamini,Male,33,Gold,UAE
4251,Thomas Govender,Male,26,Standard,UAE
4252,Michael Davies,Male,18,Standard,UAE
4253,Logan Al-Rashid,Male,61,Standard,UAE
4254,Themba Naidoo,Male,19,Standard,South Africa
4255,Khalid Davies,Male,61,Standard,USA
4256,Liam Nkosi,Male,64,Silver,South Africa
4257,Elijah Hughes,Male,34,Gold,South Africa
4258,Thabo Dlamini,Male,32,Silver,South Africa
4259,Victoria Patel,Female,42,Platinum,UK
4260,Palesa Patel,Female,48,Standard,South Africa
4261,Madison Ndlovu,Female,60,Silver,UK
4262,Olivia Brown,Female,40,Silver,UK
4263,Madison Dlamini,Female,26,Standard,USA
4264,Lauren Johnson,Female,20,Standard,UK
4265,Tyler Nkosi,Male,20,Standard,South Africa
4266,Noah Khan,Male,46,Standard,South Africa
4267,Jennifer Hughes,Female,59,Silver,South Africa
4268,Ravi Ndlovu,Male,24,Standard,USA
4269,Thomas Evans,Male,59,Standard,USA
4270,Lauren Davies,Female,59,Standard,USA
4271,Logan Walker,Male,40,Gold,USA
4272,Omar Zulu,Male,54,Standard,UAE
4273,Nomsa Ndlovu,Female,22,Silver,South Africa
4274,Robert Davis,Male,48,Standard,UAE
4275,Elijah Mthembu,Male,39,Platinum,South Africa
4276,Divya Thompson,Female,48,Standard,South Africa
4277,Marcus Mthembu,Male,50,Silver,South Africa
4278,Thabo Wilson,Male,49,Gold,USA
4279,Yusuf Singh,Male,28,Standard,UK
4280,Liam Clarke,Male,52,Silver,USA
4281,Hassan Thompson,Male,40,Silver,UK
4282,Daniel Singh,Male,60,Standard,UAE
4283,Tyler Evans,Male,20,Standard,UK
4284,Logan Mthembu,Male,52,Gold,South Africa
4285,Arjun Roberts,Male,57,Silver,South Africa
4286,Thandeka Khumalo,Female,58,Standard,UAE
4287,Sophia Clarke,Female,26,Standard,South Africa
4288,Grace Williams,Female,37,Platinum,UAE
4289,Emma Wilson,Female,51,Standard,UK
4290,Emma Govender,Female,62,Silver,South Africa
4291,Daniel Nkosi,Male,58,Standard,UK
4292,Sipho Mthembu,Male,25,Silver,South Africa
4293,Ahmed Patel,Male,56,Silver,UK
4294,Elijah Khumalo,Male,51,Standard,UAE
4295,Lindiwe Brown,Female,34,Standard,USA
4296,Emma Mthembu,Female,24,Standard,UAE
4297,Zanele Walker,Female,63,Gold,South Africa
4298,Grace Hassan,Female,32,Standard,UAE
4299,Daniel Ntuli,Male,42,Silver,UK
4300,Kayla Patel,Female,39,Standard,South Africa
4301,Lauren Pillay,Female,24,Gold,South Africa
4302,Sophia Dlamini,Female,49,Standard,UK
4303,Nomsa Ntuli,Female,60,Platinum,South Africa
4304,John Lewis,Male,31,Gold,UK
4305,Themba Hughes,Male,61,Standard,USA
4306,Kabelo Nkosi,Male,53,Gold,UAE
4307,Robert Khan,Male,55,Platinum,UAE
4308,Michael Davies,Male,40,Gold,South Africa
4309,Nkosi Miller,Male,57,Standard,UK
4310,Fatima Williams,Female,25,Standard,South Africa
4311,Aisha Clarke,Female,26,Silver,UK
4312,Thandeka Mthembu,Female,40,Standard,UAE
4313,Hannah Johnson,Female,35,Silver,South Africa
4314,Emma Davis,Female,57,Standard,South Africa
4315,Emma Hughes,Female,21,Silver,UAE
4316,Brandon Khan,Male,40,Gold,South Africa
4317,Omar Davies,Male,39,Platinum,UAE
4318,Maryam Govender,Female,44,Standard,USA
4319,Brianna Ntuli,Female,46,Silver,South Africa
4320,Zainab Zulu,Female,59,Standard,UK
4321,Thandeka Thompson,Female,47,Standard,UAE
4322,Robert Thompson,Male,30,Standard,UAE
4323,Mohammed Roberts,Male,65,Standard,USA
4324,Ashley Dlamini,Female,44,Platinum,UK
4325,Aisha Ntuli,Female,64,Silver,South Africa
4326,Zanele Lewis,Female,48,Silver,UK
4327,Grace Davies,Female,41,Silver,South Africa
4328,Palesa Hassan,Female,56,Silver,South Africa
4329,Noah Roberts,Male,18,Silver,USA
4330,Lerato Pillay,Female,65,Gold,UK
4331,Elijah Nkosi,Male,28,Standard,UK
4332,Lindiwe Pillay,Female,37,Gold,South Africa
4333,Thomas Davies,Male,54,Platinum,UK
4334,Thandeka Naidoo,Female,35,Standard,South Africa
4335,Marcus Ntuli,Male,52,Silver,South Africa
4336,Busisiwe Thompson,Female,32,Silver,South Africa
4337,Charlotte Davies,Female,55,Silver,South Africa
4338,Vikram Hughes,Male,51,Standard,UK
4339,Nkosi Davies,Male,44,Platinum,South Africa
4340,Lerato Davis,Female,31,Standard,UAE
4341,Priya Wilson,Female,49,Standard,UAE
4342,Madison Ntuli,Female,51,Silver,South Africa
4343,Nkosi Zulu,Male,38,Standard,UAE
4344,Thabo Roberts,Male,48,Standard,South Africa
4345,Sophia Thompson,Female,60,Standard,UAE
4346,Ayanda Davis,Female,36,Standard,UAE
4347,Palesa Davis,Female,48,Standard,South Africa
4348,Marcus Davis,Male,52,Standard,South Africa
4349,Jennifer Govender,Female,64,Standard,USA
4350,Noah Johnson,Male,60,Platinum,USA
4351,Lerato Patel,Female,20,Gold,UAE
4352,Noah Al-Rashid,Male,41,Standard,South Africa
4353,Marcus Hughes,Male,24,Gold,USA
4354,Sandile Nkosi,Male,19,Gold,South Africa
4355,Sandile Smith,Male,54,Standard,UAE
4356,David Dlamini,Male,44,Gold,UAE
4357,Khalid Wilson,Male,52,Silver,South Africa
4358,Lindiwe Mthembu,Female,36,Standard,South Africa
4359,Marcus Walker,Male,61,Gold,South Africa
4360,Priya Davies,Female,50,Silver,South Africa
4361,Yusuf Al-Rashid,Male,42,Standard,UAE
4362,Logan Brown,Male,52,Gold,South Africa
4363,Zanele Mthembu,Female,30,Silver,South Africa
4364,Fatima Thompson,Female,20,Standard,UAE
4365,Victoria Miller,Female,27,Silver,UK
4366,Alexis Singh,Female,32,Standard,UK
4367,Thandeka Smith,Female,32,Gold,South Africa
4368,Lauren Zulu,Female,36,Standard,USA
4369,Tebogo Wilson,Male,22,Silver,UK
4370,Priya Williams,Female,65,Standard,UK
4371,Lauren Davies,Female,57,Platinum,USA
4372,Kabelo Miller,Male,35,Silver,South Africa
4373,Maryam Roberts,Female,31,Standard,UK
4374,Busisiwe Evans,Female,41,Silver,UK
4375,Robert Miller,Male,30,Silver,UK
4376,Ayanda Khumalo,Female,47,Silver,UK
4377,Vikram Smith,Male,39,Standard,UK
4378,Ashley Davis,Female,36,Standard,South Africa
4379,Ashley Miller,Female,39,Standard,South Africa
4380,Zanele Evans,Female,62,Standard,South Africa
4381,Alexis Johnson,Female,57,Silver,South Africa
4382,Zainab Govender,Female,51,Standard,UAE
4383,Divya Smith,Female,38,Silver,UK
4384,Jayden Jones,Male,40,Silver,UAE
4385,Priya Miller,Female,44,Silver,UK
4386,Khalid Miller,Male,25,Standard,UK
4387,Nkosi Miller,Male,46,Standard,UK
4388,Priya Pillay,Female,50,Standard,USA
4389,Hassan Evans,Male,59,Gold,UK
4390,Jennifer Nkosi,Female,23,Standard,South Africa
4391,Emma Patel,Female,37,Standard,South Africa
4392,Grace Al-Rashid,Female,37,Standard,UAE
4393,Themba Lewis,Male,60,Standard,South Africa
4394,Zanele Clarke,Female,30,Standard,South Africa
4395,Mohammed Smith,Male,26,Standard,UK
4396,Tebogo Nkosi,Male,65,Standard,South Africa
4397,Thandeka Patel,Female,33,Standard,UAE
4398,Nomsa Wilson,Female,38,Standard,USA
4399,Liam Khan,Male,33,Standard,UK
4400,Madison Hassan,Female,58,Standard,USA
4401,Grace Johnson,Female,28,Gold,UAE
4402,William Thompson,Male,57,Standard,USA
4403,David Hughes,Male,24,Standard,UAE
4404,Arjun Evans,Male,56,Standard,UAE
4405,Liam Mkhize,Male,60,Gold,UK
4406,Brianna Davies,Female,52,Gold,UK
4407,Yusuf Evans,Male,61,Gold,UAE
4408,Tyler Ndlovu,Male,52,Standard,UAE
4409,Charlotte Ntuli,Female,59,Silver,UAE
4410,Fatima Wilson,Female,28,Silver,South Africa
4411,Thandeka Wilson,Female,35,Standard,USA
4412,Madison Pillay,Female,64,Gold,South Africa
4413,Hannah Nkosi,Female,39,Silver,UK
4414,Ayanda Thompson,Female,27,Standard,UAE
4415,John Hassan,Male,54,Standard,UK
4416,Madison Khan,Female,28,Standard,South Africa
4417,Charlotte Jones,Female,56,Gold,South Africa
4418,Michael Walker,Male,50,Standard,USA
4419,Vikram Naidoo,Male,35,Gold,UK
4420,Hassan Ndlovu,Male,56,Standard,UK
4421,Priya Nkosi,Female,61,Silver,USA
4422,Tebogo Naidoo,Male,27,Silver,South Africa
4423,Tebogo Hassan,Male,58,Silver,USA
4424,Kabelo Dlamini,Male,36,Gold,South Africa
4425,Lerato Zulu,Female,49,Standard,South Africa
4426,Zainab Mthembu,Female,37,Silver,USA
4427,Mpho Hughes,Male,41,Platinum,USA
4428,Madison Govender,Female,49,Standard,UAE
4429,Olivia Jones,Female,20,Standard,UK
4430,Sipho Patel,Male,51,Gold,South Africa
4431,Palesa Zulu,Female,47,Standard,South Africa
4432,Fatima Ndlovu,Female,49,Platinum,USA
4433,Vikram Zulu,Male,41,Silver,UK
4434,Daniel Hassan,Male,58,Standard,South Africa
4435,James Nkosi,Male,38,Standard,UAE
4436,Noah Naidoo,Male,22,Standard,USA
4437,James Naidoo,Male,33,Silver,South Africa
4438,Arjun Singh,Male,39,Gold,South Africa
4439,Daniel Davis,Male,53,Standard,USA
4440,Madison Jones,Female,58,Silver,UK
4441,Thandeka Mthembu,Female,55,Standard,USA
4442,Sophia Singh,Female,44,Standard,South Africa
4443,Hassan Nkosi,Male,63,Silver,South Africa
4444,Grace Miller,Female,44,Standard,UAE
4445,John Brown,Male,39,Standard,South Africa
4446,Lauren Wilson,Female,32,Standard,UAE
4447,Lindiwe Mthembu,Female,48,Standard,South Africa
4448,Zainab Clarke,Female,61,Platinum,UAE
4449,Neha Pillay,Female,44,Standard,USA
4450,Tyler Wilson,Male,23,Standard,USA
4451,Emma Dlamini,Female,63,Standard,UK
4452,Omar Davis,Male,62,Standard,USA
4453,Michael Mkhize,Male,63,Standard,South Africa
4454,Mpho Walker,Male,52,Platinum,South Africa
4455,Kayla Khumalo,Female,33,Standard,USA
4456,Emily Pillay,Female,46,Gold,UAE
4457,Tyler Ntuli,Male,29,Gold,South Africa
4458,Emily Thompson,Female,29,Gold,USA
4459,Marcus Nkosi,Male,36,Standard,South Africa
4460,Alexis Pillay,Female,36,Silver,USA
4461,Zainab Naidoo,Female,41,Gold,South Africa
4462,Brianna Roberts,Female,52,Gold,UK
4463,Sophia Hughes,Female,40,Standard,UAE
4464,Palesa Patel,Female,37,Standard,South Africa
4465,Nomsa Zulu,Female,19,Silver,South Africa
4466,Nkosi Mthembu,Male,20,Silver,South Africa
4467,Ashley Patel,Female,23,Standard,UK
4468,William Singh,Male,63,Standard,South Africa
4469,Jennifer Johnson,Female,44,Silver,UAE
4470,James Wilson,Male,41,Standard,UK
4471,Zanele Davies,Female,38,Standard,UK
4472,Zainab Patel,Female,61,Standard,South Africa
4473,Tyler Nkosi,Male,33,Platinum,South Africa
4474,Priya Davies,Female,40,Standard,South Africa
4475,Liam Govender,Male,63,Gold,South Africa
4476,Marcus Patel,Male,37,Platinum,USA
4477,James Khumalo,Male,42,Standard,UK
4478,John Singh,Male,39,Gold,USA
4479,Omar Evans,Male,38,Gold,UAE
4480,Themba Johnson,Male,57,Silver,UK
4481,Tebogo Clarke,Male,45,Standard,USA
4482,Tebogo Nkosi,Male,52,Platinum,South Africa
4483,Fatima Ndlovu,Female,38,Standard,USA
4484,Ayanda Jones,Female,46,Gold,UK
4485,Brianna Govender,Female,20,Standard,USA
4486,Emily Singh,Female,54,Silver,South Africa
4487,Themba Ndlovu,Male,63,Standard,UAE
4488,Tebogo Hughes,Male,32,Standard,South Africa
4489,Themba Khan,Male,51,Standard,UAE
4490,Tebogo Ntuli,Male,29,Platinum,USA
4491,Themba Zulu,Male,22,Standard,UAE
4492,Sandile Nkosi,Male,42,Silver,USA
4493,Kayla Mthembu,Female,64,Standard,UK
4494,Lauren Evans,Female,43,Standard,South Africa
4495,John Ntuli,Male,50,Silver,South Africa
4496,Nkosi Patel,Male,22,Platinum,South Africa
4497,John Ndlovu,Male,32,Silver,South Africa
4498,Ravi Dlamini,Male,54,Gold,UK
4499,Priya Al-Rashid,Female,37,Standard,South Africa
4500,Samantha Johnson,Female,48,Silver,South Africa
4501,Elijah Khan,Male,26,Gold,UAE
4502,Anisha Ntuli,Female,41,Silver,USA
4503,Mpho Mthembu,Male,29,Standard,UAE
4504,Ashley Johnson,Female,31,Gold,USA
4505,Thabo Roberts,Male,28,Gold,UAE
4506,Samantha Hughes,Female,48,Standard,UK
4507,Ayanda Lewis,Female,47,Standard,USA
4508,Thandeka Davies,Female,55,Silver,South Africa
4509,Alexis Miller,Female,37,Platinum,UK
4510,Daniel Mthembu,Male,52,Platinum,South Africa
4511,Daniel Miller,Male,37,Standard,UAE
4512,Logan Lewis,Male,36,Standard,South Africa
4513,Kayla Thompson,Female,38,Standard,UK
4514,Sandile Khan,Male,64,Standard,South Africa
4515,Nkosi Lewis,Male,30,Gold,South Africa
4516,Kabelo Nkosi,Male,20,Gold,UK
4517,Divya Mkhize,Female,49,Silver,USA
4518,Lindiwe Roberts,Female,57,Silver,South Africa
4519,Madison Johnson,Female,57,Standard,UAE
4520,Jennifer Williams,Female,43,Silver,South Africa
4521,Arjun Evans,Male,47,Gold,South Africa
4522,Lerato Miller,Female,64,Standard,South Africa
4523,Jayden Patel,Male,65,Gold,UAE
4524,Nkosi Mkhize,Male,39,Standard,UK
4525,Sipho Naidoo,Male,29,Platinum,USA
4526,Charlotte Patel,Female,39,Silver,UAE
4527,Tyler Miller,Male,47,Standard,UK
4528,Lindiwe Khan,Female,59,Standard,UAE
4529,Noah Pillay,Male,56,Standard,UAE
4530,David Nkosi,Male,47,Gold,South Africa
4531,Marcus Patel,Male,28,Standard,UAE
4532,Emily Khumalo,Female,43,Platinum,USA
4533,Olivia Walker,Female,38,Silver,USA
4534,Priya Wilson,Female,47,Standard,USA
4535,Madison Dlamini,Female,50,Standard,UAE
4536,Thabo Hughes,Male,44,Gold,South Africa
4537,Zainab Hassan,Female,48,Standard,UK
4538,Grace Davies,Female,52,Standard,UK
4539,Hassan Walker,Male,32,Standard,South Africa
4540,Alexis Govender,Female,34,Silver,UK
4541,Ahmed Hughes,Male,21,Standard,South Africa
4542,Palesa Ndlovu,Female,46,Silver,South Africa
4543,Lindiwe Singh,Female,51,Standard,UK
4544,Victoria Thompson,Female,18,Standard,South Africa
4545,James Patel,Male,50,Standard,UAE
4546,Lindiwe Nkosi,Female,40,Platinum,South Africa
4547,Kabelo Khan,Male,30,Gold,South Africa
4548,Noah Khan,Male,41,Gold,UK
4549,Ashley Dlamini,Female,50,Gold,South Africa
4550,Mohammed Davies,Male,63,Standard,UK
4551,Hassan Al-Rashid,Male,59,Silver,South Africa
4552,Mpho Davis,Male,49,Standard,South Africa
4553,Ravi Al-Rashid,Male,26,Silver,South Africa
4554,Arjun Miller,Male,44,Silver,South Africa
4555,Daniel Mkhize,Male,52,Silver,USA
4556,Hassan Zulu,Male,44,Gold,USA
4557,William Roberts,Male,19,Silver,USA
4558,Palesa Evans,Female,63,Platinum,South Africa
4559,James Govender,Male,48,Silver,South Africa
4560,Anisha Davies,Female,18,Gold,USA
4561,Kayla Davies,Female,18,Standard,South Africa
4562,Kabelo Govender,Male,61,Gold,South Africa
4563,Sipho Lewis,Male,28,Standard,UAE
4564,Thomas Nkosi,Male,42,Gold,South Africa
4565,Kayla Walker,Female,57,Platinum,UK
4566,Zainab Patel,Female,23,Silver,South Africa
4567,Thomas Brown,Male,45,Standard,South Africa
4568,Marcus Mthembu,Male,26,Silver,South Africa
4569,Tebogo Nkosi,Male,31,Standard,UAE
4570,Charlotte Singh,Female,21,Gold,UAE
4571,Noah Al-Rashid,Male,53,Silver,USA
4572,Zainab Williams,Female,22,Standard,USA
4573,Brianna Wilson,Female,60,Gold,UAE
4574,Charlotte Ndlovu,Female,53,Silver,UAE
4575,Divya Davies,Female,25,Standard,UK
4576,Brianna Patel,Female,63,Standard,South Africa
4577,Michael Pillay,Male,61,Standard,UK
4578,Logan Smith,Male,39,Silver,South Africa
4579,Nkosi Thompson,Male,33,Standard,UK
4580,Themba Jones,Male,31,Standard,UK
4581,James Hassan,Male,60,Standard,South Africa
4582,Zainab Wilson,Female,60,Standard,USA
4583,Kayla Miller,Female,20,Silver,South Africa
4584,Alexis Patel,Female,33,Standard,USA
4585,Madison Smith,Female,24,Standard,UK
4586,David Jones,Male,57,Standard,South Africa
4587,Zainab Lewis,Female,55,Gold,UAE
4588,Anisha Clarke,Female,21,Standard,UK
4589,Fatima Khan,Female,45,Gold,USA
4590,Ayanda Hassan,Female,43,Gold,UK
4591,Nomsa Dlamini,Female,58,Standard,South Africa
4592,Ravi Mthembu,Male,63,Silver,South Africa
4593,Palesa Wilson,Female,47,Standard,UK
4594,Noah Khan,Male,19,Standard,USA
4595,John Smith,Male,39,Gold,USA
4596,Maryam Jones,Female,36,Gold,UK
4597,David Walker,Male,42,Standard,UK
4598,Hannah Hassan,Female,38,Standard,South Africa
4599,Hassan Evans,Male,65,Standard,UAE
4600,Olivia Walker,Female,24,Standard,UK
4601,Zainab Brown,Female,48,Standard,South Africa
4602,Khalid Roberts,Male,48,Standard,UK
4603,Tyler Khumalo,Male,19,Platinum,South Africa
4604,Sandile Patel,Male,20,Platinum,USA
4605,Sandile Naidoo,Male,48,Silver,South Africa
4606,Arjun Wilson,Male,57,Standard,UK
4607,Logan Ntuli,Male,41,Standard,UAE
4608,Fatima Ntuli,Female,34,Standard,South Africa
4609,Michael Lewis,Male,63,Standard,South Africa
4610,Lindiwe Davies,Female,56,Standard,South Africa
4611,Jayden Naidoo,Male,23,Silver,USA
4612,Victoria Walker,Female,44,Standard,UK
4613,Thomas Walker,Male,37,Standard,UAE
4614,Neha Patel,Female,28,Standard,USA
4615,Jennifer Govender,Female,57,Platinum,UAE
4616,Priya Lewis,Female,28,Gold,South Africa
4617,Madison Naidoo,Female,57,Platinum,UK
4618,Hannah Davis,Female,36,Standard,South Africa
4619,Brianna Smith,Female,61,Platinum,South Africa
4620,James Dlamini,Male,39,Standard,South Africa
4621,Hannah Naidoo,Female,31,Standard,USA
4622,Olivia Pillay,Female,46,Standard,South Africa
4623,Logan Walker,Male,49,Standard,UK
4624,Divya Khan,Female,61,Standard,UK
4625,John Dlamini,Male,19,Platinum,UK
4626,Sandile Govender,Male,49,Standard,UK
4627,Robert Singh,Male,42,Standard,South Africa
4628,Nomsa Singh,Female,26,Standard,UAE
4629,Grace Jones,Female,50,Standard,UK
4630,Robert Johnson,Male,41,Standard,USA
4631,Busisiwe Nkosi,Female,34,Platinum,UAE
4632,James Wilson,Male,64,Standard,UK
4633,Thandeka Brown,Female,33,Silver,UK
4634,Madison Walker,Female,26,Platinum,USA
4635,Robert Singh,Male,23,Standard,USA
4636,Neha Roberts,Female,24,Standard,UK
4637,Yusuf Khan,Male,63,Silver,South Africa
4638,Mohammed Al-Rashid,Male,35,Silver,USA
4639,Sandile Mkhize,Male,23,Gold,UK
4640,Thandeka Al-Rashid,Female,21,Gold,USA
4641,Mohammed Johnson,Male,30,Standard,UK
4642,Jayden Khumalo,Male,62,Standard,USA
4643,Mpho Thompson,Male,54,Standard,South Africa
4644,Thandeka Khan,Female,22,Silver,UK
4645,Busisiwe Hughes,Female,41,Silver,USA
4646,Brianna Evans,Female,53,Standard,UAE
4647,Hannah Evans,Female,34,Silver,UAE
4648,James Dlamini,Male,29,Standard,UK
4649,Hannah Roberts,Female,61,Standard,UAE
4650,Olivia Smith,Female,33,Platinum,South Africa
4651,Anisha Patel,Female,25,Gold,South Africa
4652,Grace Nkosi,Female,24,Standard,South Africa
4653,Priya Al-Rashid,Female,45,Platinum,UK
4654,Michael Miller,Male,49,Silver,UAE
4655,Samantha Govender,Female,37,Standard,UAE
4656,Madison Walker,Female,50,Standard,UAE
4657,Ahmed Wilson,Male,48,Platinum,UAE
4658,John Smith,Male,46,Standard,UK
4659,Noah Davies,Male,22,Platinum,UAE
4660,Thandeka Brown,Female,45,Gold,USA
4661,Marcus Smith,Male,39,Standard,South Africa
4662,Anisha Hughes,Female,47,Silver,USA
4663,Kayla Khan,Female,55,Gold,UK
4664,David Evans,Male,65,Standard,South Africa
4665,Ahmed Pillay,Male,62,Silver,UK
4666,Divya Hughes,Female,47,Silver,South Africa
4667,Hassan Zulu,Male,28,Standard,UAE
4668,Divya Jones,Female,28,Standard,USA
4669,Zainab Zulu,Female,28,Standard,USA
4670,Hassan Jones,Male,60,Standard,UK
4671,Grace Clarke,Female,36,Silver,South Africa
4672,Noah Dlamini,Male,39,Standard,South Africa
4673,Mpho Mthembu,Male,31,Standard,South Africa
4674,Brianna Govender,Female,41,Gold,UAE
4675,James Singh,Male,18,Standard,UAE
4676,Daniel Roberts,Male,56,Standard,USA
4677,Priya Johnson,Female,60,Platinum,UK
4678,Hassan Hughes,Male,33,Standard,USA
4679,Robert Jones,Male,22,Standard,South Africa
4680,Elijah Wilson,Male,35,Standard,UK
4681,Grace Mkhize,Female,28,Standard,South Africa
4682,Olivia Ntuli,Female,60,Standard,UK
4683,Hannah Williams,Female,39,Silver,UK
4684,Jennifer Hughes,Female,20,Standard,UK
4685,Fatima Brown,Female,38,Standard,UAE
4686,Tyler Dlamini,Male,34,Gold,South Africa
4687,Emma Johnson,Female,31,Platinum,USA
4688,Yusuf Pillay,Male,46,Standard,UK
4689,Sophia Al-Rashid,Female,21,Silver,South Africa
4690,Sandile Singh,Male,59,Silver,UAE
4691,Themba Govender,Male,51,Standard,USA
4692,Olivia Pillay,Female,65,Standard,UK
4693,Victoria Dlamini,Female,25,Standard,South Africa
4694,Lauren Khumalo,Female,27,Standard,UK
4695,Yusuf Lewis,Male,45,Standard,South Africa
4696,Emily Hughes,Female,30,Standard,UK
4697,Michael Clarke,Male,57,Standard,UAE
4698,Mpho Evans,Male,62,Standard,USA
4699,Mpho Lewis,Male,59,Standard,UAE
4700,Noah Brown,Male,65,Standard,USA
4701,Khalid Al-Rashid,Male,40,Gold,UK
4702,Tebogo Mthembu,Male,29,Platinum,UAE
4703,Kayla Miller,Female,24,Standard,South Africa
4704,Sophia Davis,Female,23,Gold,South Africa
4705,Marcus Davies,Male,46,Standard,UAE
4706,Priya Williams,Female,26,Silver,UK
4707,Nkosi Pillay,Male,55,Standard,South Africa
4708,Grace Jones,Female,57,Silver,USA
4709,Elijah Davis,Male,26,Gold,UAE
4710,Ravi Mkhize,Male,29,Gold,UAE
4711,Grace Khan,Female,20,Standard,South Africa
4712,Sandile Thompson,Male,41,Standard,USA
4713,Ravi Miller,Male,51,Standard,South Africa
4714,Ashley Roberts,Female,47,Standard,UAE
4715,Tyler Khumalo,Male,24,Standard,UK
4716,Lerato Hughes,Female,45,Silver,South Africa
4717,Logan Brown,Male,37,Silver,USA
4718,Themba Davies,Male,22,Standard,South Africa
4719,Liam Davis,Male,36,Standard,USA
4720,Liam Ndlovu,Male,43,Standard,South Africa
4721,Emily Jones,Female,19,Standard,USA
4722,Michael Lewis,Male,55,Standard,UAE
4723,Tyler Thompson,Male,50,Platinum,South Africa
4724,Mohammed Evans,Male,50,Platinum,UK
4725,James Hughes,Male,25,Standard,South Africa
4726,Jayden Wilson,Male,45,Standard,UAE
4727,Brandon Naidoo,Male,38,Platinum,UK
4728,Sandile Evans,Male,47,Platinum,UK
4729,Zanele Clarke,Female,35,Silver,USA
4730,Zainab Davies,Female,32,Standard,UK
4731,Omar Singh,Male,48,Platinum,USA
4732,Madison Walker,Female,42,Silver,UK
4733,Noah Nkosi,Male,30,Silver,USA
4734,Khalid Khumalo,Male,51,Standard,South Africa
4735,Sandile Johnson,Male,41,Gold,South Africa
4736,Thabo Nkosi,Male,32,Silver,UAE
4737,Mpho Davis,Male,24,Silver,South Africa
4738,Zanele Evans,Female,33,Standard,South Africa
4739,Thandeka Smith,Female,36,Standard,USA
4740,Ahmed Singh,Male,24,Silver,UAE
4741,Khalid Pillay,Male,47,Silver,USA
4742,David Wilson,Male,42,Standard,South Africa
4743,Victoria Davies,Female,37,Platinum,South Africa
4744,Ravi Al-Rashid,Male,28,Silver,South Africa
4745,Zanele Ntuli,Female,43,Standard,UAE
4746,Marcus Miller,Male,32,Silver,UK
4747,Zainab Davis,Female,19,Standard,UK
4748,Emma Mkhize,Female,19,Gold,UAE
4749,Sophia Mthembu,Female,65,Standard,South Africa
4750,Logan Thompson,Male,53,Standard,UAE
4751,Kabelo Hughes,Male,58,Silver,USA
4752,Charlotte Miller,Female,46,Platinum,UK
4753,Charlotte Singh,Female,21,Standard,UK
4754,Victoria Miller,Female,27,Platinum,South Africa
4755,Zainab Ntuli,Female,40,Platinum,South Africa
4756,Victoria Williams,Female,50,Silver,UK
4757,Mpho Ndlovu,Male,39,Standard,UAE
4758,Hassan Hughes,Male,31,Standard,South Africa
4759,Ahmed Hassan,Male,30,Silver,USA
4760,Elijah Johnson,Male,60,Silver,South Africa
4761,Nomsa Miller,Female,22,Silver,UK
4762,Vikram Govender,Male,61,Silver,South Africa
4763,Zanele Smith,Female,34,Silver,USA
4764,Alexis Roberts,Female,37,Gold,South Africa
4765,Marcus Davies,Male,52,Silver,USA
4766,Victoria Miller,Female,25,Standard,USA
4767,Thomas Lewis,Male,50,Standard,UAE
4768,Jayden Evans,Male,64,Gold,USA
4769,Robert Dlamini,Male,49,Standard,UAE
4770,Ayanda Khumalo,Female,48,Standard,UK
4771,Aisha Davis,Female,40,Silver,South Africa
4772,James Thompson,Male,56,Standard,USA
4773,Alexis Mkhize,Female,39,Standard,South Africa
4774,Marcus Jones,Male,55,Silver,South Africa
4775,Brandon Hassan,Male,51,Silver,South Africa
4776,Lindiwe Jones,Female,41,Silver,USA
4777,John Davis,Male,23,Silver,USA
4778,Lerato Brown,Female,63,Standard,South Africa
4779,Robert Walker,Male,31,Silver,UK
4780,Sandile Davis,Male,42,Gold,South Africa
4781,Nomsa Evans,Female,34,Standard,USA
4782,Victoria Davies,Female,51,Gold,South Africa
4783,Olivia Williams,Female,28,Standard,UAE
4784,Alexis Nkosi,Female,31,Silver,USA
4785,Mpho Roberts,Male,48,Standard,South Africa
4786,Hassan Dlamini,Male,39,Platinum,UAE
4787,Mohammed Mthembu,Male,61,Gold,UAE
4788,Ravi Evans,Male,20,Standard,South Africa
4789,Khalid Jones,Male,50,Standard,UK
4790,Zanele Davis,Female,51,Standard,South Africa
4791,Samantha Walker,Female,53,Gold,UK
4792,Brandon Al-Rashid,Male,65,Standard,South Africa
4793,Michael Lewis,Male,22,Silver,UAE
4794,Hannah Patel,Female,59,Standard,UK
4795,Brianna Hassan,Female,61,Standard,South Africa
4796,Mpho Brown,Male,29,Standard,South Africa
4797,David Roberts,Male,19,Silver,UAE
4798,Palesa Patel,Female,44,Platinum,UAE
4799,Anisha Dlamini,Female,39,Standard,UK
4800,Victoria Patel,Female,27,Standard,UK
4801,Emma Mkhize,Female,44,Standard,UK
4802,Ayanda Hughes,Female,43,Standard,USA
4803,Anisha Smith,Female,36,Standard,UAE
4804,Thomas Zulu,Male,62,Standard,South Africa
4805,Mohammed Hassan,Male,27,Standard,South Africa
4806,Madison Naidoo,Female,53,Standard,South Africa
4807,Divya Thompson,Female,60,Standard,South Africa
4808,Elijah Naidoo,Male,40,Gold,South Africa
4809,Kabelo Naidoo,Male,50,Standard,UAE
4810,Palesa Mthembu,Female,52,Standard,USA
4811,Noah Dlamini,Male,38,Standard,UAE
4812,William Clarke,Male,59,Standard,UAE
4813,Grace Evans,Female,45,Standard,South Africa
4814,Samantha Khumalo,Female,46,Silver,South Africa
4815,Jennifer Pillay,Female,45,Standard,South Africa
4816,Zanele Evans,Female,26,Silver,UK
4817,Sophia Dlamini,Female,54,Silver,USA
4818,Ahmed Hughes,Male,37,Standard,UK
4819,Ravi Miller,Male,19,Standard,USA
4820,Nkosi Khumalo,Male,19,Standard,UAE
4821,Khalid Brown,Male,55,Gold,UK
4822,James Mthembu,Male,56,Standard,South Africa
4823,Themba Mthembu,Male,59,Silver,South Africa
4824,Victoria Pillay,Female,63,Standard,UAE
4825,Lauren Smith,Female,59,Silver,South Africa
4826,Lerato Brown,Female,53,Standard,South Africa
4827,Marcus Mthembu,Male,56,Gold,UK
4828,Neha Evans,Female,34,Standard,USA
4829,Robert Patel,Male,44,Standard,South Africa
4830,Tyler Lewis,Male,53,Silver,South Africa
4831,Fatima Davis,Female,20,Standard,UK
4832,Brandon Brown,Male,21,Silver,UK
4833,Sophia Lewis,Female,35,Silver,South Africa
4834,James Naidoo,Male,53,Gold,South Africa
4835,Tebogo Patel,Male,23,Standard,South Africa
4836,Liam Thompson,Male,36,Gold,UAE
4837,Lauren Ndlovu,Female,35,Silver,UK
4838,Kayla Ntuli,Female,47,Standard,UK
4839,Sophia Ntuli,Female,48,Standard,UAE
4840,Mpho Roberts,Male,41,Standard,USA
4841,Emily Thompson,Female,32,Silver,South Africa
4842,Brandon Khumalo,Male,46,Standard,UK
4843,Elijah Jones,Male,64,Gold,UK
4844,Brandon Davis,Male,35,Silver,South Africa
4845,Charlotte Naidoo,Female,51,Standard,USA
4846,Mpho Khumalo,Male,39,Gold,UK
4847,Divya Hassan,Female,63,Silver,UK
4848,Emma Jones,Female,52,Silver,South Africa
4849,Kabelo Dlamini,Male,41,Standard,UAE
4850,Ayanda Patel,Female,42,Standard,UK
4851,Sophia Khan,Female,55,Silver,UAE
4852,Samantha Khumalo,Female,37,Standard,South Africa
4853,Hassan Nkosi,Male,18,Standard,South Africa
4854,Ravi Jones,Male,29,Gold,South Africa
4855,Samantha Al-Rashid,Female,55,Standard,UAE
4856,Zainab Davis,Female,57,Platinum,UK
4857,Hassan Khumalo,Male,56,Standard,UK
4858,Zainab Johnson,Female,46,Standard,South Africa
4859,Tebogo Mkhize,Male,44,Platinum,UAE
4860,Mohammed Ntuli,Male,62,Gold,USA
4861,Arjun Patel,Male,50,Silver,South Africa
4862,Tyler Govender,Male,47,Platinum,South Africa
4863,Elijah Brown,Male,46,Gold,South Africa
4864,Emma Ntuli,Female,56,Platinum,UAE
4865,Divya Davies,Female,61,Gold,South Africa
4866,Ravi Walker,Male,41,Standard,South Africa
4867,Themba Wilson,Male,63,Platinum,South Africa
4868,Lindiwe Dlamini,Female,44,Standard,South Africa
4869,Lauren Smith,Female,52,Standard,UAE
4870,John Walker,Male,49,Gold,UAE
4871,Brianna Khan,Female,31,Standard,South Africa
4872,Kabelo Hughes,Male,51,Standard,USA
4873,Sandile Hughes,Male,49,Standard,USA
4874,Yusuf Naidoo,Male,50,Platinum,USA
4875,Yusuf Clarke,Male,54,Gold,UAE
4876,Tyler Wilson,Male,52,Silver,UK
4877,Marcus Khumalo,Male,27,Silver,South Africa
4878,Jennifer Mkhize,Female,24,Standard,UAE
4879,Olivia Miller,Female,64,Standard,South Africa
4880,Ravi Mkhize,Male,65,Silver,South Africa
4881,Grace Walker,Female,27,Standard,South Africa
4882,Jayden Pillay,Male,29,Gold,UAE
4883,Maryam Hughes,Female,38,Standard,UK
4884,Neha Davies,Female,54,Standard,South Africa
4885,Robert Miller,Male,29,Standard,UK
4886,Robert Wilson,Male,50,Standard,USA
4887,Ayanda Dlamini,Female,45,Standard,UK
4888,Liam Williams,Male,32,Silver,South Africa
4889,Thabo Miller,Male,26,Standard,South Africa
4890,Vikram Hassan,Male,22,Silver,UK
4891,Jennifer Davies,Female,60,Standard,UAE
4892,Thabo Johnson,Male,60,Platinum,UAE
4893,Olivia Ndlovu,Female,46,Silver,South Africa
4894,Mpho Smith,Male,25,Platinum,UAE
4895,Lindiwe Ndlovu,Female,39,Gold,UK
4896,Brianna Roberts,Female,51,Gold,South Africa
4897,Kabelo Davis,Male,28,Standard,USA
4898,Mpho Thompson,Male,23,Platinum,UK
4899,Lindiwe Khan,Female,28,Silver,South Africa
4900,Hannah Naidoo,Female,32,Silver,UAE
4901,Charlotte Singh,Female,24,Gold,UK
4902,Charlotte Zulu,Female,49,Standard,USA
4903,Emma Jones,Female,37,Silver,UAE
4904,Tyler Naidoo,Male,45,Standard,UK
4905,Lindiwe Nkosi,Female,58,Gold,South Africa
4906,Vikram Pillay,Male,52,Standard,South Africa
4907,Lindiwe Nkosi,Female,31,Gold,UK
4908,Liam Clarke,Male,26,Standard,USA
4909,Anisha Wilson,Female,22,Standard,UAE
4910,Michael Davies,Male,47,Silver,UK
4911,Kabelo Dlamini,Male,59,Silver,USA
4912,Sandile Thompson,Male,41,Gold,South Africa
4913,James Williams,Male,43,Silver,USA
4914,Thabo Roberts,Male,18,Gold,South Africa
4915,Nomsa Naidoo,Female,31,Silver,South Africa
4916,Olivia Davies,Female,43,Gold,USA
4917,Busisiwe Nkosi,Female,25,Gold,South Africa
4918,Emma Thompson,Female,41,Standard,USA
4919,Lauren Evans,Female,18,Standard,South Africa
4920,Brandon Thompson,Male,51,Standard,South Africa
4921,Neha Brown,Female,48,Platinum,South Africa
4922,Noah Dlamini,Male,29,Gold,UAE
4923,Ashley Davies,Female,61,Platinum,UAE
4924,Ayanda Patel,Female,25,Standard,South Africa
4925,Busisiwe Zulu,Female,34,Standard,USA
4926,Busisiwe Thompson,Female,36,Standard,South Africa
4927,Themba Smith,Male,28,Platinum,UAE
4928,Mpho Brown,Male,54,Platinum,South Africa
4929,Charlotte Johnson,Female,25,Standard,UK
4930,Elijah Mkhize,Male,22,Silver,USA
4931,Ahmed Al-Rashid,Male,48,Standard,South Africa
4932,Divya Brown,Female,26,Silver,South Africa
4933,Vikram Mkhize,Male,61,Standard,UAE
4934,Busisiwe Govender,Female,59,Standard,UK
4935,Thandeka Roberts,Female,63,Standard,USA
4936,Thomas Smith,Male,44,Silver,UAE
4937,Emma Naidoo,Female,25,Standard,UAE
4938,Zainab Nkosi,Female,27,Standard,UAE
4939,Kayla Miller,Female,43,Standard,South Africa
4940,Jennifer Ntuli,Female,29,Standard,South Africa
4941,Robert Ntuli,Male,31,Standard,USA
4942,Alexis Walker,Female,51,Standard,USA
4943,Vikram Jones,Male,52,Standard,UK
4944,Charlotte Patel,Female,61,Silver,USA
4945,Zainab Lewis,Female,64,Gold,UK
4946,Maryam Mkhize,Female,19,Gold,South Africa
4947,Nomsa Khan,Female,58,Standard,South Africa
4948,Neha Zulu,Female,59,Standard,South Africa
4949,Yusuf Thompson,Male,53,Standard,UK
4950,Zainab Clarke,Female,52,Standard,South Africa
4951,Brandon Jones,Male,53,Silver,UAE
4952,Noah Khumalo,Male,49,Standard,UK
4953,Ayanda Davis,Female,63,Standard,UAE
4954,Yusuf Clarke,Male,59,Gold,UK
4955,Thandeka Dlamini,Female,42,Gold,USA
4956,Themba Nkosi,Male,62,Silver,USA
4957,Mpho Lewis,Male,18,Standard,UAE
4958,Sipho Thompson,Male,19,Platinum,USA
4959,Neha Naidoo,Female,30,Standard,UAE
4960,Divya Govender,Female,62,Silver,UAE
4961,John Hughes,Male,33,Silver,UK
4962,Ashley Dlamini,Female,49,Platinum,South Africa
4963,Ashley Clarke,Female,39,Platinum,South Africa
4964,Neha Jones,Female,27,Gold,South Africa
4965,Themba Brown,Male,33,Silver,South Africa
4966,Omar Roberts,Male,21,Standard,UK
4967,Lerato Patel,Female,41,Standard,USA
4968,Ahmed Hassan,Male,33,Silver,UK
4969,Vikram Davies,Male,65,Silver,South Africa
4970,Marcus Jones,Male,33,Gold,UAE
4971,Ravi Hassan,Male,42,Silver,USA
4972,Grace Ndlovu,Female,35,Standard,UAE
4973,Nkosi Ntuli,Male,48,Gold,South Africa
4974,Tebogo Miller,Male,50,Standard,South Africa
4975,Emma Al-Rashid,Female,34,Standard,USA
4976,Brianna Davis,Female,48,Gold,USA
4977,Busisiwe Davis,Female,22,Silver,South Africa
4978,Hannah Mthembu,Female,20,Gold,USA
4979,Emma Williams,Female,57,Standard,South Africa
4980,Victoria Naidoo,Female,48,Gold,South Africa
4981,Nkosi Dlamini,Male,25,Standard,South Africa
4982,Busisiwe Singh,Female,54,Gold,UK
4983,Tebogo Mthembu,Male,43,Silver,UK
4984,Victoria Lewis,Female,55,Gold,South Africa
4985,Ahmed Jones,Male,22,Silver,South Africa
4986,Brandon Pillay,Male,60,Standard,UAE
4987,Thabo Pillay,Male,54,Gold,South Africa
4988,Thabo Nkosi,Male,27,Silver,UK
4989,Yusuf Mthembu,Male,41,Standard,South Africa
4990,John Jones,Male,39,Standard,South Africa
4991,Ashley Clarke,Female,37,Standard,South Africa
4992,Hannah Miller,Female,32,Silver,South Africa
4993,Emily Al-Rashid,Female,38,Standard,South Africa
4994,Grace Hassan,Female,58,Standard,USA
4995,Brandon Hassan,Male,18,Silver,USA
4996,Zanele Wilson,Female,36,Gold,South Africa
4997,William Nkosi,Male,27,Standard,UK
4998,Sandile Evans,Male,18,Standard,USA
4999,Charlotte Brown,Female,32,Silver,South Africa
5000,John Hassan,Male,62,Standard,South Africa
5001,Sophia Thompson,Female,48,Standard,USA
5002,Alexis Hughes,Female,36,Standard,South Africa
5003,Aisha Davies,Female,60,Standard,USA
5004,Marcus Hughes,Male,47,Platinum,South Africa
5005,Liam Govender,Male,43,Standard,USA
5006,Emily Wilson,Female,50,Platinum,USA
5007,James Davies,Male,38,Platinum,UK
5008,Thabo Miller,Male,59,Standard,South Africa
5009,Palesa Ntuli,Female,19,Silver,USA
5010,Palesa Al-Rashid,Female,42,Gold,UK
5011,Liam Zulu,Male,29,Silver,South Africa
5012,Omar Wilson,Male,30,Platinum,South Africa
5013,Michael Naidoo,Male,60,Silver,UK
5014,Madison Williams,Female,41,Standard,South Africa
5015,Madison Walker,Female,42,Standard,South Africa
5016,Hassan Pillay,Male,41,Silver,UK
5017,Anisha Ndlovu,Female,59,Standard,USA
5018,Ashley Williams,Female,27,Gold,South Africa
5019,Neha Davies,Female,64,Platinum,South Africa
5020,Divya Thompson,Female,58,Standard,UK
5021,Ashley Pillay,Female,40,Gold,South Africa
5022,Ravi Mthembu,Male,27,Platinum,UK
5023,Brianna Govender,Female,59,Platinum,UK
5024,Omar Naidoo,Male,37,Silver,USA
5025,Emma Mthembu,Female,47,Standard,South Africa
5026,Nkosi Smith,Male,44,Standard,South Africa
5027,Nkosi Pillay,Male,47,Standard,USA
5028,Elijah Ndlovu,Male,32,Standard,South Africa
5029,Omar Roberts,Male,25,Standard,South Africa
5030,John Al-Rashid,Male,58,Platinum,South Africa
5031,Yusuf Hughes,Male,38,Standard,USA
5032,Jennifer Roberts,Female,56,Standard,USA
5033,Victoria Jones,Female,46,Gold,USA
5034,Thomas Lewis,Male,62,Platinum,South Africa
5035,Thabo Evans,Male,54,Standard,USA
5036,Ravi Williams,Male,19,Standard,UK
5037,Aisha Walker,Female,60,Silver,UK
5038,Daniel Ntuli,Male,65,Silver,South Africa
5039,Kayla Mkhize,Female,42,Silver,USA
5040,Fatima Patel,Female,41,Platinum,South Africa
5041,Brianna Roberts,Female,30,Gold,UAE
5042,Brandon Smith,Male,38,Gold,South Africa
5043,Maryam Al-Rashid,Female,39,Standard,USA
5044,Aisha Zulu,Female,62,Standard,USA
5045,Thomas Ntuli,Male,54,Standard,UAE
5046,Ashley Hughes,Female,35,Standard,USA
5047,Marcus Ndlovu,Male,40,Standard,South Africa
5048,Alexis Davis,Female,50,Standard,South Africa
5049,Sandile Pillay,Male,65,Silver,South Africa
5050,Michael Patel,Male,30,Standard,South Africa
5051,Priya Walker,Female,50,Platinum,South Africa
5052,Jayden Ndlovu,Male,35,Silver,USA
5053,Emily Patel,Female,20,Gold,South Africa
5054,Jennifer Davis,Female,40,Standard,South Africa
5055,Omar Naidoo,Male,35,Silver,USA
5056,Tebogo Miller,Male,32,Standard,South Africa
5057,Grace Johnson,Female,24,Standard,UK
5058,Brianna Patel,Female,43,Standard,USA
5059,Themba Smith,Male,62,Gold,UK
5060,Vikram Zulu,Male,53,Standard,UAE
5061,Olivia Clarke,Female,38,Silver,UK
5062,Arjun Lewis,Male,44,Silver,UK
5063,Palesa Naidoo,Female,24,Gold,South Africa
5064,Brandon Davis,Male,44,Standard,UK
5065,Vikram Nkosi,Male,19,Gold,South Africa
5066,Tebogo Dlamini,Male,37,Gold,UK
5067,Palesa Mkhize,Female,38,Silver,South Africa
5068,Mpho Davies,Male,43,Silver,UK
5069,Lauren Dlamini,Female,35,Standard,UAE
5070,Sipho Miller,Male,62,Platinum,UAE
5071,Zainab Al-Rashid,Female,32,Standard,South Africa
5072,Grace Ndlovu,Female,60,Silver,UK
5073,Noah Walker,Male,38,Standard,South Africa
5074,Thomas Mthembu,Male,42,Standard,South Africa
5075,Hassan Govender,Male,18,Standard,USA
5076,Ashley Jones,Female,46,Platinum,USA
5077,Nomsa Evans,Female,47,Standard,South Africa
5078,Vikram Govender,Male,31,Standard,UAE
5079,James Jones,Male,20,Silver,UAE
5080,Olivia Ntuli,Female,44,Standard,USA
5081,Tebogo Mthembu,Male,58,Standard,South Africa
5082,Lauren Brown,Female,63,Standard,UK
5083,Zainab Wilson,Female,33,Standard,USA
5084,Lauren Jones,Female,56,Standard,South Africa
5085,Samantha Naidoo,Female,33,Silver,South Africa
5086,Michael Miller,Male,26,Silver,UAE
5087,John Mkhize,Male,40,Standard,South Africa
5088,Maryam Walker,Female,64,Platinum,UK
5089,Omar Khumalo,Male,50,Standard,South Africa
5090,Marcus Zulu,Male,42,Gold,UAE
5091,Zanele Mkhize,Female,36,Standard,USA
5092,Sophia Al-Rashid,Female,49,Gold,UAE
5093,Themba Wilson,Male,59,Platinum,South Africa
5094,Ayanda Williams,Female,44,Silver,UK
5095,Marcus Davis,Male,37,Gold,South Africa
5096,Marcus Smith,Male,40,Standard,South Africa
5097,Tebogo Walker,Male,32,Silver,South Africa
5098,Themba Davis,Male,60,Platinum,South Africa
5099,Maryam Williams,Female,21,Gold,South Africa
5100,Grace Walker,Female,36,Platinum,South Africa
5101,Emma Clarke,Female,19,Standard,UAE
5102,Olivia Dlamini,Female,54,Standard,UAE
5103,Themba Williams,Male,33,Silver,South Africa
5104,Jayden Smith,Male,32,Standard,UAE
5105,Zainab Mthembu,Female,41,Standard,USA
5106,Robert Mthembu,Male,33,Standard,USA
5107,Lerato Jones,Female,63,Standard,South Africa
5108,Lindiwe Mkhize,Female,59,Gold,UAE
5109,Emma Thompson,Female,57,Gold,South Africa
5110,Emma Evans,Female,57,Silver,South Africa
5111,Brandon Al-Rashid,Male,42,Platinum,UAE
5112,Palesa Johnson,Female,63,Silver,UK
5113,Themba Roberts,Male,45,Platinum,South Africa
5114,Thomas Pillay,Male,37,Standard,USA
5115,Kayla Mthembu,Female,57,Gold,UK
5116,Ayanda Brown,Female,32,Silver,UK
5117,Ayanda Pillay,Female,62,Standard,USA
5118,David Al-Rashid,Male,52,Standard,USA
5119,Zainab Smith,Female,20,Silver,South Africa
5120,Themba Al-Rashid,Male,18,Gold,UK
5121,Sophia Thompson,Female,49,Standard,South Africa
5122,Michael Lewis,Male,44,Gold,South Africa
5123,Elijah Zulu,Male,29,Standard,USA
5124,Mohammed Smith,Male,55,Standard,UK
5125,Emma Walker,Female,36,Standard,UAE
5126,Maryam Govender,Female,39,Standard,UK
5127,Palesa Miller,Female,51,Standard,UAE
5128,Kabelo Davies,Male,60,Standard,South Africa
5129,Lindiwe Hughes,Female,53,Standard,USA
5130,Brianna Miller,Female,26,Standard,South Africa
5131,Tebogo Al-Rashid,Male,37,Standard,UAE
5132,Nomsa Ntuli,Female,46,Standard,South Africa
5133,Fatima Patel,Female,41,Standard,USA
5134,Neha Al-Rashid,Female,51,Silver,South Africa
5135,Kabelo Johnson,Male,37,Standard,South Africa
5136,Neha Davies,Female,49,Platinum,USA
5137,Palesa Al-Rashid,Female,20,Standard,USA
5138,Noah Pillay,Male,56,Standard,UAE
5139,Divya Mkhize,Female,23,Standard,South Africa
5140,Sandile Smith,Male,60,Gold,South Africa
5141,Thandeka Naidoo,Female,19,Standard,USA
5142,Thabo Evans,Male,31,Standard,UK
5143,Sophia Ndlovu,Female,36,Silver,UK
5144,Lerato Singh,Female,25,Silver,USA
5145,Neha Patel,Female,58,Standard,South Africa
5146,David Clarke,Male,21,Standard,South Africa
5147,Kayla Naidoo,Female,35,Standard,USA
5148,Busisiwe Mkhize,Female,23,Standard,UAE
5149,Ravi Al-Rashid,Male,44,Silver,UAE
5150,Mpho Naidoo,Male,45,Standard,South Africa
5151,Brianna Zulu,Female,51,Platinum,UK
5152,Aisha Pillay,Female,56,Silver,UAE
5153,Thabo Miller,Male,30,Silver,South Africa
5154,Madison Ntuli,Female,51,Standard,South Africa
5155,Madison Smith,Female,58,Platinum,UAE
5156,Victoria Naidoo,Female,31,Silver,USA
5157,Khalid Roberts,Male,42,Standard,South Africa
5158,Emily Hughes,Female,50,Gold,South Africa
5159,Logan Govender,Male,28,Silver,South Africa
5160,Marcus Govender,Male,26,Gold,South Africa
5161,Nomsa Hughes,Female,46,Standard,UK
5162,Ravi Govender,Male,63,Standard,USA
5163,Mpho Al-Rashid,Male,59,Silver,UK
5164,Lindiwe Thompson,Female,59,Gold,South Africa
5165,Tyler Williams,Male,21,Standard,South Africa
5166,Themba Patel,Male,34,Gold,USA
5167,Logan Hughes,Male,31,Silver,UK
5168,Themba Zulu,Male,45,Standard,USA
5169,Mpho Khan,Male,35,Silver,UAE
5170,Grace Johnson,Female,42,Gold,South Africa
5171,Olivia Evans,Female,24,Standard,USA
5172,James Hassan,Male,26,Silver,UAE
5173,Mohammed Khan,Male,20,Silver,South Africa
5174,Thandeka Khumalo,Female,51,Gold,USA
5175,Kabelo Naidoo,Male,52,Standard,UK
5176,Mpho Al-Rashid,Male,27,Standard,South Africa
5177,Jayden Ndlovu,Male,49,Silver,USA
5178,Madison Govender,Female,43,Standard,South Africa
5179,Hassan Ndlovu,Male,50,Gold,South Africa
5180,Yusuf Smith,Male,59,Standard,South Africa
5181,Omar Smith,Male,57,Silver,UK
5182,Ashley Naidoo,Female,56,Standard,South Africa
5183,Arjun Walker,Male,46,Silver,USA
5184,James Pillay,Male,65,Standard,UAE
5185,Samantha Govender,Female,33,Standard,UK
5186,Thandeka Johnson,Female,50,Silver,USA
5187,Olivia Miller,Female,25,Gold,UAE
5188,Alexis Dlamini,Female,24,Standard,South Africa
5189,Thomas Roberts,Male,52,Standard,UAE
5190,Kayla Davis,Female,52,Standard,UAE
5191,Vikram Clarke,Male,64,Gold,USA
5192,Khalid Walker,Male,31,Silver,South Africa
5193,Sophia Mthembu,Female,37,Silver,USA
5194,Michael Khan,Male,24,Standard,South Africa
5195,Alexis Davies,Female,57,Standard,South Africa
5196,William Clarke,Male,47,Standard,USA
5197,Priya Singh,Female,42,Gold,UK
5198,Emma Johnson,Female,23,Standard,UAE
5199,Daniel Williams,Male,46,Standard,UK
5200,James Mthembu,Male,31,Standard,South Africa
5201,Sandile Evans,Male,35,Silver,UK
5202,Priya Govender,Female,53,Standard,South Africa
5203,Noah Ndlovu,Male,37,Standard,UK
5204,Michael Brown,Male,32,Gold,South Africa
5205,Nkosi Mkhize,Male,24,Standard,UK
5206,Thomas Miller,Male,35,Platinum,USA
5207,Grace Williams,Female,32,Silver,USA
5208,Omar Smith,Male,61,Standard,UAE
5209,Thabo Lewis,Male,44,Standard,USA
5210,Neha Mkhize,Female,18,Standard,South Africa
5211,Maryam Evans,Female,44,Standard,UAE
5212,Elijah Evans,Male,45,Silver,UK
5213,Zainab Pillay,Female,26,Silver,USA
5214,Jennifer Smith,Female,62,Standard,UK
5215,Sophia Davies,Female,57,Silver,UK
5216,Themba Dlamini,Male,18,Gold,UK
5217,Tebogo Pillay,Male,28,Silver,UAE
5218,Aisha Naidoo,Female,64,Gold,UK
5219,Neha Govender,Female,22,Gold,UAE
5220,Brandon Mthembu,Male,20,Silver,UAE
5221,Anisha Khan,Female,40,Platinum,South Africa
5222,Grace Walker,Female,57,Standard,South Africa
5223,Ayanda Wilson,Female,20,Silver,USA
5224,Yusuf Singh,Male,38,Platinum,South Africa
5225,Logan Mkhize,Male,29,Standard,UK
5226,William Khan,Male,47,Silver,USA
5227,Liam Hassan,Male,58,Gold,UK
5228,Busisiwe Govender,Female,43,Gold,South Africa
5229,Mohammed Brown,Male,64,Platinum,South Africa
5230,Robert Miller,Male,52,Standard,South Africa
5231,Logan Williams,Male,55,Platinum,UAE
5232,Victoria Walker,Female,56,Silver,UK
5233,Mohammed Khumalo,Male,65,Standard,UAE
5234,Lerato Naidoo,Female,49,Silver,UAE
5235,John Williams,Male,20,Silver,UK
5236,Ravi Khan,Male,56,Standard,UAE
5237,Victoria Davis,Female,46,Platinum,UAE
5238,Brandon Jones,Male,29,Standard,South Africa
5239,Zanele Miller,Female,62,Standard,South Africa
5240,Madison Miller,Female,51,Silver,UAE
5241,Madison Hughes,Female,46,Standard,South Africa
5242,Lerato Davies,Female,32,Silver,UAE
5243,Marcus Naidoo,Male,23,Silver,UK
5244,Ashley Williams,Female,48,Standard,South Africa
5245,Tebogo Al-Rashid,Male,58,Gold,USA
5246,Daniel Jones,Male,24,Standard,UAE
5247,Michael Hughes,Male,59,Standard,South Africa
5248,Liam Johnson,Male,44,Standard,South Africa
5249,Aisha Zulu,Female,44,Standard,UAE
5250,Liam Wilson,Male,48,Platinum,UAE
5251,Logan Wilson,Male,51,Platinum,UAE
5252,Lerato Davis,Female,37,Silver,USA
5253,Emma Evans,Female,57,Silver,South Africa
5254,Nomsa Khan,Female,42,Standard,South Africa
5255,Grace Johnson,Female,22,Standard,UAE
5256,James Johnson,Male,48,Gold,UAE
5257,Lauren Walker,Female,25,Silver,USA
5258,Ahmed Hughes,Male,29,Standard,South Africa
5259,Sophia Walker,Female,20,Standard,USA
5260,Zanele Mthembu,Female,33,Standard,South Africa
5261,Grace Evans,Female,20,Silver,USA
5262,Emily Jones,Female,31,Silver,South Africa
5263,Fatima Ndlovu,Female,22,Standard,USA
5264,Noah Clarke,Male,44,Standard,South Africa
5265,Victoria Wilson,Female,46,Gold,UAE
5266,Vikram Hassan,Male,63,Standard,South Africa
5267,Thabo Smith,Male,42,Platinum,South Africa
5268,Palesa Pillay,Female,56,Silver,USA
5269,Omar Wilson,Male,31,Standard,UAE
5270,Hassan Ndlovu,Male,23,Gold,UAE
5271,Hassan Davies,Male,61,Standard,UAE
5272,Madison Smith,Female,34,Platinum,USA
5273,Charlotte Thompson,Female,57,Standard,USA
5274,Fatima Johnson,Female,23,Silver,USA
5275,Alexis Davies,Female,47,Standard,South Africa
5276,Sophia Smith,Female,34,Standard,UK
5277,Alexis Smith,Female,47,Standard,UAE
5278,David Lewis,Male,54,Silver,UAE
5279,Ravi Hughes,Male,57,Silver,South Africa
5280,Elijah Brown,Male,20,Standard,UK
5281,Olivia Mkhize,Female,52,Standard,South Africa
5282,William Ndlovu,Male,54,Silver,USA
5283,Elijah Walker,Male,24,Platinum,UK
5284,Tebogo Hassan,Male,23,Silver,South Africa
5285,Liam Clarke,Male,18,Standard,South Africa
5286,Omar Smith,Male,19,Platinum,UK
5287,Emma Ntuli,Female,42,Standard,USA
5288,Thandeka Miller,Female,21,Standard,South Africa
5289,Nomsa Hughes,Female,62,Standard,USA
5290,Nomsa Davies,Female,64,Gold,USA
5291,Sandile Wilson,Male,33,Standard,South Africa
5292,Divya Thompson,Female,54,Gold,South Africa
5293,Ayanda Thompson,Female,40,Silver,UAE
5294,Palesa Al-Rashid,Female,33,Platinum,South Africa
5295,Grace Walker,Female,65,Standard,UK
5296,Noah Lewis,Male,23,Platinum,UAE
5297,Daniel Mthembu,Male,64,Standard,USA
5298,Priya Ntuli,Female,36,Silver,UAE
5299,Khalid Jones,Male,36,Standard,UAE
5300,Michael Pillay,Male,20,Standard,USA
5301,Zainab Davis,Female,43,Silver,South Africa
5302,Sophia Wilson,Female,28,Standard,South Africa
5303,Mohammed Khan,Male,54,Standard,UK
5304,Ashley Nkosi,Female,43,Gold,USA
5305,Tyler Clarke,Male,28,Standard,UAE
5306,Zainab Govender,Female,47,Standard,South Africa
5307,Palesa Singh,Female,28,Platinum,UAE
5308,Aisha Patel,Female,59,Platinum,South Africa
5309,Grace Hassan,Female,31,Silver,South Africa
5310,Lerato Miller,Female,55,Standard,South Africa
5311,Tebogo Govender,Male,44,Standard,UK
5312,Olivia Zulu,Female,20,Gold,UK
5313,Sophia Thompson,Female,18,Standard,South Africa
5314,Emma Mkhize,Female,23,Standard,South Africa
5315,Ayanda Smith,Female,28,Standard,UAE
5316,Palesa Thompson,Female,46,Platinum,South Africa
5317,Themba Ndlovu,Male,20,Standard,South Africa
5318,John Khan,Male,26,Silver,South Africa
5319,Neha Wilson,Female,36,Standard,South Africa
5320,Ayanda Nkosi,Female,40,Standard,UAE
5321,Sandile Lewis,Male,51,Standard,South Africa
5322,Lauren Davies,Female,54,Silver,South Africa
5323,Lerato Thompson,Female,58,Silver,South Africa
5324,Arjun Al-Rashid,Male,51,Standard,UAE
5325,Sipho Wilson,Male,29,Silver,USA
5326,Daniel Miller,Male,40,Gold,South Africa
5327,Anisha Smith,Female,24,Standard,South Africa
5328,Vikram Naidoo,Male,19,Standard,USA
5329,Nkosi Ntuli,Male,45,Standard,UK
5330,Tyler Davis,Male,57,Standard,UK
5331,Aisha Hughes,Female,24,Silver,UK
5332,John Ntuli,Male,27,Standard,UAE
5333,Fatima Khumalo,Female,42,Gold,USA
5334,Michael Davies,Male,44,Platinum,USA
5335,Neha Roberts,Female,37,Standard,UAE
5336,Hannah Govender,Female,38,Silver,South Africa
5337,James Govender,Male,65,Silver,UAE
5338,Grace Ndlovu,Female,31,Silver,UK
5339,Charlotte Johnson,Female,60,Standard,USA
5340,Liam Hassan,Male,30,Standard,UK
5341,Kayla Jones,Female,18,Standard,USA
5342,Hannah Khumalo,Female,63,Standard,USA
5343,Thabo Pillay,Male,29,Standard,UK
5344,Marcus Mthembu,Male,20,Standard,South Africa
5345,Madison Davies,Female,61,Standard,South Africa
5346,Nkosi Miller,Male,36,Platinum,UAE
5347,Nomsa Davies,Female,63,Silver,UAE
5348,Sophia Davies,Female,33,Gold,UK
5349,Sandile Lewis,Male,54,Platinum,USA
5350,Zainab Govender,Female,39,Platinum,UK
5351,Priya Clarke,Female,19,Silver,UAE
5352,Busisiwe Smith,Female,51,Standard,UK
5353,Victoria Walker,Female,51,Silver,UK
5354,Sipho Khan,Male,65,Platinum,UAE
5355,Arjun Clarke,Male,30,Gold,UAE
5356,Emily Jones,Female,40,Platinum,USA
5357,Tebogo Khumalo,Male,34,Standard,UAE
5358,Nomsa Wilson,Female,57,Standard,UK
5359,Victoria Mthembu,Female,18,Standard,South Africa
5360,Jayden Govender,Male,39,Standard,UK
5361,Noah Smith,Male,20,Standard,UK
5362,Zainab Thompson,Female,27,Gold,USA
5363,Divya Evans,Female,56,Silver,USA
5364,Thomas Johnson,Male,27,Standard,South Africa
5365,Ahmed Jones,Male,46,Gold,South Africa
5366,Alexis Evans,Female,38,Standard,UK
5367,Elijah Walker,Male,52,Silver,South Africa
5368,Omar Walker,Male,55,Gold,South Africa
5369,Logan Clarke,Male,23,Silver,UK
5370,Marcus Singh,Male,19,Silver,UK
5371,Zanele Hassan,Female,53,Standard,South Africa
5372,Brandon Thompson,Male,35,Standard,USA
5373,Anisha Khan,Female,52,Gold,South Africa
5374,Ayanda Walker,Female,31,Platinum,UAE
5375,Elijah Wilson,Male,59,Silver,South Africa
5376,Hassan Singh,Male,62,Silver,UAE
5377,Yusuf Mkhize,Male,29,Silver,UAE
5378,Vikram Jones,Male,29,Platinum,UK
5379,Maryam Clarke,Female,49,Standard,UK
5380,Palesa Govender,Female,54,Standard,UAE
5381,Mpho Davis,Male,28,Gold,South Africa
5382,Hassan Khan,Male,47,Silver,UAE
5383,Fatima Davis,Female,60,Silver,USA
5384,Neha Thompson,Female,62,Silver,South Africa
5385,Aisha Khan,Female,30,Standard,UAE
5386,Thomas Pillay,Male,55,Standard,USA
5387,Thomas Nkosi,Male,32,Standard,UK
5388,James Williams,Male,56,Standard,South Africa
5389,Mohammed Miller,Male,25,Standard,South Africa
5390,Vikram Miller,Male,64,Standard,USA
5391,Tyler Miller,Male,28,Silver,South Africa
5392,Liam Khumalo,Male,25,Gold,USA
5393,Grace Wilson,Female,62,Standard,UK
5394,Fatima Nkosi,Female,28,Gold,USA
5395,Thandeka Brown,Female,39,Standard,USA
5396,Fatima Ntuli,Female,32,Silver,USA
5397,Aisha Nkosi,Female,32,Standard,USA
5398,John Jones,Male,32,Standard,UAE
5399,Sandile Evans,Male,20,Gold,UK
5400,Priya Hassan,Female,24,Standard,UAE
5401,David Hughes,Male,41,Standard,South Africa
5402,Tebogo Nkosi,Male,60,Standard,South Africa
5403,Nomsa Brown,Female,33,Silver,South Africa
5404,Hannah Patel,Female,60,Silver,South Africa
5405,James Johnson,Male,32,Silver,USA
5406,Liam Ndlovu,Male,42,Standard,USA
5407,Sipho Mkhize,Male,35,Platinum,South Africa
5408,Grace Lewis,Female,41,Standard,USA
5409,Robert Al-Rashid,Male,33,Platinum,UAE
5410,Samantha Zulu,Female,47,Standard,South Africa
5411,Ravi Naidoo,Male,63,Standard,UK
5412,Lerato Miller,Female,60,Standard,South Africa
5413,Lerato Hughes,Female,39,Standard,UK
5414,Hannah Dlamini,Female,42,Standard,South Africa
5415,Fatima Lewis,Female,60,Standard,UK
5416,Sandile Govender,Male,53,Platinum,UAE
5417,Ashley Miller,Female,63,Standard,South Africa
5418,John Smith,Male,53,Silver,UAE
5419,William Smith,Male,54,Platinum,UAE
5420,Themba Singh,Male,21,Standard,UK
5421,Madison Clarke,Female,34,Silver,South Africa
5422,Neha Williams,Female,24,Silver,South Africa
5423,Jennifer Dlamini,Female,28,Standard,South Africa
5424,Emily Khan,Female,56,Standard,USA
5425,Victoria Wilson,Female,35,Standard,South Africa
5426,Hassan Khumalo,Male,62,Standard,UAE
5427,Zanele Jones,Female,25,Silver,USA
5428,Noah Williams,Male,58,Standard,UAE
5429,Kabelo Williams,Male,65,Platinum,USA
5430,Jennifer Roberts,Female,49,Standard,UAE
5431,Divya Khumalo,Female,51,Silver,UK
5432,Priya Ntuli,Female,62,Standard,South Africa
5433,Khalid Smith,Male,23,Gold,South Africa
5434,Kabelo Dlamini,Male,19,Silver,South Africa
5435,Nomsa Ntuli,Female,41,Silver,USA
5436,Ahmed Clarke,Male,58,Platinum,UAE
5437,Busisiwe Jones,Female,25,Standard,South Africa
5438,Thabo Hughes,Male,50,Silver,USA
5439,Khalid Govender,Male,24,Platinum,South Africa
5440,Thandeka Dlamini,Female,48,Silver,UK
5441,Omar Patel,Male,61,Gold,USA
5442,Elijah Singh,Male,21,Silver,USA
5443,William Davies,Male,22,Platinum,UK
5444,James Davis,Male,22,Silver,UAE
5445,Alexis Roberts,Female,31,Standard,USA
5446,Emily Roberts,Female,62,Standard,USA
5447,Michael Wilson,Male,31,Standard,UAE
5448,Nkosi Govender,Male,64,Silver,South Africa
5449,Ayanda Jones,Female,55,Standard,South Africa
5450,Priya Williams,Female,62,Standard,USA
5451,Jennifer Smith,Female,42,Silver,UAE
5452,Emma Lewis,Female,39,Gold,USA
5453,Mpho Davies,Male,30,Gold,South Africa
5454,Hannah Al-Rashid,Female,20,Standard,USA
5455,Sandile Walker,Male,58,Platinum,USA
5456,Brianna Williams,Female,36,Standard,South Africa
5457,Ayanda Zulu,Female,18,Silver,USA
5458,Lindiwe Govender,Female,57,Platinum,USA
5459,Hassan Hughes,Male,20,Silver,USA
5460,Jayden Johnson,Male,48,Gold,UK
5461,Alexis Johnson,Female,34,Standard,UK
5462,Samantha Dlamini,Female,51,Standard,UAE
5463,Mpho Ntuli,Male,45,Silver,USA
5464,Anisha Mthembu,Female,40,Standard,South Africa
5465,Vikram Roberts,Male,21,Platinum,USA
5466,James Mkhize,Male,20,Standard,UAE
5467,Liam Khumalo,Male,49,Standard,USA
5468,Alexis Wilson,Female,32,Silver,USA
5469,Ahmed Khan,Male,51,Gold,South Africa
5470,Tebogo Ntuli,Male,41,Standard,South Africa
5471,William Mkhize,Male,39,Standard,UK
5472,Grace Smith,Female,37,Silver,USA
5473,Grace Patel,Female,52,Standard,UAE
5474,Hannah Mthembu,Female,41,Standard,UAE
5475,Palesa Dlamini,Female,29,Gold,USA
5476,Victoria Walker,Female,30,Silver,South Africa
5477,Nkosi Ndlovu,Male,46,Platinum,South Africa
5478,Vikram Pillay,Male,31,Standard,USA
5479,Grace Khan,Female,31,Standard,UK
5480,Samantha Lewis,Female,48,Gold,South Africa
5481,Aisha Singh,Female,49,Standard,UAE
5482,Daniel Brown,Male,38,Silver,South Africa
5483,Khalid Pillay,Male,37,Standard,South Africa
5484,Elijah Singh,Male,47,Platinum,South Africa
5485,Nomsa Mkhize,Female,44,Standard,USA
5486,Vikram Johnson,Male,45,Platinum,UK
5487,Ashley Jones,Female,43,Standard,USA
5488,Zainab Miller,Female,44,Standard,USA
5489,Lindiwe Davies,Female,25,Platinum,USA
5490,Divya Miller,Female,42,Standard,UK
5491,Emma Williams,Female,31,Silver,South Africa
5492,Michael Smith,Male,61,Standard,USA
5493,Omar Zulu,Male,44,Standard,UK
5494,Jennifer Roberts,Female,22,Silver,UK
5495,Liam Mkhize,Male,42,Standard,USA
5496,Jayden Davies,Male,39,Standard,South Africa
5497,Madison Clarke,Female,37,Gold,USA
5498,Victoria Roberts,Female,35,Silver,UAE
5499,Zainab Singh,Female,20,Standard,South Africa
5500,Marcus Nkosi,Male,49,Gold,UK
5501,Anisha Hughes,Female,28,Standard,UAE
5502,Emma Hughes,Female,65,Standard,UAE
5503,Lerato Govender,Female,35,Platinum,South Africa
5504,Tebogo Al-Rashid,Male,63,Gold,South Africa
5505,Victoria Khan,Female,61,Standard,South Africa
5506,Sipho Wilson,Male,52,Standard,USA
5507,Ayanda Johnson,Female,39,Standard,UAE
5508,Anisha Naidoo,Female,57,Standard,UAE
5509,Palesa Ndlovu,Female,50,Platinum,South Africa
5510,Anisha Ndlovu,Female,30,Gold,UAE
5511,Emma Nkosi,Female,60,Standard,UAE
5512,Logan Naidoo,Male,50,Standard,UK
5513,Madison Lewis,Female,29,Silver,South Africa
5514,Tyler Evans,Male,50,Standard,UAE
5515,Logan Jones,Male,56,Standard,South Africa
5516,Noah Dlamini,Male,65,Platinum,South Africa
5517,Brianna Johnson,Female,48,Standard,UAE
5518,Neha Dlamini,Female,64,Standard,South Africa
5519,Nomsa Khan,Female,24,Standard,USA
5520,Nkosi Patel,Male,54,Standard,South Africa
5521,Arjun Thompson,Male,58,Standard,USA
5522,Hannah Wilson,Female,46,Standard,USA
5523,Jennifer Al-Rashid,Female,19,Standard,South Africa
5524,Vikram Naidoo,Male,61,Platinum,USA
5525,Maryam Mthembu,Female,45,Gold,South Africa
5526,Zanele Patel,Female,25,Standard,USA
5527,Nomsa Mthembu,Female,26,Standard,UAE
5528,Vikram Davis,Male,19,Gold,South Africa
5529,Emily Miller,Female,47,Silver,South Africa
5530,Tebogo Davis,Male,63,Standard,South Africa
5531,Lindiwe Jones,Female,57,Silver,South Africa
5532,Thomas Mthembu,Male,47,Gold,UAE
5533,Elijah Davies,Male,19,Standard,South Africa
5534,Zanele Hughes,Female,35,Silver,USA
5535,Grace Hassan,Female,44,Standard,South Africa
5536,Grace Khan,Female,38,Gold,UAE
5537,Fatima Nkosi,Female,33,Silver,UK
5538,Maryam Wilson,Female,57,Gold,South Africa
5539,Palesa Wilson,Female,55,Standard,South Africa
5540,Thandeka Clarke,Female,54,Gold,South Africa
5541,Jayden Smith,Male,63,Silver,USA
5542,Liam Walker,Male,61,Standard,South Africa
5543,Alexis Govender,Female,64,Standard,USA
5544,Brandon Brown,Male,45,Gold,UK
5545,Olivia Mkhize,Female,53,Standard,UK
5546,Alexis Smith,Female,57,Standard,UK
5547,Priya Lewis,Female,57,Gold,South Africa
5548,Lauren Zulu,Female,35,Gold,South Africa
5549,Nkosi Khan,Male,42,Gold,UAE
5550,Sipho Govender,Male,63,Standard,UAE
5551,Emily Wilson,Female,39,Standard,South Africa
5552,Grace Khumalo,Female,31,Standard,USA
5553,Liam Jones,Male,32,Standard,UAE
5554,Tyler Al-Rashid,Male,24,Gold,UAE
5555,Anisha Singh,Female,39,Silver,UAE
5556,Victoria Khan,Female,56,Gold,UK
5557,Thandeka Thompson,Female,58,Standard,USA
5558,Anisha Al-Rashid,Female,21,Standard,UAE
5559,Tyler Pillay,Male,42,Silver,South Africa
5560,Kabelo Smith,Male,64,Standard,South Africa
5561,Lauren Thompson,Female,48,Standard,USA
5562,Alexis Hassan,Female,20,Standard,South Africa
5563,Zanele Hassan,Female,20,Platinum,South Africa
5564,Nkosi Evans,Male,64,Standard,USA
5565,Hassan Thompson,Male,52,Standard,South Africa
5566,Priya Hughes,Female,45,Gold,USA
5567,Lindiwe Johnson,Female,32,Standard,USA
5568,Yusuf Pillay,Male,63,Gold,UK
5569,Divya Mthembu,Female,28,Gold,South Africa
5570,Palesa Smith,Female,24,Standard,UAE
5571,David Hughes,Male,54,Standard,UK
5572,Tebogo Ndlovu,Male,25,Standard,UAE
5573,Palesa Nkosi,Female,42,Standard,South Africa
5574,Kayla Thompson,Female,65,Standard,South Africa
5575,David Nkosi,Male,65,Standard,South Africa
5576,William Ndlovu,Male,24,Standard,South Africa
5577,Mpho Naidoo,Male,62,Gold,USA
5578,Yusuf Zulu,Male,48,Standard,UK
5579,Grace Lewis,Female,58,Standard,UK
5580,Charlotte Mkhize,Female,54,Gold,South Africa
5581,Kayla Evans,Female,34,Standard,UAE
5582,Thandeka Singh,Female,59,Gold,South Africa
5583,Robert Evans,Male,41,Gold,UAE
5584,Ashley Naidoo,Female,56,Silver,USA
5585,Mpho Johnson,Male,48,Standard,South Africa
5586,Hannah Smith,Female,36,Standard,South Africa
5587,Jennifer Miller,Female,20,Silver,UK
5588,Grace Naidoo,Female,38,Gold,South Africa
5589,Lauren Khan,Female,53,Gold,South Africa
5590,Alexis Williams,Female,19,Silver,South Africa
5591,Robert Hassan,Male,43,Silver,South Africa
5592,Robert Mkhize,Male,41,Standard,South Africa
5593,Kayla Zulu,Female,22,Gold,South Africa
5594,Nkosi Govender,Male,25,Standard,USA
5595,Sipho Brown,Male,39,Silver,UAE
5596,Brandon Davies,Male,44,Gold,UK
5597,Palesa Naidoo,Female,48,Standard,USA
5598,Vikram Smith,Male,52,Standard,South Africa
5599,Palesa Jones,Female,35,Standard,South Africa
5600,Busisiwe Brown,Female,44,Standard,South Africa
5601,Sandile Wilson,Male,53,Gold,UK
5602,Fatima Pillay,Female,59,Silver,UK
5603,Thandeka Lewis,Female,30,Silver,UK
5604,Neha Dlamini,Female,24,Standard,UAE
5605,Thandeka Williams,Female,32,Platinum,UK
5606,Priya Ntuli,Female,20,Silver,South Africa
5607,Emily Al-Rashid,Female,58,Silver,USA
5608,Alexis Davies,Female,64,Standard,USA
5609,Divya Nkosi,Female,22,Gold,UAE
5610,Jayden Khumalo,Male,18,Silver,UAE
5611,John Johnson,Male,59,Silver,South Africa
5612,Mohammed Singh,Male,59,Standard,South Africa
5613,Robert Mthembu,Male,21,Silver,South Africa
5614,Daniel Roberts,Male,37,Gold,South Africa
5615,Tyler Thompson,Male,46,Standard,UK
5616,Vikram Khumalo,Male,34,Silver,UAE
5617,Zainab Walker,Female,19,Standard,South Africa
5618,Noah Mthembu,Male,28,Platinum,South Africa
5619,Brianna Walker,Female,30,Gold,South Africa
5620,Priya Hughes,Female,41,Standard,USA
5621,Victoria Wilson,Female,47,Silver,South Africa
5622,Omar Roberts,Male,41,Silver,South Africa
5623,Omar Miller,Male,39,Silver,UAE
5624,Hassan Smith,Male,46,Platinum,UAE
5625,Robert Pillay,Male,44,Platinum,UK
5626,Thandeka Khan,Female,52,Standard,USA
5627,Kayla Brown,Female,36,Silver,South Africa
5628,Nomsa Evans,Female,37,Silver,South Africa
5629,Nomsa Mkhize,Female,57,Standard,UK
5630,Hannah Singh,Female,47,Standard,UK
5631,Ayanda Pillay,Female,41,Platinum,UAE
5632,Anisha Khan,Female,48,Silver,UK
5633,Robert Johnson,Male,39,Standard,South Africa
5634,Tyler Lewis,Male,19,Silver,USA
5635,Sandile Evans,Male,33,Gold,USA
5636,Michael Mkhize,Male,37,Standard,UK
5637,Hassan Thompson,Male,19,Standard,UK
5638,Emma Davies,Female,53,Standard,South Africa
5639,Divya Hughes,Female,63,Standard,UK
5640,Zainab Thompson,Female,29,Standard,South Africa
5641,Lerato Nkosi,Female,65,Platinum,UK
5642,Noah Wilson,Male,48,Standard,UAE
5643,Charlotte Patel,Female,19,Silver,South Africa
5644,Samantha Mkhize,Female,64,Standard,UK
5645,Lindiwe Dlamini,Female,46,Standard,South Africa
5646,Thandeka Nkosi,Female,31,Gold,South Africa
5647,Fatima Evans,Female,55,Standard,South Africa
5648,Charlotte Dlamini,Female,57,Standard,UK
5649,James Davies,Male,32,Standard,USA
5650,Vikram Govender,Male,43,Standard,USA
5651,Samantha Zulu,Female,24,Standard,South Africa
5652,John Lewis,Male,41,Platinum,UAE
5653,Arjun Smith,Male,40,Standard,USA
5654,Zainab Zulu,Female,25,Gold,USA
5655,Themba Khumalo,Male,30,Standard,South Africa
5656,Kayla Singh,Female,22,Platinum,UK
5657,Lauren Clarke,Female,52,Standard,UK
5658,John Ndlovu,Male,62,Gold,USA
5659,Priya Pillay,Female,38,Gold,UAE
5660,Thabo Brown,Male,43,Silver,UAE
5661,Madison Khan,Female,55,Gold,South Africa
5662,Madison Nkosi,Female,50,Silver,UAE
5663,Noah Miller,Male,28,Standard,South Africa
5664,Nkosi Evans,Male,48,Standard,UK
5665,Arjun Zulu,Male,34,Silver,UAE
5666,Ahmed Khumalo,Male,24,Gold,USA
5667,Arjun Nkosi,Male,39,Standard,UAE
5668,Busisiwe Pillay,Female,19,Silver,South Africa
5669,Nomsa Walker,Female,43,Standard,South Africa
5670,Palesa Hughes,Female,24,Silver,South Africa
5671,Logan Mkhize,Male,50,Standard,South Africa
5672,Emma Williams,Female,34,Standard,South Africa
5673,John Pillay,Male,57,Silver,South Africa
5674,Palesa Smith,Female,45,Standard,South Africa
5675,Maryam Smith,Female,40,Standard,UAE
5676,Nkosi Smith,Male,38,Standard,UK
5677,Nkosi Lewis,Male,53,Standard,UAE
5678,Jennifer Zulu,Female,40,Standard,South Africa
5679,Thandeka Thompson,Female,54,Standard,South Africa
5680,Jayden Khan,Male,52,Platinum,South Africa
5681,Elijah Jones,Male,30,Standard,USA
5682,Mohammed Khumalo,Male,42,Standard,South Africa
5683,Noah Williams,Male,35,Gold,South Africa
5684,Thabo Khumalo,Male,20,Silver,UAE
5685,Aisha Al-Rashid,Female,54,Gold,UK
5686,Samantha Hughes,Female,50,Standard,UAE
5687,Ahmed Evans,Male,47,Standard,South Africa
5688,Elijah Khumalo,Male,61,Gold,South Africa
5689,Jennifer Dlamini,Female,62,Gold,USA
5690,Hassan Williams,Male,58,Gold,UK
5691,Charlotte Singh,Female,49,Silver,USA
5692,William Hughes,Male,64,Gold,UK
5693,Jayden Evans,Male,38,Standard,South Africa
5694,Emma Naidoo,Female,27,Gold,UK
5695,Kayla Singh,Female,48,Gold,USA
5696,Robert Pillay,Male,38,Gold,UAE
5697,Emily Wilson,Female,48,Gold,USA
5698,Emily Khumalo,Female,49,Standard,UAE
5699,Tyler Govender,Male,52,Standard,UK
5700,Marcus Naidoo,Male,20,Standard,South Africa
5701,Robert Roberts,Male,32,Standard,UK
5702,Sipho Roberts,Male,40,Gold,USA
5703,Michael Ntuli,Male,39,Platinum,South Africa
5704,Vikram Ntuli,Male,19,Standard,USA
5705,Kayla Govender,Female,31,Standard,USA
5706,Khalid Evans,Male,49,Standard,UAE
5707,William Govender,Male,59,Standard,South Africa
5708,Ravi Davis,Male,18,Silver,South Africa
5709,Thandeka Clarke,Female,61,Standard,South Africa
5710,Ravi Zulu,Male,52,Standard,South Africa
5711,Omar Thompson,Male,59,Silver,UK
5712,Kayla Patel,Female,45,Silver,South Africa
5713,Nomsa Roberts,Female,54,Standard,USA
5714,Lauren Miller,Female,21,Silver,UAE
5715,James Davies,Male,48,Standard,UAE
5716,Maryam Al-Rashid,Female,23,Silver,South Africa
5717,Samantha Evans,Female,47,Gold,UK
5718,Liam Brown,Male,26,Gold,South Africa
5719,Samantha Pillay,Female,26,Standard,South Africa
5720,Brianna Zulu,Female,58,Standard,South Africa
5721,Yusuf Smith,Male,36,Standard,UK
5722,Hannah Ntuli,Female,43,Standard,South Africa
5723,Kabelo Miller,Male,25,Standard,UK
5724,Nkosi Mthembu,Male,64,Standard,UAE
5725,Michael Davies,Male,30,Standard,UAE
5726,Emma Mthembu,Female,31,Standard,South Africa
5727,Noah Roberts,Male,29,Standard,South Africa
5728,Nomsa Zulu,Female,40,Silver,South Africa
5729,Brianna Ndlovu,Female,48,Gold,UK
5730,Lauren Hughes,Female,52,Gold,UAE
5731,Emily Ndlovu,Female,24,Standard,UAE
5732,Anisha Khumalo,Female,58,Platinum,UK
5733,Kayla Nkosi,Female,58,Gold,South Africa
5734,Tyler Thompson,Male,20,Silver,UAE
5735,Sandile Hassan,Male,35,Gold,South Africa
5736,Alexis Dlamini,Female,49,Silver,UK
5737,Charlotte Davies,Female,57,Platinum,UAE
5738,James Lewis,Male,59,Standard,UAE
5739,Lerato Wilson,Female,35,Silver,South Africa
5740,Hannah Patel,Female,53,Standard,UK
5741,Thandeka Hassan,Female,65,Gold,UK
5742,Arjun Zulu,Male,31,Standard,UAE
5743,Grace Johnson,Female,40,Silver,USA
5744,Sandile Davies,Male,34,Silver,USA
5745,Themba Govender,Male,52,Platinum,UAE
5746,Thabo Ntuli,Male,39,Standard,UK
5747,Robert Lewis,Male,49,Platinum,USA
5748,Kayla Evans,Female,59,Platinum,USA
5749,Nomsa Hughes,Female,51,Standard,USA
5750,Emma Khan,Female,57,Platinum,South Africa
5751,Charlotte Hughes,Female,26,Standard,South Africa
5752,Hassan Hassan,Male,31,Platinum,UAE
5753,Kabelo Hassan,Male,35,Silver,UK
5754,James Wilson,Male,46,Standard,UAE
5755,Ravi Walker,Male,21,Standard,UK
5756,William Hassan,Male,53,Standard,UK
5757,Madison Johnson,Female,51,Gold,South Africa
5758,Marcus Evans,Male,37,Silver,USA
5759,John Khumalo,Male,42,Standard,South Africa
5760,Alexis Al-Rashid,Female,42,Platinum,UAE
5761,Liam Miller,Male,48,Silver,South Africa
5762,Zanele Al-Rashid,Female,33,Silver,South Africa
5763,Hannah Zulu,Female,50,Standard,UK
5764,Tyler Johnson,Male,63,Gold,UK
5765,Zanele Brown,Female,46,Standard,South Africa
5766,Sandile Davies,Male,47,Standard,South Africa
5767,Mohammed Mthembu,Male,23,Standard,UAE
5768,Neha Khan,Female,44,Silver,USA
5769,Michael Khumalo,Male,27,Platinum,South Africa
5770,Sandile Walker,Male,58,Standard,USA
5771,Charlotte Clarke,Female,46,Standard,UAE
5772,Samantha Williams,Female,44,Silver,USA
5773,Thandeka Ntuli,Female,20,Platinum,South Africa
5774,Palesa Mkhize,Female,55,Silver,South Africa
5775,Aisha Hassan,Female,41,Silver,South Africa
5776,Lindiwe Williams,Female,23,Standard,South Africa
5777,Kayla Brown,Female,45,Gold,USA
5778,Thandeka Ntuli,Female,64,Standard,USA
5779,Thandeka Miller,Female,18,Gold,South Africa
5780,Palesa Ndlovu,Female,30,Standard,USA
5781,Tebogo Wilson,Male,29,Standard,South Africa
5782,Emily Lewis,Female,30,Standard,UAE
5783,Lauren Naidoo,Female,27,Standard,UK
5784,Emma Ntuli,Female,35,Silver,UK
5785,Tyler Ntuli,Male,45,Standard,UK
5786,Mohammed Williams,Male,28,Standard,USA
5787,Ravi Ndlovu,Male,19,Standard,UK
5788,Kayla Evans,Female,42,Standard,South Africa
5789,Lerato Johnson,Female,42,Gold,USA
5790,Nkosi Govender,Male,27,Gold,UK
5791,Logan Hughes,Male,50,Platinum,South Africa
5792,Tyler Jones,Male,23,Gold,South Africa
5793,Grace Ntuli,Female,59,Standard,South Africa
5794,Robert Williams,Male,42,Silver,UK
5795,Zanele Lewis,Female,57,Silver,South Africa
5796,Neha Khumalo,Female,55,Silver,USA
5797,Daniel Singh,Male,27,Standard,UAE
5798,Lerato Pillay,Female,37,Standard,UK
5799,Brandon Dlamini,Male,42,Gold,UAE
5800,Victoria Lewis,Female,55,Standard,South Africa
5801,Sipho Lewis,Male,43,Standard,USA
5802,David Ndlovu,Male,42,Silver,South Africa
5803,Busisiwe Al-Rashid,Female,20,Silver,South Africa
5804,Grace Naidoo,Female,49,Standard,South Africa
5805,Lindiwe Evans,Female,42,Standard,South Africa
5806,Themba Walker,Male,18,Standard,South Africa
5807,Brianna Davies,Female,18,Standard,USA
5808,Fatima Nkosi,Female,33,Standard,South Africa
5809,David Ntuli,Male,32,Platinum,South Africa
5810,Sandile Naidoo,Male,41,Standard,UAE
5811,Tyler Miller,Male,45,Platinum,UK
5812,Thomas Zulu,Male,64,Standard,South Africa
5813,Lerato Hassan,Female,32,Standard,UK
5814,Sandile Roberts,Male,42,Standard,UAE
5815,Logan Khan,Male,59,Gold,UAE
5816,Olivia Khan,Female,49,Standard,South Africa
5817,Noah Thompson,Male,49,Standard,South Africa
5818,Khalid Lewis,Male,57,Silver,UK
5819,Robert Davies,Male,45,Platinum,South Africa
5820,Emily Roberts,Female,49,Standard,South Africa
5821,Madison Jones,Female,48,Silver,UK
5822,Mpho Khan,Male,62,Standard,South Africa
5823,Elijah Pillay,Male,65,Silver,South Africa
5824,Grace Miller,Female,48,Gold,USA
5825,Thomas Wilson,Male,31,Platinum,South Africa
5826,Sipho Brown,Male,18,Gold,UK
5827,Logan Brown,Male,54,Standard,South Africa
5828,Madison Govender,Female,26,Standard,South Africa
5829,Mohammed Thompson,Male,40,Standard,South Africa
5830,David Smith,Male,31,Gold,South Africa
5831,Zainab Wilson,Female,39,Standard,South Africa
5832,Anisha Davis,Female,31,Standard,South Africa
5833,Brandon Lewis,Male,35,Gold,South Africa
5834,Noah Lewis,Male,32,Standard,South Africa
5835,Neha Khumalo,Female,59,Standard,South Africa
5836,Alexis Nkosi,Female,59,Standard,USA
5837,Emily Roberts,Female,42,Standard,UK
5838,Grace Davis,Female,40,Standard,UAE
5839,Priya Brown,Female,61,Silver,South Africa
5840,Zainab Khumalo,Female,43,Silver,South Africa
5841,Alexis Khan,Female,45,Gold,UK
5842,John Hassan,Male,49,Gold,USA
5843,Charlotte Roberts,Female,64,Standard,UAE
5844,Grace Walker,Female,39,Standard,USA
5845,Robert Nkosi,Male,44,Standard,USA
5846,Sipho Al-Rashid,Male,19,Gold,UK
5847,Olivia Thompson,Female,50,Silver,USA
5848,Lauren Naidoo,Female,64,Standard,USA
5849,Zanele Al-Rashid,Female,27,Gold,South Africa
5850,Omar Zulu,Male,57,Silver,UAE
5851,Tyler Dlamini,Male,23,Silver,UK
5852,Hannah Khan,Female,61,Silver,UAE
5853,Elijah Brown,Male,31,Standard,South Africa
5854,Victoria Mkhize,Female,28,Standard,USA
5855,Victoria Walker,Female,43,Standard,South Africa
5856,Robert Davies,Male,22,Gold,UAE
5857,Daniel Roberts,Male,22,Gold,UK
5858,Lerato Roberts,Female,39,Silver,UK
5859,Thomas Govender,Male,48,Standard,South Africa
5860,Ashley Hassan,Female,36,Silver,USA
5861,Sipho Pillay,Male,28,Platinum,UK
5862,Marcus Clarke,Male,55,Gold,UK
5863,Neha Davies,Female,36,Standard,UAE
5864,Sipho Roberts,Male,58,Standard,UK
5865,Themba Evans,Male,48,Standard,UAE
5866,Nomsa Pillay,Female,59,Standard,UK
5867,Palesa Miller,Female,31,Silver,UAE
5868,Thomas Williams,Male,64,Platinum,South Africa
5869,Noah Hassan,Male,59,Platinum,USA
5870,Jennifer Pillay,Female,49,Standard,South Africa
5871,William Singh,Male,61,Standard,UK
5872,Robert Evans,Male,59,Platinum,UK
5873,Anisha Ntuli,Female,23,Standard,UK
5874,Priya Zulu,Female,61,Standard,South Africa
5875,Samantha Davis,Female,20,Standard,USA
5876,Noah Ndlovu,Male,19,Gold,South Africa
5877,Thabo Al-Rashid,Male,20,Gold,South Africa
5878,Maryam Roberts,Female,57,Standard,UAE
5879,Busisiwe Johnson,Female,48,Silver,South Africa
5880,Maryam Ndlovu,Female,31,Standard,South Africa
5881,Lauren Patel,Female,22,Gold,USA
5882,Brianna Davies,Female,51,Standard,South Africa
5883,Priya Patel,Female,25,Standard,USA
5884,Anisha Wilson,Female,19,Standard,USA
5885,Nomsa Ndlovu,Female,47,Standard,USA
5886,Anisha Davies,Female,29,Gold,USA
5887,Jayden Govender,Male,64,Standard,South Africa
5888,Kayla Khumalo,Female,64,Silver,South Africa
5889,Thandeka Ndlovu,Female,52,Standard,UK
5890,Palesa Khumalo,Female,40,Gold,South Africa
5891,Maryam Mkhize,Female,39,Platinum,UAE
5892,James Al-Rashid,Male,39,Silver,USA
5893,Sophia Pillay,Female,32,Gold,South Africa
5894,Yusuf Ntuli,Male,26,Silver,UK
5895,Nkosi Naidoo,Male,32,Gold,UAE
5896,Elijah Mthembu,Male,35,Standard,South Africa
5897,Hassan Zulu,Male,52,Gold,UK
5898,Khalid Walker,Male,64,Silver,UAE
5899,Daniel Davis,Male,27,Standard,USA
5900,Brandon Govender,Male,30,Gold,UAE
5901,Ayanda Zulu,Female,27,Gold,USA
5902,Michael Lewis,Male,35,Standard,USA
5903,James Davies,Male,41,Silver,UAE
5904,Liam Thompson,Male,43,Platinum,UAE
5905,Ayanda Williams,Female,20,Silver,South Africa
5906,Ashley Mkhize,Female,36,Standard,USA
5907,Mpho Davis,Male,21,Gold,South Africa
5908,David Naidoo,Male,39,Platinum,UAE
5909,Arjun Patel,Male,29,Platinum,USA
5910,Divya Thompson,Female,45,Silver,South Africa
5911,Emily Govender,Female,33,Standard,USA
5912,Tebogo Ntuli,Male,53,Silver,South Africa
5913,Olivia Singh,Female,45,Standard,South Africa
5914,Nkosi Miller,Male,38,Silver,USA
5915,Arjun Miller,Male,54,Standard,South Africa
5916,Thomas Jones,Male,48,Standard,UAE
5917,Marcus Singh,Male,24,Platinum,South Africa
5918,Thabo Naidoo,Male,29,Platinum,UK
5919,Anisha Singh,Female,50,Gold,South Africa
5920,Liam Wilson,Male,31,Standard,South Africa
5921,Kayla Mthembu,Female,57,Gold,USA
5922,Logan Smith,Male,42,Standard,South Africa
5923,Nkosi Brown,Male,19,Standard,USA
5924,Fatima Khan,Female,49,Standard,UK
5925,Kabelo Wilson,Male,18,Platinum,South Africa
5926,David Walker,Male,58,Standard,USA
5927,Tyler Hassan,Male,18,Platinum,UAE
5928,Yusuf Brown,Male,52,Standard,USA
5929,Thandeka Patel,Female,35,Silver,USA
5930,Ayanda Pillay,Female,33,Standard,South Africa
5931,Marcus Davis,Male,41,Gold,South Africa
5932,Aisha Khumalo,Female,51,Platinum,South Africa
5933,Jayden Hughes,Male,19,Silver,USA
5934,John Williams,Male,21,Silver,USA
5935,Maryam Khumalo,Female,55,Standard,South Africa
5936,Hassan Roberts,Male,48,Silver,USA
5937,Hannah Patel,Female,28,Standard,South Africa
5938,Mohammed Thompson,Male,59,Silver,UAE
5939,Divya Nkosi,Female,20,Standard,UAE
5940,Tyler Khan,Male,57,Standard,UAE
5941,Mpho Patel,Male,23,Silver,South Africa
5942,Emma Thompson,Female,61,Standard,USA
5943,Tyler Smith,Male,58,Standard,UK
5944,William Wilson,Male,39,Platinum,UK
5945,Neha Wilson,Female,30,Gold,UAE
5946,Daniel Khumalo,Male,20,Standard,South Africa
5947,Arjun Khumalo,Male,38,Gold,UAE
5948,Priya Patel,Female,51,Silver,South Africa
5949,Zanele Hughes,Female,51,Silver,UK
5950,Thabo Brown,Male,61,Gold,UK
5951,Michael Evans,Male,26,Platinum,South Africa
5952,Madison Al-Rashid,Female,57,Standard,South Africa
5953,Grace Hassan,Female,63,Standard,USA
5954,Mpho Zulu,Male,37,Standard,South Africa
5955,Grace Evans,Female,37,Standard,USA
5956,Fatima Khan,Female,34,Standard,South Africa
5957,Ahmed Ndlovu,Male,56,Standard,South Africa
5958,Lauren Jones,Female,60,Standard,UAE
5959,Victoria Williams,Female,29,Standard,UAE
5960,Kayla Thompson,Female,28,Gold,South Africa
5961,Michael Al-Rashid,Male,26,Silver,UAE
5962,Divya Davis,Female,54,Gold,UK
5963,Busisiwe Khan,Female,36,Standard,UK
5964,Sophia Brown,Female,27,Standard,UK
5965,Grace Nkosi,Female,44,Platinum,UAE
5966,Mpho Naidoo,Male,41,Platinum,UK
5967,Nomsa Khumalo,Female,33,Platinum,South Africa
5968,Michael Khan,Male,49,Gold,USA
5969,Ashley Clarke,Female,65,Standard,UAE
5970,Mohammed Ndlovu,Male,35,Gold,South Africa
5971,Jayden Khan,Male,33,Silver,USA
5972,John Clarke,Male,20,Standard,UAE
5973,Khalid Zulu,Male,64,Gold,South Africa
5974,Tebogo Hughes,Male,31,Silver,UAE
5975,Nomsa Singh,Female,25,Standard,UAE
5976,Sipho Mkhize,Male,46,Standard,UK
5977,Hassan Nkosi,Male,56,Gold,UK
5978,Lerato Naidoo,Female,24,Standard,UAE
5979,Palesa Wilson,Female,23,Platinum,USA
5980,Ravi Thompson,Male,22,Standard,USA
5981,Grace Davis,Female,32,Standard,South Africa
5982,Elijah Mthembu,Male,46,Standard,UAE
5983,Maryam Lewis,Female,43,Standard,South Africa
5984,Zanele Pillay,Female,43,Gold,UK
5985,Samantha Hassan,Female,33,Platinum,South Africa
5986,James Davies,Male,57,Gold,UAE
5987,Sipho Roberts,Male,63,Standard,South Africa
5988,Fatima Lewis,Female,28,Gold,UK
5989,Ravi Hughes,Male,50,Standard,UAE
5990,Madison Miller,Female,28,Silver,USA
5991,Olivia Naidoo,Female,35,Silver,South Africa
5992,Yusuf Ntuli,Male,51,Gold,South Africa
5993,Tebogo Hughes,Male,43,Platinum,South Africa
5994,Themba Zulu,Male,62,Silver,UK
5995,Kayla Johnson,Female,47,Standard,USA
5996,Thomas Pillay,Male,51,Standard,South Africa
5997,Marcus Roberts,Male,50,Standard,South Africa
5998,Ahmed Wilson,Male,50,Platinum,UK
5999,Kabelo Khan,Male,30,Silver,USA
6000,William Davis,Male,55,Silver,UAE
6001,Ayanda Wilson,Female,63,Standard,South Africa
6002,Grace Ntuli,Female,39,Platinum,South Africa
6003,Mpho Naidoo,Male,29,Standard,South Africa
6004,Emily Singh,Female,64,Silver,UAE
6005,John Davies,Male,54,Standard,UAE
6006,Vikram Nkosi,Male,37,Gold,UAE
6007,Sipho Hughes,Male,22,Platinum,USA
6008,Madison Pillay,Female,49,Silver,South Africa
6009,Sophia Clarke,Female,43,Gold,UAE
6010,Lauren Hassan,Female,60,Gold,South Africa
6011,Emily Miller,Female,59,Standard,UAE
6012,Sandile Singh,Male,48,Silver,South Africa
6013,Sophia Evans,Female,50,Gold,USA
6014,Aisha Khan,Female,65,Platinum,UK
6015,Kayla Jones,Female,31,Standard,USA
6016,Tebogo Hassan,Male,48,Standard,UK
6017,Noah Mthembu,Male,59,Silver,South Africa
6018,Tyler Johnson,Male,39,Standard,UK
6019,Lauren Al-Rashid,Female,51,Silver,South Africa
6020,Divya Evans,Female,58,Gold,UAE
6021,William Lewis,Male,60,Standard,UAE
6022,Ayanda Pillay,Female,49,Platinum,South Africa
6023,Ayanda Lewis,Female,52,Silver,South Africa
6024,Thandeka Mthembu,Female,50,Gold,UK
6025,John Evans,Male,54,Standard,South Africa
6026,Zainab Clarke,Female,38,Silver,UK
6027,Lerato Khan,Female,48,Standard,USA
6028,Hannah Wilson,Female,55,Standard,South Africa
6029,Victoria Thompson,Female,31,Silver,UK
6030,Liam Khan,Male,49,Standard,South Africa
6031,James Khumalo,Male,20,Silver,USA
6032,Omar Khumalo,Male,22,Standard,UK
6033,Zanele Ndlovu,Female,34,Standard,UK
6034,Jennifer Walker,Female,23,Standard,UK
6035,Jayden Jones,Male,30,Gold,South Africa
6036,Ashley Thompson,Female,49,Standard,South Africa
6037,Ahmed Clarke,Male,26,Silver,UK
6038,Thandeka Hughes,Female,49,Gold,UK
6039,Nomsa Ntuli,Female,52,Standard,UK
6040,Aisha Naidoo,Female,54,Silver,USA
6041,Nomsa Mthembu,Female,32,Silver,USA
6042,Jayden Walker,Male,31,Standard,USA
6043,David Thompson,Male,45,Standard,South Africa
6044,Neha Khan,Female,26,Standard,USA
6045,Fatima Dlamini,Female,50,Standard,South Africa
6046,Kayla Brown,Female,34,Silver,UK
6047,Yusuf Govender,Male,46,Standard,South Africa
6048,Kayla Smith,Female,22,Standard,UK
6049,Jennifer Hassan,Female,26,Platinum,UK
6050,Brandon Johnson,Male,25,Silver,South Africa
6051,Khalid Ndlovu,Male,60,Standard,South Africa
6052,Omar Davies,Male,55,Standard,South Africa
6053,Yusuf Hughes,Male,35,Silver,South Africa
6054,Thomas Lewis,Male,65,Gold,UK
6055,Zanele Johnson,Female,18,Standard,South Africa
6056,Divya Mkhize,Female,39,Gold,UAE
6057,Samantha Davis,Female,42,Standard,UAE
6058,Samantha Davies,Female,54,Standard,South Africa
6059,William Naidoo,Male,50,Gold,UAE
6060,Samantha Ntuli,Female,19,Standard,USA
6061,Anisha Naidoo,Female,46,Standard,UK
6062,Khalid Clarke,Male,62,Gold,South Africa
6063,Kayla Khan,Female,46,Gold,USA
6064,Lindiwe Miller,Female,60,Standard,USA
6065,Marcus Dlamini,Male,60,Standard,USA
6066,Divya Mkhize,Female,49,Silver,UAE
6067,Neha Hughes,Female,56,Standard,South Africa
6068,Kayla Williams,Female,59,Standard,USA
6069,Anisha Singh,Female,55,Standard,South Africa
6070,Tyler Naidoo,Male,23,Silver,UAE
6071,Thandeka Dlamini,Female,50,Platinum,USA
6072,James Zulu,Male,59,Standard,USA
6073,Charlotte Mthembu,Female,38,Standard,South Africa
6074,Emma Zulu,Female,57,Platinum,USA
6075,Hannah Zulu,Female,18,Silver,USA
6076,Emily Ntuli,Female,23,Standard,USA
6077,Thandeka Ndlovu,Female,36,Standard,USA
6078,Themba Williams,Male,61,Silver,South Africa
6079,Lerato Davies,Female,40,Silver,UAE
6080,Marcus Ntuli,Male,64,Standard,South Africa
6081,Grace Patel,Female,30,Gold,USA
6082,Victoria Govender,Female,25,Silver,USA
6083,Brianna Evans,Female,28,Standard,UAE
6084,Mohammed Singh,Male,53,Standard,South Africa
6085,Mpho Roberts,Male,61,Silver,UK
6086,Ravi Govender,Male,34,Gold,UK
6087,Robert Khumalo,Male,23,Standard,South Africa
6088,Khalid Dlamini,Male,62,Gold,UK
6089,Grace Patel,Female,32,Standard,South Africa
6090,Tyler Mkhize,Male,39,Silver,USA
6091,Busisiwe Roberts,Female,32,Standard,South Africa
6092,Divya Khan,Female,46,Standard,UAE
6093,William Jones,Male,56,Standard,South Africa
6094,Kabelo Thompson,Male,46,Gold,UK
6095,Themba Miller,Male,47,Silver,USA
6096,Brandon Williams,Male,46,Silver,South Africa
6097,Ayanda Patel,Female,46,Silver,UAE
6098,Lindiwe Khan,Female,56,Standard,USA
6099,Marcus Mthembu,Male,48,Standard,USA
6100,Grace Wilson,Female,57,Standard,UAE
6101,Ahmed Brown,Male,61,Silver,USA
6102,Victoria Clarke,Female,51,Standard,UAE
6103,Priya Davis,Female,62,Gold,USA
6104,Lauren Miller,Female,44,Silver,UK
6105,Jayden Evans,Male,36,Silver,USA
6106,Tyler Roberts,Male,51,Standard,UK
6107,Zanele Ntuli,Female,60,Standard,UK
6108,Neha Hughes,Female,55,Standard,South Africa
6109,Sophia Mthembu,Female,37,Silver,USA
6110,Mpho Williams,Male,37,Platinum,UAE
6111,Lindiwe Roberts,Female,25,Standard,UK
6112,Lerato Davies,Female,42,Standard,South Africa
6113,Khalid Evans,Male,45,Standard,UK
6114,Khalid Roberts,Male,22,Standard,UAE
6115,Lindiwe Walker,Female,58,Standard,USA
6116,Aisha Govender,Female,31,Silver,UK
6117,Mpho Mkhize,Male,50,Standard,USA
6118,Brianna Davies,Female,39,Gold,South Africa
6119,David Davis,Male,48,Standard,USA
6120,Arjun Wilson,Male,63,Standard,South Africa
6121,Ahmed Clarke,Male,27,Silver,UAE
6122,Nkosi Clarke,Male,46,Gold,UK
6123,Mpho Davis,Male,60,Standard,UAE
6124,Brandon Williams,Male,59,Gold,South Africa
6125,Mohammed Evans,Male,54,Standard,South Africa
6126,Busisiwe Wilson,Female,42,Standard,USA
6127,Brianna Walker,Female,45,Standard,UAE
6128,Robert Ndlovu,Male,63,Silver,USA
6129,Elijah Miller,Male,60,Standard,UK
6130,Sandile Williams,Male,42,Silver,UAE
6131,Vikram Miller,Male,38,Platinum,USA
6132,David Roberts,Male,25,Gold,South Africa
6133,Ahmed Khumalo,Male,18,Standard,South Africa
6134,Zanele Wilson,Female,30,Silver,South Africa
6135,Hassan Ndlovu,Male,63,Silver,South Africa
6136,Zanele Roberts,Female,64,Standard,UAE
6137,Liam Ntuli,Male,60,Standard,UK
6138,Mohammed Mkhize,Male,65,Gold,UAE
6139,Divya Nkosi,Female,22,Standard,USA
6140,Madison Wilson,Female,24,Platinum,South Africa
6141,Tebogo Davis,Male,48,Standard,South Africa
6142,Divya Walker,Female,61,Silver,UK
6143,Kabelo Mkhize,Male,20,Platinum,South Africa
6144,Aisha Williams,Female,61,Standard,UK
6145,Fatima Clarke,Female,30,Standard,South Africa
6146,Jennifer Mkhize,Female,18,Standard,South Africa
6147,Palesa Mkhize,Female,64,Standard,UK
6148,Charlotte Khumalo,Female,43,Standard,UK
6149,Victoria Wilson,Female,45,Standard,USA
6150,Lindiwe Roberts,Female,44,Silver,South Africa
6151,William Roberts,Male,64,Standard,South Africa
6152,Sipho Clarke,Male,34,Standard,UAE
6153,Lauren Brown,Female,28,Standard,UAE
6154,Fatima Hughes,Female,24,Standard,UAE
6155,Lauren Hughes,Female,46,Standard,South Africa
6156,Anisha Miller,Female,46,Standard,South Africa
6157,Charlotte Naidoo,Female,33,Standard,USA
6158,Palesa Zulu,Female,49,Standard,USA
6159,Ahmed Johnson,Male,40,Gold,South Africa
6160,Yusuf Walker,Male,38,Silver,UAE
6161,Maryam Clarke,Female,48,Standard,USA
6162,Lerato Williams,Female,22,Silver,USA
6163,Jennifer Pillay,Female,54,Standard,UAE
6164,Jennifer Evans,Female,38,Platinum,USA
6165,Noah Hassan,Male,19,Silver,USA
6166,Vikram Davis,Male,18,Gold,UK
6167,William Zulu,Male,57,Standard,UAE
6168,Lauren Mthembu,Female,55,Silver,UAE
6169,Michael Roberts,Male,57,Standard,USA
6170,Zanele Miller,Female,30,Silver,UK
6171,Ahmed Roberts,Male,64,Platinum,USA
6172,Thomas Hassan,Male,53,Silver,South Africa
6173,Lerato Khumalo,Female,61,Platinum,UAE
6174,Nomsa Evans,Female,37,Standard,South Africa
6175,Jayden Clarke,Male,62,Silver,South Africa
6176,Priya Jones,Female,57,Gold,UAE
6177,Kabelo Lewis,Male,47,Gold,USA
6178,Liam Lewis,Male,41,Gold,South Africa
6179,Alexis Davis,Female,34,Standard,UAE
6180,Tyler Jones,Male,61,Standard,UAE
6181,Zainab Davies,Female,31,Silver,South Africa
6182,Elijah Clarke,Male,47,Gold,South Africa
6183,Thabo Hughes,Male,58,Standard,USA
6184,Mohammed Ntuli,Male,37,Standard,South Africa
6185,Vikram Jones,Male,56,Silver,UAE
6186,Kabelo Lewis,Male,49,Standard,UAE
6187,Ahmed Govender,Male,50,Silver,South Africa
6188,Mohammed Pillay,Male,51,Standard,UK
6189,Tebogo Smith,Male,52,Standard,UK
6190,Jayden Hassan,Male,20,Gold,USA
6191,Daniel Thompson,Male,41,Standard,UK
6192,Nomsa Smith,Female,32,Standard,South Africa
6193,Noah Govender,Male,36,Standard,South Africa
6194,Ayanda Naidoo,Female,56,Standard,South Africa
6195,Zainab Ndlovu,Female,31,Standard,USA
6196,Ahmed Patel,Male,52,Platinum,USA
6197,Arjun Jones,Male,47,Gold,South Africa
6198,Liam Mkhize,Male,50,Standard,South Africa
6199,Ayanda Al-Rashid,Female,57,Silver,South Africa
6200,Lindiwe Patel,Female,53,Standard,South Africa
6201,Ashley Khumalo,Female,55,Standard,UK
6202,Omar Jones,Male,29,Gold,South Africa
6203,David Miller,Male,18,Standard,USA
6204,Liam Brown,Male,26,Standard,South Africa
6205,John Khumalo,Male,37,Standard,South Africa
6206,Neha Ntuli,Female,29,Silver,USA
6207,Lauren Jones,Female,44,Standard,USA
6208,Kabelo Hughes,Male,29,Standard,USA
6209,James Govender,Male,62,Gold,USA
6210,Divya Jones,Female,64,Standard,South Africa
6211,Elijah Davies,Male,42,Standard,UAE
6212,Vikram Williams,Male,22,Standard,USA
6213,Ravi Pillay,Male,59,Silver,South Africa
6214,Palesa Hughes,Female,20,Standard,UAE
6215,Mpho Naidoo,Male,44,Silver,South Africa
6216,William Johnson,Male,24,Gold,UAE
6217,Thandeka Walker,Female,23,Gold,UAE
6218,Noah Evans,Male,44,Standard,UAE
6219,Mpho Jones,Male,29,Gold,UAE
6220,Aisha Smith,Female,61,Standard,UAE
6221,Khalid Pillay,Male,63,Silver,South Africa
6222,Lindiwe Davis,Female,43,Gold,South Africa
6223,Ayanda Khan,Female,56,Silver,USA
6224,Madison Ntuli,Female,35,Standard,South Africa
6225,Daniel Smith,Male,51,Standard,South Africa
6226,Ahmed Walker,Male,23,Standard,UK
6227,Madison Jones,Female,35,Silver,USA
6228,Maryam Roberts,Female,59,Standard,USA
6229,Omar Smith,Male,36,Standard,USA
6230,Palesa Miller,Female,31,Standard,South Africa
6231,Liam Mkhize,Male,50,Standard,UAE
6232,Olivia Thompson,Female,21,Standard,South Africa
6233,Khalid Lewis,Male,25,Silver,South Africa
6234,Hannah Khan,Female,31,Standard,UK
6235,John Ndlovu,Male,30,Standard,South Africa
6236,Elijah Mthembu,Male,64,Silver,UK
6237,Thomas Mthembu,Male,53,Standard,South Africa
6238,Palesa Davis,Female,47,Gold,USA
6239,Brianna Al-Rashid,Female,57,Silver,South Africa
6240,Thandeka Hassan,Female,57,Standard,USA
6241,Hassan Singh,Male,50,Standard,UK
6242,Lerato Thompson,Female,47,Silver,UK
6243,Logan Ntuli,Male,46,Silver,UAE
6244,Hassan Zulu,Male,63,Platinum,South Africa
6245,Sipho Khumalo,Male,58,Standard,UK
6246,Priya Walker,Female,57,Gold,South Africa
6247,Samantha Ntuli,Female,46,Standard,USA
6248,Tebogo Mkhize,Male,19,Standard,UK
6249,Hassan Davis,Male,34,Standard,South Africa
6250,Daniel Johnson,Male,55,Standard,UAE
6251,Marcus Khan,Male,36,Standard,South Africa
6252,Daniel Roberts,Male,48,Standard,UAE
6253,Olivia Brown,Female,22,Silver,South Africa
6254,Zainab Govender,Female,34,Gold,USA
6255,Emma Smith,Female,22,Gold,UK
6256,Thomas Clarke,Male,21,Platinum,UAE
6257,Vikram Smith,Male,39,Standard,USA
6258,Khalid Zulu,Male,35,Platinum,USA
6259,Noah Thompson,Male,63,Platinum,USA
6260,Madison Walker,Female,56,Standard,UK
6261,Elijah Jones,Male,29,Standard,UK
6262,Priya Brown,Female,29,Standard,UAE
6263,Daniel Khumalo,Male,37,Silver,South Africa
6264,David Wilson,Male,39,Silver,USA
6265,Sandile Singh,Male,22,Standard,UK
6266,Anisha Clarke,Female,65,Standard,UK
6267,Sophia Dlamini,Female,20,Silver,South Africa
6268,Hannah Lewis,Female,34,Platinum,UAE
6269,Priya Smith,Female,55,Standard,South Africa
6270,Sipho Johnson,Male,50,Standard,UAE
6271,Zanele Dlamini,Female,54,Silver,UAE
6272,Zanele Johnson,Female,50,Standard,South Africa
6273,Sophia Davies,Female,64,Silver,South Africa
6274,Kayla Roberts,Female,33,Standard,UK
6275,Nkosi Lewis,Male,44,Gold,USA
6276,Mpho Hassan,Male,55,Platinum,South Africa
6277,Maryam Khan,Female,40,Standard,South Africa
6278,Yusuf Jones,Male,45,Gold,UAE
6279,Sipho Ntuli,Male,64,Standard,UK
6280,Alexis Williams,Female,36,Standard,South Africa
6281,Kabelo Khan,Male,23,Standard,South Africa
6282,Liam Hughes,Male,49,Silver,South Africa
6283,Elijah Davis,Male,48,Standard,South Africa
6284,Elijah Pillay,Male,54,Standard,South Africa
6285,Olivia Williams,Female,51,Standard,UK
6286,John Pillay,Male,30,Gold,South Africa
6287,Sipho Clarke,Male,56,Silver,South Africa
6288,Alexis Brown,Female,58,Standard,South Africa
6289,Grace Mkhize,Female,27,Platinum,South Africa
6290,Tyler Roberts,Male,35,Standard,South Africa
6291,John Johnson,Male,25,Standard,South Africa
6292,Tebogo Mthembu,Male,35,Silver,South Africa
6293,Fatima Al-Rashid,Female,47,Silver,South Africa
6294,Neha Mthembu,Female,23,Standard,USA
6295,Busisiwe Ntuli,Female,37,Silver,South Africa
6296,Neha Davies,Female,59,Silver,UAE
6297,Nomsa Smith,Female,43,Standard,USA
6298,Aisha Mthembu,Female,18,Standard,South Africa
6299,Tyler Khan,Male,59,Silver,UAE
6300,Nkosi Ntuli,Male,61,Platinum,South Africa
6301,Madison Mkhize,Female,50,Standard,South Africa
6302,James Nkosi,Male,28,Standard,USA
6303,Sandile Khan,Male,50,Silver,South Africa
6304,Arjun Davies,Male,40,Standard,South Africa
6305,Jayden Govender,Male,64,Silver,UAE
6306,Tebogo Wilson,Male,54,Silver,South Africa
6307,Thabo Hassan,Male,33,Gold,USA
6308,Themba Clarke,Male,53,Gold,UAE
6309,Thomas Williams,Male,21,Silver,USA
6310,Ravi Davies,Male,62,Standard,USA
6311,Lauren Lewis,Female,22,Standard,USA
6312,Emily Naidoo,Female,63,Silver,UK
6313,Alexis Patel,Female,25,Standard,UK
6314,Sandile Davies,Male,62,Gold,UAE
6315,Grace Johnson,Female,25,Silver,South Africa
6316,Elijah Khan,Male,26,Platinum,South Africa
6317,Thomas Khumalo,Male,26,Standard,South Africa
6318,Tyler Govender,Male,59,Standard,USA
6319,Zainab Williams,Female,56,Gold,South Africa
6320,Lauren Khan,Female,42,Standard,South Africa
6321,Samantha Ntuli,Female,63,Standard,USA
6322,Divya Khumalo,Female,53,Standard,South Africa
6323,Thomas Smith,Male,58,Standard,UAE
6324,Ashley Wilson,Female,30,Standard,UAE
6325,Brianna Khan,Female,27,Silver,UK
6326,Grace Naidoo,Female,27,Standard,South Africa
6327,David Clarke,Male,19,Platinum,South Africa
6328,Arjun Khan,Male,61,Gold,USA
6329,David Hughes,Male,40,Silver,UK
6330,Vikram Williams,Male,18,Gold,UAE
6331,Sipho Wilson,Male,54,Standard,USA
6332,Victoria Govender,Female,36,Silver,UAE
6333,Hassan Nkosi,Male,26,Platinum,South Africa
6334,Brianna Ntuli,Female,61,Standard,USA
6335,Maryam Lewis,Female,47,Standard,South Africa
6336,Daniel Pillay,Male,64,Standard,UAE
6337,Neha Ndlovu,Female,31,Standard,South Africa
6338,Lauren Hassan,Female,41,Standard,UK
6339,Kayla Roberts,Female,20,Standard,South Africa
6340,Sandile Lewis,Male,57,Standard,USA
6341,Victoria Khumalo,Female,64,Standard,UK
6342,Ayanda Patel,Female,41,Standard,UAE
6343,Tyler Roberts,Male,22,Silver,USA
6344,Nomsa Al-Rashid,Female,28,Platinum,UK
6345,Jayden Zulu,Male,29,Gold,South Africa
6346,Thabo Mthembu,Male,46,Silver,South Africa
6347,Marcus Davies,Male,53,Gold,South Africa
6348,Lerato Ntuli,Female,34,Standard,USA
6349,Nomsa Al-Rashid,Female,41,Standard,UK
6350,Sipho Khumalo,Male,25,Standard,UK
6351,Marcus Johnson,Male,41,Standard,South Africa
6352,Olivia Roberts,Female,33,Standard,South Africa
6353,Jayden Mkhize,Male,32,Standard,UAE
6354,Tyler Smith,Male,61,Standard,South Africa
6355,Vikram Mthembu,Male,32,Standard,South Africa
6356,Themba Smith,Male,18,Standard,USA
6357,James Wilson,Male,47,Standard,South Africa
6358,Lindiwe Mkhize,Female,44,Gold,UAE
6359,James Thompson,Male,54,Silver,South Africa
6360,Thomas Hassan,Male,58,Gold,South Africa
6361,Kayla Nkosi,Female,65,Silver,UK
6362,Samantha Hassan,Female,20,Standard,UK
6363,Ravi Davies,Male,20,Gold,South Africa
6364,Nkosi Davies,Male,58,Silver,UK
6365,Kabelo Mkhize,Male,63,Gold,UAE
6366,Divya Evans,Female,57,Gold,UK
6367,Alexis Wilson,Female,47,Silver,South Africa
6368,Thandeka Zulu,Female,42,Standard,South Africa
6369,Thandeka Govender,Female,51,Silver,UAE
6370,Nomsa Khan,Female,52,Standard,South Africa
6371,Charlotte Mkhize,Female,57,Gold,UAE
6372,Aisha Naidoo,Female,40,Platinum,UK
6373,Anisha Ndlovu,Female,49,Silver,UK
6374,Mpho Singh,Male,31,Silver,UK
6375,James Khumalo,Male,23,Gold,South Africa
6376,Charlotte Walker,Female,56,Standard,South Africa
6377,David Roberts,Male,63,Platinum,South Africa
6378,Aisha Zulu,Female,45,Gold,UK
6379,Fatima Evans,Female,22,Silver,UAE
6380,Michael Smith,Male,36,Standard,UAE
6381,Anisha Wilson,Female,40,Standard,UAE
6382,Khalid Hughes,Male,56,Platinum,UK
6383,Thomas Brown,Male,22,Gold,UK
6384,Zainab Lewis,Female,49,Standard,USA
6385,Kabelo Brown,Male,52,Silver,USA
6386,Zanele Zulu,Female,20,Standard,South Africa
6387,Marcus Brown,Male,28,Silver,UAE
6388,Emma Khan,Female,23,Standard,USA
6389,Priya Mkhize,Female,53,Gold,South Africa
6390,Zanele Jones,Female,37,Silver,USA
6391,Maryam Singh,Female,63,Standard,South Africa
6392,Arjun Jones,Male,28,Silver,South Africa
6393,Marcus Thompson,Male,25,Gold,UK
6394,Sipho Roberts,Male,35,Standard,South Africa
6395,Sophia Hassan,Female,26,Standard,USA
6396,John Zulu,Male,36,Gold,South Africa
6397,Jayden Ndlovu,Male,39,Silver,South Africa
6398,Sandile Wilson,Male,49,Standard,USA
6399,Thabo Nkosi,Male,54,Standard,South Africa
6400,Divya Ndlovu,Female,30,Silver,USA
6401,Noah Mkhize,Male,40,Standard,South Africa
6402,Daniel Williams,Male,26,Silver,USA
6403,Zanele Nkosi,Female,33,Silver,South Africa
6404,Tyler Hassan,Male,30,Silver,UK
6405,Olivia Zulu,Female,34,Standard,South Africa
6406,Kayla Wilson,Female,38,Gold,USA
6407,Sipho Govender,Male,51,Standard,South Africa
6408,Vikram Dlamini,Male,53,Standard,UK
6409,Khalid Hassan,Male,32,Gold,UK
6410,William Patel,Male,25,Standard,South Africa
6411,Thomas Lewis,Male,59,Platinum,UK
6412,Charlotte Zulu,Female,24,Gold,UK
6413,Samantha Jones,Female,48,Gold,UK
6414,Fatima Thompson,Female,53,Silver,UK
6415,Nkosi Johnson,Male,51,Standard,South Africa
6416,Marcus Pillay,Male,43,Silver,South Africa
6417,Elijah Wilson,Male,20,Silver,UK
6418,Anisha Nkosi,Female,41,Gold,UK
6419,Marcus Govender,Male,32,Silver,USA
6420,James Miller,Male,25,Gold,USA
6421,Alexis Mthembu,Female,25,Gold,UK
6422,Samantha Patel,Female,30,Silver,UK
6423,Emma Khumalo,Female,35,Silver,UK
6424,Ahmed Mkhize,Male,35,Gold,UAE
6425,Logan Khan,Male,31,Silver,UK
6426,Ayanda Zulu,Female,63,Silver,UK
6427,Alexis Khan,Female,37,Standard,South Africa
6428,Jayden Williams,Male,28,Standard,South Africa
6429,Arjun Govender,Male,22,Silver,South Africa
6430,Thandeka Dlamini,Female,32,Silver,UAE
6431,Thabo Khumalo,Male,51,Gold,UK
6432,Thomas Smith,Male,29,Platinum,UAE
6433,Sandile Lewis,Male,32,Standard,South Africa
6434,Hannah Mthembu,Female,41,Silver,USA
6435,Ashley Wilson,Female,25,Platinum,South Africa
6436,Liam Al-Rashid,Male,19,Platinum,South Africa
6437,Thabo Nkosi,Male,45,Standard,South Africa
6438,Aisha Khan,Female,19,Silver,USA
6439,Palesa Mkhize,Female,46,Standard,UK
6440,Lauren Singh,Female,40,Standard,UAE
6441,John Khumalo,Male,28,Standard,UAE
6442,Neha Nkosi,Female,60,Silver,UAE
6443,Grace Khumalo,Female,31,Standard,South Africa
6444,Ahmed Hughes,Male,55,Standard,UK
6445,Emma Nkosi,Female,18,Silver,UAE
6446,Fatima Johnson,Female,40,Platinum,USA
6447,Madison Pillay,Female,51,Silver,South Africa
6448,Palesa Naidoo,Female,29,Platinum,South Africa
6449,Charlotte Naidoo,Female,25,Gold,South Africa
6450,Neha Smith,Female,37,Standard,USA
6451,Daniel Singh,Male,25,Standard,UK
6452,Neha Hughes,Female,65,Silver,UK
6453,Mpho Miller,Male,36,Standard,South Africa
6454,Tyler Davies,Male,34,Gold,USA
6455,Omar Lewis,Male,26,Silver,USA
6456,Elijah Singh,Male,63,Silver,South Africa
6457,Jennifer Brown,Female,46,Standard,South Africa
6458,Maryam Govender,Female,48,Standard,USA
6459,Zainab Dlamini,Female,24,Gold,South Africa
6460,Samantha Singh,Female,26,Standard,South Africa
6461,Themba Patel,Male,34,Gold,UK
6462,Thomas Davis,Male,54,Gold,South Africa
6463,Arjun Smith,Male,65,Silver,South Africa
6464,Ayanda Mkhize,Female,58,Gold,UAE
6465,Sandile Hassan,Male,54,Silver,UK
6466,Lindiwe Williams,Female,42,Silver,UAE
6467,Nkosi Dlamini,Male,49,Standard,UK
6468,Zanele Khan,Female,28,Standard,UK
6469,John Khumalo,Male,45,Standard,South Africa
6470,Zainab Ntuli,Female,30,Standard,South Africa
6471,Thabo Roberts,Male,57,Standard,South Africa
6472,Emma Williams,Female,30,Gold,South Africa
6473,Brandon Lewis,Male,27,Standard,USA
6474,Tebogo Wilson,Male,60,Silver,South Africa
6475,Anisha Zulu,Female,29,Standard,South Africa
6476,Hannah Ntuli,Female,24,Silver,USA
6477,Lerato Jones,Female,28,Standard,UK
6478,Kabelo Govender,Male,58,Silver,UAE
6479,Daniel Evans,Male,30,Silver,UK
6480,Maryam Walker,Female,20,Standard,UK
6481,Khalid Zulu,Male,22,Silver,South Africa
6482,Ashley Mthembu,Female,40,Gold,UK
6483,Brianna Singh,Female,42,Platinum,UK
6484,Emily Thompson,Female,26,Silver,South Africa
6485,Thomas Al-Rashid,Male,64,Platinum,South Africa
6486,Emma Nkosi,Female,46,Standard,UK
6487,Brianna Miller,Female,34,Standard,USA
6488,Kabelo Davies,Male,65,Platinum,UK
6489,Hannah Nkosi,Female,55,Gold,UAE
6490,Palesa Brown,Female,29,Platinum,UAE
6491,Sophia Williams,Female,46,Standard,USA
6492,Busisiwe Khan,Female,34,Silver,UK
6493,Alexis Miller,Female,45,Platinum,UAE
6494,Jayden Williams,Male,42,Silver,UK
6495,William Singh,Male,63,Silver,South Africa
6496,Brianna Jones,Female,42,Standard,UK
6497,Anisha Nkosi,Female,45,Silver,UAE
6498,Olivia Zulu,Female,52,Standard,UK
6499,Nomsa Wilson,Female,64,Silver,UAE
6500,Noah Hughes,Male,49,Standard,South Africa
6501,Brandon Hughes,Male,19,Silver,South Africa
6502,Brandon Pillay,Male,24,Standard,USA
6503,Emma Singh,Female,29,Standard,South Africa
6504,Charlotte Singh,Female,20,Standard,UAE
6505,John Walker,Male,24,Standard,UK
6506,Nkosi Evans,Male,41,Gold,UAE
6507,Samantha Miller,Female,35,Platinum,UK
6508,Ahmed Patel,Male,35,Gold,UK
6509,Jennifer Nkosi,Female,56,Standard,UK
6510,Sophia Naidoo,Female,40,Platinum,South Africa
6511,Thomas Wilson,Male,33,Gold,UAE
6512,Mpho Singh,Male,25,Standard,USA
6513,Maryam Thompson,Female,27,Standard,UK
6514,Elijah Davis,Male,48,Silver,USA
6515,Robert Davis,Male,28,Silver,UK
6516,Logan Thompson,Male,25,Standard,UAE
6517,Khalid Hughes,Male,58,Silver,UAE
6518,Divya Al-Rashid,Female,63,Platinum,USA
6519,Marcus Walker,Male,58,Standard,South Africa
6520,Thabo Govender,Male,49,Standard,South Africa
6521,Daniel Ndlovu,Male,26,Silver,UK
6522,Sophia Ndlovu,Female,48,Standard,South Africa
6523,Anisha Hughes,Female,31,Silver,UAE
6524,Aisha Clarke,Female,24,Gold,South Africa
6525,Anisha Brown,Female,56,Standard,UAE
6526,Robert Walker,Male,39,Standard,USA
6527,Hassan Smith,Male,51,Standard,South Africa
6528,Lerato Pillay,Female,46,Standard,South Africa
6529,Daniel Khumalo,Male,57,Gold,USA
6530,Omar Zulu,Male,29,Silver,South Africa
6531,Arjun Khan,Male,49,Standard,USA
6532,Kabelo Zulu,Male,44,Standard,UAE
6533,Lauren Walker,Female,52,Silver,South Africa
6534,Hassan Walker,Male,59,Silver,USA
6535,Kayla Mkhize,Female,21,Gold,South Africa
6536,Palesa Williams,Female,43,Gold,USA
6537,Nomsa Patel,Female,35,Standard,USA
6538,Brandon Johnson,Male,47,Standard,USA
6539,Zainab Thompson,Female,59,Silver,South Africa
6540,Aisha Thompson,Female,57,Silver,UK
6541,Michael Johnson,Male,25,Standard,South Africa
6542,Noah Khumalo,Male,47,Gold,UAE
6543,Jennifer Hassan,Female,60,Platinum,UAE
6544,Logan Hassan,Male,64,Standard,South Africa
6545,Charlotte Nkosi,Female,30,Silver,UK
6546,Brianna Zulu,Female,37,Silver,South Africa
6547,Lauren Nkosi,Female,39,Standard,UK
6548,Priya Davis,Female,54,Silver,UK
6549,Ashley Roberts,Female,41,Silver,South Africa
6550,Logan Al-Rashid,Male,65,Standard,South Africa
6551,Thomas Wilson,Male,43,Standard,USA
6552,Ravi Miller,Male,24,Standard,UK
6553,Thomas Singh,Male,65,Silver,USA
6554,Zainab Brown,Female,21,Platinum,USA
6555,Divya Govender,Female,39,Silver,South Africa
6556,Hannah Mthembu,Female,58,Silver,South Africa
6557,Nomsa Pillay,Female,65,Standard,South Africa
6558,Sipho Khan,Male,62,Standard,UAE
6559,Lauren Al-Rashid,Female,37,Standard,USA
6560,Arjun Dlamini,Male,41,Silver,USA
6561,Themba Johnson,Male,36,Standard,UK
6562,Madison Ndlovu,Female,62,Platinum,USA
6563,Tyler Jones,Male,31,Standard,UAE
6564,Charlotte Roberts,Female,25,Standard,UAE
6565,Busisiwe Govender,Female,57,Silver,UAE
6566,Priya Jones,Female,51,Gold,UK
6567,Divya Pillay,Female,58,Standard,UK
6568,Noah Roberts,Male,27,Standard,USA
6569,Elijah Zulu,Male,64,Standard,South Africa
6570,Alexis Williams,Female,36,Standard,UAE
6571,Sophia Smith,Female,48,Standard,USA
6572,Charlotte Lewis,Female,37,Standard,UK
6573,Brianna Al-Rashid,Female,37,Gold,South Africa
6574,Brianna Khan,Female,28,Silver,South Africa
6575,Elijah Nkosi,Male,30,Platinum,South Africa
6576,Nkosi Wilson,Male,58,Standard,UAE
6577,Vikram Walker,Male,43,Standard,UK
6578,Emily Brown,Female,37,Silver,UK
6579,Olivia Johnson,Female,35,Standard,UAE
6580,Noah Khan,Male,38,Silver,South Africa
6581,Hassan Zulu,Male,65,Silver,South Africa
6582,Liam Walker,Male,47,Standard,UAE
6583,Jayden Khan,Male,55,Silver,UK
6584,Thomas Williams,Male,34,Standard,South Africa
6585,Logan Evans,Male,47,Platinum,UK
6586,Kabelo Khumalo,Male,28,Silver,USA
6587,Daniel Pillay,Male,51,Silver,South Africa
6588,Emily Pillay,Female,59,Silver,South Africa
6589,Mpho Mthembu,Male,57,Standard,South Africa
6590,Divya Nkosi,Female,24,Silver,UAE
6591,Zainab Patel,Female,63,Silver,South Africa
6592,Elijah Smith,Male,30,Silver,UK
6593,Charlotte Walker,Female,42,Standard,South Africa
6594,Ayanda Mthembu,Female,58,Standard,USA
6595,Madison Miller,Female,40,Standard,South Africa
6596,Tyler Wilson,Male,59,Platinum,UK
6597,Zainab Zulu,Female,54,Silver,South Africa
6598,Grace Hughes,Female,20,Silver,South Africa
6599,Liam Khumalo,Male,45,Standard,South Africa
6600,Nomsa Jones,Female,44,Standard,UK
6601,Robert Hughes,Male,63,Silver,UAE
6602,Sophia Walker,Female,64,Standard,South Africa
6603,Neha Brown,Female,41,Silver,USA
6604,Mohammed Singh,Male,57,Gold,UK
6605,Yusuf Mkhize,Male,26,Standard,UAE
6606,Khalid Thompson,Male,39,Standard,UK
6607,Fatima Zulu,Female,45,Platinum,South Africa
6608,Mohammed Smith,Male,42,Gold,UK
6609,John Hughes,Male,34,Platinum,UK
6610,William Naidoo,Male,47,Gold,USA
6611,Zanele Brown,Female,37,Standard,South Africa
6612,James Clarke,Male,65,Standard,USA
6613,Victoria Al-Rashid,Female,45,Standard,UAE
6614,Hannah Miller,Female,26,Silver,South Africa
6615,Marcus Zulu,Male,58,Platinum,USA
6616,Michael Mkhize,Male,40,Silver,South Africa
6617,Ashley Roberts,Female,47,Gold,USA
6618,Ravi Govender,Male,26,Standard,USA
6619,Thabo Khan,Male,25,Platinum,UAE
6620,Elijah Zulu,Male,47,Silver,UK
6621,Lauren Dlamini,Female,38,Standard,South Africa
6622,James Zulu,Male,20,Silver,South Africa
6623,Logan Singh,Male,27,Standard,South Africa
6624,Ashley Hassan,Female,18,Silver,South Africa
6625,Nomsa Hassan,Female,36,Gold,UAE
6626,Lauren Walker,Female,24,Standard,South Africa
6627,Yusuf Brown,Male,60,Standard,UAE
6628,Thabo Nkosi,Male,42,Standard,South Africa
6629,Divya Thompson,Female,53,Standard,South Africa
6630,Hannah Wilson,Female,61,Gold,USA
6631,Ahmed Walker,Male,34,Silver,UK
6632,Thomas Davis,Male,40,Standard,UAE
6633,Aisha Pillay,Female,53,Gold,UK
6634,David Davis,Male,20,Gold,South Africa
6635,Palesa Johnson,Female,58,Silver,USA
6636,Aisha Davis,Female,57,Gold,UAE
6637,Logan Wilson,Male,43,Standard,UAE
6638,Sipho Khumalo,Male,36,Silver,South Africa
6639,Tyler Evans,Male,49,Gold,South Africa
6640,Emma Singh,Female,38,Standard,UAE
6641,Ravi Brown,Male,41,Standard,UAE
6642,Zainab Smith,Female,34,Standard,USA
6643,Neha Jones,Female,50,Platinum,South Africa
6644,Nomsa Ndlovu,Female,23,Standard,UK
6645,Robert Ndlovu,Male,28,Gold,UK
6646,Ashley Dlamini,Female,62,Gold,UAE
6647,Yusuf Al-Rashid,Male,59,Standard,UAE
6648,Victoria Khumalo,Female,39,Platinum,South Africa
6649,Tebogo Khumalo,Male,33,Platinum,UAE
6650,Marcus Miller,Male,56,Standard,South Africa
6651,Michael Ndlovu,Male,45,Standard,South Africa
6652,Noah Evans,Male,54,Standard,UK
6653,Maryam Dlamini,Female,22,Standard,South Africa
6654,Michael Smith,Male,59,Standard,UAE
6655,Thabo Khan,Male,45,Standard,UK
6656,Thabo Zulu,Male,32,Platinum,UK
6657,Samantha Ntuli,Female,62,Standard,UAE
6658,Brianna Mkhize,Female,62,Standard,USA
6659,Tyler Hassan,Male,60,Silver,UAE
6660,William Lewis,Male,25,Platinum,USA
6661,Zanele Smith,Female,28,Standard,South Africa
6662,Palesa Govender,Female,53,Platinum,South Africa
6663,Zainab Ntuli,Female,65,Standard,South Africa
6664,Ahmed Mthembu,Male,61,Standard,UAE
6665,Maryam Mkhize,Female,20,Platinum,South Africa
6666,Mpho Smith,Male,24,Standard,USA
6667,Jennifer Hassan,Female,51,Standard,USA
6668,Robert Williams,Male,25,Standard,South Africa
6669,Sandile Hassan,Male,64,Standard,South Africa
6670,Kayla Nkosi,Female,49,Silver,UK
6671,Palesa Davis,Female,42,Standard,South Africa
6672,Hassan Pillay,Male,50,Standard,UK
6673,Khalid Zulu,Male,25,Standard,USA
6674,Brianna Thompson,Female,37,Silver,South Africa
6675,Daniel Jones,Male,57,Standard,UAE
6676,Vikram Wilson,Male,52,Platinum,South Africa
6677,Khalid Evans,Male,31,Standard,UK
6678,Priya Naidoo,Female,24,Gold,South Africa
6679,Brianna Roberts,Female,25,Platinum,South Africa
6680,Emma Dlamini,Female,47,Standard,UAE
6681,Thabo Khumalo,Male,54,Standard,South Africa
6682,Daniel Singh,Male,25,Gold,UK
6683,Aisha Williams,Female,49,Standard,UK
6684,Khalid Mthembu,Male,18,Standard,USA
6685,Thomas Mthembu,Male,19,Platinum,UK
6686,Logan Smith,Male,53,Gold,UAE
6687,Jayden Dlamini,Male,24,Gold,South Africa
6688,Hannah Khan,Female,33,Standard,South Africa
6689,Omar Nkosi,Male,48,Silver,UK
6690,Thandeka Naidoo,Female,35,Gold,South Africa
6691,Maryam Naidoo,Female,35,Standard,South Africa
6692,Marcus Jones,Male,52,Silver,South Africa
6693,Maryam Hughes,Female,24,Standard,South Africa
6694,Victoria Hassan,Female,42,Gold,UAE
6695,Mohammed Mkhize,Male,18,Silver,UAE
6696,Anisha Khumalo,Female,26,Platinum,South Africa
6697,Anisha Ntuli,Female,26,Platinum,South Africa
6698,Hannah Al-Rashid,Female,19,Silver,South Africa
6699,Olivia Jones,Female,63,Standard,UK
6700,Zainab Walker,Female,52,Standard,South Africa
6701,Marcus Mkhize,Male,51,Standard,South Africa
6702,Nkosi Pillay,Male,29,Standard,South Africa
6703,Thomas Hassan,Male,57,Standard,USA
6704,Themba Ntuli,Male,35,Standard,UAE
6705,Sandile Patel,Male,44,Standard,USA
6706,Sipho Brown,Male,27,Silver,South Africa
6707,Olivia Clarke,Female,38,Standard,South Africa
6708,Lauren Govender,Female,30,Standard,UK
6709,Zanele Clarke,Female,18,Standard,UAE
6710,Vikram Khumalo,Male,41,Standard,South Africa
6711,Mohammed Al-Rashid,Male,22,Gold,USA
6712,Tebogo Zulu,Male,32,Platinum,South Africa
6713,Ayanda Khan,Female,45,Platinum,UK
6714,Khalid Hughes,Male,36,Standard,UK
6715,Charlotte Ntuli,Female,55,Silver,South Africa
6716,Noah Roberts,Male,65,Silver,UK
6717,Olivia Hughes,Female,25,Standard,UAE
6718,Ayanda Clarke,Female,23,Standard,South Africa
6719,Sandile Wilson,Male,65,Platinum,UAE
6720,Busisiwe Al-Rashid,Female,42,Standard,South Africa
6721,Olivia Mthembu,Female,35,Platinum,UAE
6722,Anisha Hughes,Female,62,Standard,South Africa
6723,Sipho Davies,Male,56,Standard,South Africa
6724,Tyler Pillay,Male,48,Standard,South Africa
6725,Sophia Evans,Female,35,Silver,UAE
6726,Maryam Zulu,Female,56,Silver,South Africa
6727,Robert Davis,Male,30,Gold,UK
6728,Brianna Wilson,Female,29,Standard,UK
6729,Robert Khumalo,Male,42,Platinum,UAE
6730,Charlotte Mkhize,Female,28,Standard,UAE
6731,Nomsa Roberts,Female,27,Silver,South Africa
6732,Ashley Singh,Female,65,Standard,UAE
6733,Noah Mthembu,Male,58,Standard,South Africa
6734,Samantha Hughes,Female,58,Standard,UK
6735,Maryam Ndlovu,Female,19,Standard,South Africa
6736,Palesa Clarke,Female,27,Standard,UAE
6737,Divya Nkosi,Female,18,Standard,USA
6738,Emily Roberts,Female,18,Silver,USA
6739,Ayanda Ntuli,Female,41,Silver,USA
6740,Themba Wilson,Male,51,Gold,South Africa
6741,Anisha Jones,Female,57,Standard,UAE
6742,Zainab Dlamini,Female,20,Standard,USA
6743,Sipho Mkhize,Male,60,Silver,South Africa
6744,Jayden Nkosi,Male,55,Silver,UK
6745,Ravi Miller,Male,40,Standard,UAE
6746,Daniel Thompson,Male,28,Gold,UK
6747,Michael Naidoo,Male,51,Gold,South Africa
6748,Divya Miller,Female,45,Standard,South Africa
6749,Charlotte Ndlovu,Female,49,Gold,UK
6750,David Al-Rashid,Male,37,Gold,UK
6751,Divya Wilson,Female,51,Standard,USA
6752,Palesa Naidoo,Female,30,Silver,UK
6753,Grace Patel,Female,19,Standard,UK
6754,Alexis Al-Rashid,Female,57,Silver,UK
6755,Sipho Hughes,Male,52,Standard,UK
6756,Grace Davis,Female,33,Standard,South Africa
6757,William Patel,Male,29,Platinum,UK
6758,Zanele Jones,Female,62,Standard,UAE
6759,Lerato Thompson,Female,34,Standard,UK
6760,Lindiwe Patel,Female,27,Platinum,South Africa
6761,Neha Clarke,Female,24,Standard,South Africa
6762,Michael Clarke,Male,22,Gold,UAE
6763,Madison Pillay,Female,58,Gold,UK
6764,Zanele Roberts,Female,60,Silver,UAE
6765,Kabelo Miller,Male,44,Standard,UK
6766,Thabo Mkhize,Male,32,Standard,South Africa
6767,Thandeka Mthembu,Female,25,Silver,UK
6768,Victoria Govender,Female,28,Silver,UAE
6769,Ahmed Hughes,Male,44,Platinum,UAE
6770,Khalid Khan,Male,18,Standard,South Africa
6771,Brandon Brown,Male,32,Silver,UK
6772,Alexis Naidoo,Female,23,Platinum,South Africa
6773,Marcus Khan,Male,58,Standard,South Africa
6774,Neha Wilson,Female,34,Gold,UAE
6775,Omar Brown,Male,49,Gold,South Africa
6776,Zainab Nkosi,Female,51,Silver,USA
6777,Ravi Khan,Male,36,Standard,USA
6778,Hannah Khumalo,Female,37,Gold,UAE
6779,Nkosi Mkhize,Male,42,Gold,USA
6780,Neha Thompson,Female,40,Standard,South Africa
6781,Kayla Govender,Female,27,Gold,UAE
6782,Themba Thompson,Male,46,Silver,UK
6783,Aisha Miller,Female,65,Standard,USA
6784,Olivia Zulu,Female,20,Platinum,USA
6785,Alexis Jones,Female,24,Silver,UK
6786,Daniel Mthembu,Male,25,Standard,USA
6787,Victoria Dlamini,Female,44,Gold,UAE
6788,Marcus Ndlovu,Male,36,Platinum,UK
6789,Kabelo Ndlovu,Male,61,Standard,UK
6790,Hassan Ntuli,Male,41,Silver,South Africa
6791,Lerato Hughes,Female,33,Standard,South Africa
6792,Sipho Mthembu,Male,52,Standard,South Africa
6793,Zainab Mthembu,Female,44,Silver,UAE
6794,Jayden Miller,Male,22,Platinum,South Africa
6795,Emily Davies,Female,18,Standard,South Africa
6796,Zainab Roberts,Female,35,Silver,South Africa
6797,Busisiwe Thompson,Female,43,Standard,UAE
6798,Robert Mkhize,Male,50,Standard,UAE
6799,Olivia Davies,Female,62,Standard,UK
6800,Elijah Walker,Male,36,Standard,South Africa
6801,Emily Ndlovu,Female,39,Gold,USA
6802,Thomas Davis,Male,61,Gold,South Africa
6803,Maryam Clarke,Female,61,Gold,South Africa
6804,Busisiwe Roberts,Female,24,Silver,UAE
6805,James Dlamini,Male,21,Standard,USA
6806,Tebogo Khumalo,Male,28,Standard,South Africa
6807,Madison Johnson,Female,19,Platinum,South Africa
6808,Samantha Khan,Female,45,Standard,South Africa
6809,Jennifer Evans,Female,35,Standard,UK
6810,Priya Al-Rashid,Female,64,Standard,South Africa
6811,Neha Mkhize,Female,54,Gold,South Africa
6812,Emily Khumalo,Female,22,Standard,USA
6813,Samantha Thompson,Female,51,Silver,South Africa
6814,Olivia Patel,Female,59,Standard,South Africa
6815,Divya Brown,Female,25,Standard,UK
6816,Divya Davis,Female,48,Silver,South Africa
6817,Lauren Lewis,Female,22,Gold,South Africa
6818,Busisiwe Govender,Female,18,Silver,UAE
6819,Yusuf Ntuli,Male,39,Silver,USA
6820,Logan Wilson,Male,18,Standard,South Africa
6821,Lerato Johnson,Female,55,Platinum,South Africa
6822,Olivia Singh,Female,39,Gold,UK
6823,Samantha Al-Rashid,Female,62,Standard,UAE
6824,Lerato Lewis,Female,23,Platinum,South Africa
6825,Palesa Mthembu,Female,56,Silver,South Africa
6826,David Govender,Male,31,Silver,UAE
6827,Elijah Williams,Male,33,Silver,South Africa
6828,Zanele Clarke,Female,51,Standard,UK
6829,Maryam Patel,Female,53,Standard,USA
6830,Hannah Wilson,Female,55,Standard,USA
6831,Charlotte Miller,Female,48,Standard,UK
6832,Madison Ndlovu,Female,49,Standard,UAE
6833,Victoria Mkhize,Female,36,Standard,UAE
6834,Grace Mthembu,Female,45,Standard,USA
6835,Ashley Davis,Female,57,Platinum,South Africa
6836,Jennifer Zulu,Female,64,Standard,USA
6837,Charlotte Jones,Female,42,Standard,South Africa
6838,Sipho Jones,Male,47,Standard,USA
6839,William Hassan,Male,49,Silver,USA
6840,Ahmed Lewis,Male,65,Standard,USA
6841,Brandon Jones,Male,50,Gold,USA
6842,Anisha Govender,Female,28,Silver,South Africa
6843,Daniel Hassan,Male,30,Standard,South Africa
6844,James Clarke,Male,61,Standard,UAE
6845,Robert Clarke,Male,53,Gold,South Africa
6846,Jennifer Naidoo,Female,49,Standard,South Africa
6847,Marcus Williams,Male,30,Gold,USA
6848,Busisiwe Johnson,Female,23,Standard,South Africa
6849,David Patel,Male,27,Standard,South Africa
6850,Lindiwe Nkosi,Female,45,Standard,South Africa
6851,Zanele Smith,Female,26,Silver,UK
6852,Jennifer Nkosi,Female,19,Silver,UK
6853,Vikram Mthembu,Male,64,Standard,South Africa
6854,Daniel Miller,Male,19,Standard,South Africa
6855,Kayla Nkosi,Female,24,Standard,South Africa
6856,Daniel Wilson,Male,24,Platinum,UK
6857,Fatima Pillay,Female,26,Gold,UAE
6858,Zanele Wilson,Female,18,Silver,UK
6859,Hannah Dlamini,Female,25,Platinum,South Africa
6860,Elijah Al-Rashid,Male,33,Silver,South Africa
6861,Tebogo Govender,Male,19,Standard,USA
6862,Liam Nkosi,Male,22,Standard,South Africa
6863,Tebogo Singh,Male,49,Standard,South Africa
6864,Tebogo Patel,Male,54,Standard,UAE
6865,Madison Nkosi,Female,35,Gold,UAE
6866,Alexis Jones,Female,51,Standard,South Africa
6867,Thomas Hughes,Male,57,Platinum,USA
6868,Priya Brown,Female,47,Standard,USA
6869,Ayanda Naidoo,Female,45,Standard,South Africa
6870,Ayanda Williams,Female,48,Silver,UAE
6871,Mohammed Govender,Male,49,Gold,UAE
6872,Kabelo Mthembu,Male,44,Standard,USA
6873,Hannah Walker,Female,56,Silver,UAE
6874,Thomas Wilson,Male,58,Standard,South Africa
6875,Mohammed Al-Rashid,Male,37,Standard,South Africa
6876,Mpho Govender,Male,63,Standard,South Africa
6877,Zainab Nkosi,Female,50,Standard,UAE
6878,Madison Ndlovu,Female,63,Standard,South Africa
6879,Divya Nkosi,Female,29,Standard,South Africa
6880,Liam Ndlovu,Male,28,Silver,South Africa
6881,James Hughes,Male,23,Standard,USA
6882,Madison Davies,Female,25,Silver,South Africa
6883,Robert Williams,Male,42,Silver,South Africa
6884,Nomsa Dlamini,Female,57,Standard,South Africa
6885,Jennifer Davies,Female,36,Platinum,South Africa
6886,Elijah Davis,Male,55,Standard,UAE
6887,Olivia Ndlovu,Female,33,Standard,South Africa
6888,Noah Lewis,Male,65,Platinum,UAE
6889,Priya Lewis,Female,47,Standard,UK
6890,Sophia Ntuli,Female,44,Standard,South Africa
6891,Sophia Nkosi,Female,51,Standard,UAE
6892,Mpho Naidoo,Male,52,Standard,South Africa
6893,Sophia Singh,Female,29,Platinum,USA
6894,Liam Khumalo,Male,62,Silver,South Africa
6895,Divya Ntuli,Female,60,Standard,USA
6896,Anisha Hughes,Female,18,Silver,UK
6897,Logan Singh,Male,62,Standard,USA
6898,Lerato Ndlovu,Female,64,Gold,South Africa
6899,Vikram Ndlovu,Male,65,Platinum,UK
6900,Aisha Brown,Female,54,Standard,South Africa
6901,Brandon Davies,Male,55,Standard,South Africa
6902,Aisha Al-Rashid,Female,43,Silver,UK
6903,Vikram Mkhize,Male,59,Gold,South Africa
6904,Anisha Mkhize,Female,60,Silver,USA
6905,Omar Mthembu,Male,36,Silver,South Africa
6906,David Patel,Male,38,Standard,UAE
6907,Thomas Williams,Male,58,Standard,South Africa
6908,Lindiwe Patel,Female,42,Standard,South Africa
6909,Thabo Zulu,Male,44,Standard,UAE
6910,Robert Jones,Male,52,Standard,UK
6911,Liam Evans,Male,65,Standard,USA
6912,Sophia Smith,Female,43,Silver,South Africa
6913,Maryam Wilson,Female,34,Silver,UAE
6914,Thomas Pillay,Male,29,Standard,UK
6915,Maryam Al-Rashid,Female,63,Standard,South Africa
6916,Maryam Al-Rashid,Female,41,Gold,UAE
6917,Liam Wilson,Male,38,Standard,USA
6918,Nkosi Khumalo,Male,33,Standard,South Africa
6919,Ayanda Walker,Female,28,Standard,UK
6920,Olivia Evans,Female,56,Standard,USA
6921,Robert Walker,Male,40,Standard,South Africa
6922,Sipho Davis,Male,29,Standard,USA
6923,Kabelo Clarke,Male,29,Standard,UK
6924,Ahmed Pillay,Male,56,Silver,USA
6925,Lindiwe Khumalo,Female,42,Standard,South Africa
6926,Priya Hughes,Female,39,Silver,UAE
6927,Omar Nkosi,Male,63,Gold,UAE
6928,Thabo Thompson,Male,31,Standard,UK
6929,Noah Ndlovu,Male,65,Standard,South Africa
6930,Aisha Govender,Female,57,Standard,South Africa
6931,Liam Khan,Male,22,Standard,USA
6932,Logan Govender,Male,30,Standard,South Africa
6933,James Wilson,Male,41,Gold,USA
6934,Kabelo Brown,Male,32,Silver,USA
6935,Lauren Thompson,Female,21,Silver,UAE
6936,Khalid Ndlovu,Male,64,Standard,USA
6937,Zanele Patel,Female,55,Silver,South Africa
6938,Emma Govender,Female,38,Standard,USA
6939,Anisha Walker,Female,64,Standard,South Africa
6940,Brandon Davies,Male,58,Standard,South Africa
6941,Lauren Williams,Female,35,Silver,USA
6942,Ashley Hassan,Female,61,Gold,UAE
6943,Hannah Zulu,Female,48,Standard,South Africa
6944,Thomas Lewis,Male,41,Silver,USA
6945,Fatima Hassan,Female,32,Gold,South Africa
6946,Themba Lewis,Male,21,Standard,UAE
6947,Omar Patel,Male,60,Standard,UK
6948,Nkosi Wilson,Male,31,Standard,South Africa
6949,Themba Clarke,Male,33,Standard,South Africa
6950,Thabo Evans,Male,31,Standard,South Africa
6951,Elijah Davis,Male,21,Platinum,USA
6952,Hassan Mkhize,Male,19,Silver,UAE
6953,Zainab Roberts,Female,32,Standard,UK
6954,Sophia Mthembu,Female,36,Standard,South Africa
6955,Vikram Govender,Male,34,Silver,South Africa
6956,Lauren Singh,Female,46,Silver,South Africa
6957,Daniel Wilson,Male,57,Standard,UK
6958,Zanele Khan,Female,38,Standard,UK
6959,Olivia Zulu,Female,31,Silver,USA
6960,Sophia Evans,Female,25,Standard,UK
6961,Daniel Wilson,Male,25,Standard,South Africa
6962,Jayden Hassan,Male,28,Silver,South Africa
6963,Brianna Davies,Female,53,Silver,USA
6964,Aisha Mthembu,Female,43,Gold,South Africa
6965,Hannah Thompson,Female,65,Platinum,USA
6966,Samantha Johnson,Female,61,Silver,South Africa
6967,Alexis Brown,Female,35,Platinum,USA
6968,Zanele Johnson,Female,56,Silver,UK
6969,Arjun Clarke,Male,47,Standard,UK
6970,Mpho Naidoo,Male,22,Standard,South Africa
6971,Ahmed Hassan,Male,52,Standard,UK
6972,Daniel Ntuli,Male,53,Standard,South Africa
6973,Yusuf Williams,Male,65,Standard,UAE
6974,Zanele Ndlovu,Female,52,Platinum,USA
6975,Brianna Smith,Female,44,Standard,South Africa
6976,Nkosi Lewis,Male,33,Standard,UK
6977,Jennifer Hassan,Female,21,Standard,South Africa
6978,Lauren Williams,Female,18,Silver,UAE
6979,Madison Patel,Female,26,Standard,UK
6980,Madison Johnson,Female,39,Silver,South Africa
6981,David Mkhize,Male,62,Standard,UK
6982,Emma Hassan,Female,33,Gold,UK
6983,Maryam Dlamini,Female,57,Silver,South Africa
6984,Alexis Wilson,Female,26,Standard,UAE
6985,Brandon Hassan,Male,25,Standard,UAE
6986,Robert Mkhize,Male,62,Standard,UAE
6987,Alexis Pillay,Female,53,Silver,UK
6988,Maryam Williams,Female,33,Standard,South Africa
6989,Mpho Hughes,Male,26,Standard,UAE
6990,Tyler Roberts,Male,43,Standard,South Africa
6991,Sophia Dlamini,Female,43,Platinum,UK
6992,Jennifer Nkosi,Female,54,Standard,South Africa
6993,Anisha Nkosi,Female,51,Standard,UAE
6994,James Johnson,Male,55,Standard,USA
6995,Daniel Evans,Male,58,Standard,USA
6996,Noah Govender,Male,21,Standard,South Africa
6997,Logan Lewis,Male,29,Silver,USA
6998,Marcus Al-Rashid,Male,65,Gold,South Africa
6999,Ashley Khumalo,Female,42,Gold,UK
7000,Daniel Al-Rashid,Male,65,Gold,South Africa
7001,Brandon Govender,Male,36,Silver,South Africa
7002,Tyler Al-Rashid,Male,39,Silver,South Africa
7003,Maryam Naidoo,Female,64,Standard,South Africa
7004,Noah Ntuli,Male,22,Standard,South Africa
7005,Tyler Walker,Male,65,Gold,UK
7006,Hassan Jones,Male,21,Standard,South Africa
7007,Zanele Wilson,Female,43,Silver,UK
7008,Grace Hughes,Female,33,Standard,South Africa
7009,Sandile Jones,Male,18,Silver,UAE
7010,Emily Jones,Female,52,Standard,South Africa
7011,Michael Naidoo,Male,50,Standard,South Africa
7012,Divya Miller,Female,52,Standard,South Africa
7013,Anisha Roberts,Female,60,Standard,UK
7014,Brianna Johnson,Female,19,Standard,South Africa
7015,Lerato Clarke,Female,56,Standard,UK
7016,Lindiwe Ndlovu,Female,58,Silver,South Africa
7017,Sipho Naidoo,Male,65,Silver,South Africa
7018,Lerato Naidoo,Female,36,Silver,UAE
7019,Lindiwe Govender,Female,62,Gold,South Africa
7020,Themba Brown,Male,60,Standard,South Africa
7021,Thabo Walker,Male,36,Standard,USA
7022,Palesa Davis,Female,44,Silver,UAE
7023,Kayla Singh,Female,26,Gold,South Africa
7024,Jennifer Williams,Female,33,Silver,UAE
7025,Thandeka Walker,Female,55,Gold,UK
7026,David Roberts,Male,30,Silver,UK
7027,Vikram Govender,Male,55,Silver,UK
7028,Liam Mthembu,Male,63,Standard,UAE
7029,Hassan Hassan,Male,22,Silver,South Africa
7030,Robert Wilson,Male,40,Silver,South Africa
7031,Thandeka Ndlovu,Female,44,Gold,South Africa
7032,Noah Miller,Male,33,Silver,USA
7033,Ayanda Mthembu,Female,48,Gold,South Africa
7034,Zanele Thompson,Female,52,Standard,USA
7035,Aisha Zulu,Female,65,Platinum,USA
7036,Zainab Davis,Female,62,Standard,UAE
7037,Ravi Wilson,Male,53,Standard,South Africa
7038,Emily Hassan,Female,23,Gold,UK
7039,Thabo Mthembu,Male,54,Standard,UK
7040,Priya Dlamini,Female,28,Standard,South Africa
7041,Ashley Mkhize,Female,30,Standard,UK
7042,Robert Clarke,Male,56,Platinum,UAE
7043,Kabelo Davies,Male,60,Gold,South Africa
7044,Hannah Brown,Female,37,Standard,USA
7045,Nkosi Lewis,Male,61,Standard,UAE
7046,Emma Mkhize,Female,43,Silver,UAE
7047,Vikram Khan,Male,43,Silver,USA
7048,Charlotte Govender,Female,60,Gold,South Africa
7049,Thandeka Williams,Female,55,Standard,UK
7050,Sipho Khan,Male,33,Silver,UAE
7051,Lauren Davis,Female,45,Standard,South Africa
7052,Themba Davies,Male,53,Platinum,USA
7053,Tebogo Williams,Male,50,Standard,UAE
7054,Thandeka Evans,Female,62,Platinum,USA
7055,Mohammed Davies,Male,41,Standard,South Africa
7056,Anisha Williams,Female,25,Standard,UK
7057,William Williams,Male,60,Standard,USA
7058,Michael Clarke,Male,55,Silver,South Africa
7059,Charlotte Khumalo,Female,59,Standard,South Africa
7060,Michael Dlamini,Male,26,Standard,UK
7061,Hannah Jones,Female,65,Platinum,UAE
7062,Kayla Roberts,Female,56,Standard,South Africa
7063,Anisha Khumalo,Female,52,Gold,UK
7064,Lerato Miller,Female,61,Standard,USA
7065,Ayanda Jones,Female,44,Standard,USA
7066,Kabelo Govender,Male,18,Standard,South Africa
7067,Charlotte Nkosi,Female,61,Platinum,South Africa
7068,Brianna Pillay,Female,47,Silver,USA
7069,Lerato Mthembu,Female,52,Standard,UAE
7070,Sophia Govender,Female,24,Standard,UK
7071,Kabelo Johnson,Male,48,Standard,South Africa
7072,Alexis Brown,Female,51,Gold,UK
7073,Kabelo Ndlovu,Male,60,Silver,UK
7074,Grace Dlamini,Female,58,Standard,South Africa
7075,Victoria Smith,Female,26,Gold,UAE
7076,Alexis Mkhize,Female,45,Platinum,UK
7077,Liam Hassan,Male,47,Standard,UK
7078,James Al-Rashid,Male,27,Silver,USA
7079,Thabo Williams,Male,29,Standard,South Africa
7080,Mohammed Williams,Male,52,Silver,South Africa
7081,Samantha Wilson,Female,20,Silver,UAE
7082,Grace Al-Rashid,Female,52,Standard,South Africa
7083,Olivia Mthembu,Female,41,Silver,South Africa
7084,Ravi Hughes,Male,40,Silver,South Africa
7085,Divya Clarke,Female,43,Platinum,South Africa
7086,Emily Govender,Female,30,Standard,USA
7087,Khalid Walker,Male,21,Standard,UK
7088,Ayanda Hassan,Female,32,Standard,USA
7089,Kayla Zulu,Female,34,Standard,UAE
7090,Thomas Khan,Male,36,Standard,South Africa
7091,Olivia Johnson,Female,21,Standard,UAE
7092,Sophia Pillay,Female,42,Silver,USA
7093,Zainab Wilson,Female,62,Platinum,USA
7094,Fatima Evans,Female,49,Silver,USA
7095,Arjun Thompson,Male,49,Gold,UAE
7096,Kayla Wilson,Female,56,Silver,UK
7097,Nomsa Jones,Female,37,Gold,USA
7098,Anisha Nkosi,Female,22,Gold,UK
7099,James Brown,Male,61,Standard,USA
7100,Zanele Naidoo,Female,47,Gold,UAE
7101,Maryam Thompson,Female,44,Standard,USA
7102,Brianna Johnson,Female,48,Standard,USA
7103,Lindiwe Al-Rashid,Female,35,Gold,UAE
7104,Brianna Dlamini,Female,61,Platinum,UAE
7105,Charlotte Patel,Female,65,Gold,USA
7106,Liam Evans,Male,45,Silver,USA
7107,Olivia Ntuli,Female,47,Standard,UK
7108,Lindiwe Williams,Female,22,Silver,South Africa
7109,Anisha Lewis,Female,37,Standard,South Africa
7110,Samantha Miller,Female,40,Silver,UK
7111,Logan Dlamini,Male,54,Standard,UAE
7112,Thandeka Mthembu,Female,49,Platinum,UK
7113,Divya Williams,Female,60,Gold,South Africa
7114,Marcus Walker,Male,30,Gold,USA
7115,Jennifer Govender,Female,36,Silver,South Africa
7116,Priya Williams,Female,52,Standard,UAE
7117,Jennifer Ntuli,Female,59,Silver,South Africa
7118,Yusuf Hughes,Male,60,Silver,USA
7119,Thabo Davies,Male,65,Gold,South Africa
7120,Hassan Jones,Male,21,Standard,South Africa
7121,Ayanda Mkhize,Female,31,Gold,USA
7122,Zanele Davis,Female,58,Silver,USA
7123,Yusuf Dlamini,Male,32,Platinum,South Africa
7124,Arjun Hassan,Male,49,Standard,South Africa
7125,Sophia Johnson,Female,30,Gold,South Africa
7126,Zanele Williams,Female,44,Standard,South Africa
7127,Ravi Khan,Male,22,Silver,South Africa
7128,Logan Jones,Male,26,Standard,South Africa
7129,Aisha Pillay,Female,49,Standard,South Africa
7130,Ashley Hassan,Female,61,Silver,USA
7131,Grace Singh,Female,50,Standard,UAE
7132,Ayanda Jones,Female,35,Silver,UK
7133,Lindiwe Evans,Female,27,Standard,South Africa
7134,Alexis Johnson,Female,42,Silver,South Africa
7135,Emily Evans,Female,23,Standard,UAE
7136,Robert Khumalo,Male,44,Silver,UK
7137,Lindiwe Dlamini,Female,65,Silver,South Africa
7138,Alexis Walker,Female,25,Gold,UAE
7139,Nkosi Ntuli,Male,22,Platinum,UAE
7140,Charlotte Govender,Female,36,Silver,South Africa
7141,Logan Walker,Male,52,Standard,USA
7142,Charlotte Evans,Female,24,Standard,UAE
7143,Emma Thompson,Female,45,Standard,South Africa
7144,Sophia Brown,Female,42,Standard,South Africa
7145,Ashley Wilson,Female,28,Standard,UAE
7146,Zanele Zulu,Female,19,Silver,South Africa
7147,Tyler Patel,Male,20,Standard,South Africa
7148,Hannah Singh,Female,60,Platinum,UAE
7149,Madison Khan,Female,20,Gold,South Africa
7150,Logan Walker,Male,43,Silver,South Africa
7151,Noah Hughes,Male,53,Platinum,UK
7152,Olivia Davis,Female,43,Standard,UAE
7153,Ashley Clarke,Female,48,Silver,USA
7154,Hannah Govender,Female,40,Standard,South Africa
7155,James Pillay,Male,52,Silver,USA
7156,Charlotte Nkosi,Female,18,Silver,South Africa
7157,Marcus Johnson,Male,60,Silver,South Africa
7158,Mohammed Miller,Male,38,Standard,USA
7159,Neha Pillay,Female,55,Standard,UK
7160,Themba Ntuli,Male,32,Standard,USA
7161,Lerato Hassan,Female,26,Gold,UK
7162,Thomas Hassan,Male,53,Platinum,South Africa
7163,Sophia Davis,Female,18,Gold,UAE
7164,James Naidoo,Male,52,Silver,South Africa
7165,Hassan Evans,Male,27,Silver,USA
7166,Mohammed Davies,Male,34,Standard,South Africa
7167,Kayla Evans,Female,19,Standard,USA
7168,Samantha Mthembu,Female,38,Platinum,UK
7169,Lindiwe Dlamini,Female,37,Gold,UK
7170,William Ntuli,Male,23,Platinum,South Africa
7171,Thandeka Naidoo,Female,42,Standard,South Africa
7172,Olivia Hughes,Female,57,Standard,South Africa
7173,Busisiwe Pillay,Female,58,Standard,UAE
7174,Sipho Smith,Male,51,Platinum,USA
7175,Sipho Davies,Male,43,Gold,UAE
7176,Divya Evans,Female,56,Gold,USA
7177,Lauren Miller,Female,28,Silver,UK
7178,William Miller,Male,31,Standard,South Africa
7179,Samantha Thompson,Female,18,Standard,UAE
7180,Logan Naidoo,Male,32,Standard,UAE
7181,William Govender,Male,37,Silver,USA
7182,Tyler Hassan,Male,38,Gold,UK
7183,Sipho Johnson,Male,33,Standard,South Africa
7184,Thomas Govender,Male,21,Standard,UK
7185,Liam Clarke,Male,47,Silver,South Africa
7186,William Hughes,Male,46,Standard,UK
7187,Nomsa Govender,Female,21,Standard,UAE
7188,William Walker,Male,26,Gold,UK
7189,Divya Khumalo,Female,62,Standard,South Africa
7190,Mohammed Williams,Male,32,Standard,UK
7191,Zainab Ndlovu,Female,18,Gold,UAE
7192,Nkosi Smith,Male,45,Gold,South Africa
7193,Fatima Clarke,Female,46,Standard,South Africa
7194,Palesa Miller,Female,57,Gold,South Africa
7195,Tyler Walker,Male,23,Gold,South Africa
7196,Zanele Evans,Female,50,Standard,South Africa
7197,Lerato Davies,Female,42,Standard,USA
7198,Olivia Naidoo,Female,21,Silver,UAE
7199,Kayla Davis,Female,46,Silver,South Africa
7200,Emily Patel,Female,29,Gold,South Africa
7201,Sophia Naidoo,Female,23,Silver,South Africa
7202,Tyler Khan,Male,46,Standard,UAE
7203,Neha Singh,Female,24,Silver,UAE
7204,William Jones,Male,36,Standard,USA
7205,Brianna Hughes,Female,63,Gold,UAE
7206,Priya Williams,Female,47,Silver,USA
7207,Thabo Nkosi,Male,40,Gold,South Africa
7208,James Govender,Male,24,Silver,South Africa
7209,Emily Brown,Female,23,Standard,USA
7210,Jayden Smith,Male,26,Gold,South Africa
7211,Hannah Ndlovu,Female,40,Standard,South Africa
7212,Kayla Walker,Female,19,Silver,UAE
7213,Jennifer Mthembu,Female,47,Gold,UK
7214,Anisha Hughes,Female,27,Standard,USA
7215,Madison Jones,Female,56,Standard,South Africa
7216,Anisha Patel,Female,37,Silver,South Africa
7217,Liam Singh,Male,21,Silver,South Africa
7218,Priya Davies,Female,37,Gold,South Africa
7219,Alexis Clarke,Female,42,Standard,USA
7220,Ashley Al-Rashid,Female,42,Standard,South Africa
7221,Olivia Govender,Female,23,Standard,South Africa
7222,Olivia Singh,Female,29,Silver,South Africa
7223,Tyler Patel,Male,54,Platinum,South Africa
7224,Tyler Khan,Male,63,Gold,South Africa
7225,Michael Walker,Male,58,Standard,UK
7226,Ahmed Davies,Male,22,Standard,UK
7227,Thomas Williams,Male,33,Platinum,UAE
7228,Omar Mthembu,Male,28,Standard,UK
7229,Madison Williams,Female,41,Standard,UAE
7230,Maryam Davies,Female,53,Gold,South Africa
7231,Liam Williams,Male,28,Gold,USA
7232,Tebogo Ntuli,Male,38,Silver,South Africa
7233,Themba Dlamini,Male,23,Silver,South Africa
7234,Omar Ndlovu,Male,27,Silver,UAE
7235,Grace Walker,Female,20,Gold,South Africa
7236,Logan Mkhize,Male,62,Gold,UK
7237,Lauren Patel,Female,25,Silver,South Africa
7238,Charlotte Khumalo,Female,22,Platinum,UAE
7239,Marcus Thompson,Male,31,Standard,South Africa
7240,Arjun Williams,Male,62,Silver,UAE
7241,Liam Lewis,Male,42,Standard,South Africa
7242,Omar Wilson,Male,36,Standard,UK
7243,Tebogo Evans,Male,46,Silver,UAE
7244,Samantha Evans,Female,50,Gold,USA
7245,Jennifer Williams,Female,51,Standard,USA
7246,Hannah Johnson,Female,47,Standard,UAE
7247,Sipho Wilson,Male,52,Standard,USA
7248,Priya Mkhize,Female,62,Standard,UAE
7249,Aisha Patel,Female,52,Standard,UK
7250,Liam Khumalo,Male,29,Standard,South Africa
7251,Ashley Naidoo,Female,38,Standard,USA
7252,Jayden Davis,Male,41,Standard,UAE
7253,Zainab Patel,Female,34,Standard,South Africa
7254,Jennifer Dlamini,Female,22,Standard,South Africa
7255,Kabelo Ntuli,Male,34,Standard,USA
7256,Arjun Ndlovu,Male,28,Standard,UAE
7257,Michael Al-Rashid,Male,21,Silver,UK
7258,Ahmed Williams,Male,35,Standard,UK
7259,William Clarke,Male,47,Platinum,USA
7260,Sipho Al-Rashid,Male,48,Standard,UAE
7261,Sandile Miller,Male,26,Silver,UAE
7262,Thandeka Evans,Female,50,Standard,South Africa
7263,Themba Brown,Male,51,Platinum,South Africa
7264,Neha Walker,Female,21,Silver,UK
7265,Thomas Miller,Male,32,Standard,USA
7266,Nkosi Walker,Male,47,Silver,South Africa
7267,John Williams,Male,23,Standard,USA
7268,Palesa Clarke,Female,27,Gold,South Africa
7269,Grace Hughes,Female,23,Silver,UK
7270,Nkosi Lewis,Male,58,Platinum,South Africa
7271,Lerato Hassan,Female,65,Standard,South Africa
7272,Lerato Khan,Female,44,Gold,South Africa
7273,Nomsa Jones,Female,19,Platinum,South Africa
7274,Lindiwe Thompson,Female,37,Silver,UK
7275,Anisha Khan,Female,56,Silver,South Africa
7276,Palesa Pillay,Female,58,Gold,UAE
7277,Palesa Nkosi,Female,23,Silver,UAE
7278,Daniel Zulu,Male,28,Standard,UAE
7279,Ashley Walker,Female,35,Gold,USA
7280,Zainab Singh,Female,25,Platinum,South Africa
7281,Tyler Smith,Male,55,Silver,UAE
7282,Thomas Roberts,Male,44,Gold,South Africa
7283,Palesa Pillay,Female,22,Silver,South Africa
7284,Sophia Singh,Female,20,Standard,South Africa
7285,Lauren Hassan,Female,44,Silver,South Africa
7286,Palesa Brown,Female,18,Silver,USA
7287,James Hassan,Male,45,Standard,UK
7288,Zanele Hughes,Female,18,Standard,UAE
7289,Thomas Naidoo,Male,50,Gold,UK
7290,Charlotte Walker,Female,46,Standard,UAE
7291,Lerato Davies,Female,54,Silver,UK
7292,Michael Ndlovu,Male,45,Platinum,UAE
7293,Busisiwe Singh,Female,36,Standard,UK
7294,Ayanda Dlamini,Female,53,Silver,South Africa
7295,Alexis Patel,Female,49,Gold,USA
7296,Sandile Ndlovu,Male,21,Silver,South Africa
7297,Neha Johnson,Female,42,Standard,USA
7298,Zanele Mthembu,Female,38,Standard,South Africa
7299,Madison Patel,Female,32,Standard,USA
7300,Jayden Nkosi,Male,25,Gold,UK
7301,Grace Jones,Female,45,Gold,UAE
7302,Grace Davis,Female,39,Standard,UAE
7303,Sandile Govender,Male,41,Silver,UAE
7304,Khalid Ntuli,Male,27,Silver,USA
7305,Ravi Singh,Male,37,Silver,UAE
7306,David Mkhize,Male,46,Platinum,UAE
7307,Jayden Zulu,Male,57,Silver,South Africa
7308,Themba Ntuli,Male,53,Standard,UK
7309,Mpho Khumalo,Male,33,Silver,UK
7310,Mpho Nkosi,Male,54,Silver,South Africa
7311,Kayla Jones,Female,38,Silver,UAE
7312,Lerato Davis,Female,38,Standard,UAE
7313,Kabelo Dlamini,Male,36,Platinum,UK
7314,Jennifer Ndlovu,Female,63,Gold,South Africa
7315,Maryam Roberts,Female,54,Standard,UK
7316,Jennifer Davis,Female,53,Standard,South Africa
7317,Tyler Ndlovu,Male,38,Gold,UK
7318,Grace Walker,Female,31,Platinum,UK
7319,Emily Patel,Female,58,Standard,South Africa
7320,Anisha Evans,Female,42,Standard,UK
7321,Busisiwe Hughes,Female,40,Standard,UAE
7322,Ahmed Jones,Male,36,Standard,UK
7323,Themba Ntuli,Male,29,Standard,UAE
7324,Palesa Davies,Female,58,Standard,UAE
7325,Priya Lewis,Female,18,Standard,UK
7326,Emma Ntuli,Female,32,Silver,USA
7327,Elijah Govender,Male,30,Standard,UK
7328,Thabo Smith,Male,49,Platinum,USA
7329,Mohammed Ntuli,Male,46,Standard,South Africa
7330,Kayla Ntuli,Female,22,Platinum,South Africa
7331,Michael Ntuli,Male,29,Silver,South Africa
7332,Sipho Al-Rashid,Male,59,Standard,UAE
7333,David Walker,Male,25,Standard,UK
7334,Brandon Pillay,Male,54,Standard,USA
7335,Sophia Nkosi,Female,47,Standard,USA
7336,Thabo Ndlovu,Male,24,Standard,South Africa
7337,Mohammed Singh,Male,30,Standard,South Africa
7338,Neha Wilson,Female,55,Silver,UAE
7339,Ravi Naidoo,Male,27,Silver,USA
7340,Lerato Patel,Female,27,Standard,UK
7341,Hassan Davies,Male,51,Standard,UK
7342,Hannah Lewis,Female,31,Platinum,UAE
7343,Hannah Hassan,Female,36,Silver,UAE
7344,Ravi Wilson,Male,33,Silver,UK
7345,Madison Mkhize,Female,49,Standard,South Africa
7346,Hassan Miller,Male,36,Platinum,South Africa
7347,Noah Al-Rashid,Male,26,Gold,UK
7348,Palesa Singh,Female,50,Standard,South Africa
7349,Khalid Patel,Male,24,Gold,South Africa
7350,Noah Jones,Male,35,Standard,USA
7351,Vikram Singh,Male,56,Silver,UK
7352,Emily Brown,Female,38,Standard,UK
7353,Liam Hughes,Male,64,Standard,UAE
7354,Hannah Johnson,Female,52,Standard,South Africa
7355,Ravi Evans,Male,61,Standard,USA
7356,Divya Thompson,Female,24,Standard,South Africa
7357,Busisiwe Khan,Female,53,Silver,USA
7358,Sipho Brown,Male,55,Gold,UK
7359,Vikram Mkhize,Male,32,Standard,South Africa
7360,Olivia Johnson,Female,34,Silver,South Africa
7361,Mohammed Miller,Male,41,Standard,UAE
7362,Thabo Khumalo,Male,64,Standard,UAE
7363,Thandeka Mthembu,Female,58,Standard,UK
7364,Ahmed Pillay,Male,45,Silver,UK
7365,Elijah Dlamini,Male,62,Standard,UK
7366,Omar Hassan,Male,19,Platinum,USA
7367,Jayden Nkosi,Male,60,Gold,USA
7368,Mpho Singh,Male,46,Silver,South Africa
7369,Divya Khan,Female,18,Standard,USA
7370,Sipho Jones,Male,33,Standard,UK
7371,Ashley Nkosi,Female,28,Standard,South Africa
7372,Emma Singh,Female,60,Platinum,South Africa
7373,Grace Thompson,Female,26,Platinum,UAE
7374,Emily Zulu,Female,53,Silver,UK
7375,Sophia Patel,Female,65,Standard,South Africa
7376,Ahmed Pillay,Male,27,Gold,USA
7377,John Brown,Male,36,Silver,USA
7378,Anisha Patel,Female,60,Silver,UK
7379,Thandeka Hassan,Female,47,Silver,USA
7380,Jayden Miller,Male,24,Silver,UAE
7381,Lauren Lewis,Female,44,Standard,UK
7382,Hassan Walker,Male,53,Silver,South Africa
7383,Noah Brown,Male,55,Standard,UAE
7384,Aisha Zulu,Female,64,Silver,South Africa
7385,Thandeka Smith,Female,33,Standard,UAE
7386,Fatima Evans,Female,29,Platinum,UK
7387,Noah Naidoo,Male,33,Standard,USA
7388,Alexis Miller,Female,48,Standard,South Africa
7389,Nkosi Lewis,Male,47,Standard,South Africa
7390,Fatima Davies,Female,51,Silver,UK
7391,Nomsa Johnson,Female,65,Standard,USA
7392,Tyler Dlamini,Male,32,Standard,USA
7393,John Patel,Male,26,Standard,UK
7394,Yusuf Lewis,Male,43,Standard,UAE
7395,Mpho Williams,Male,55,Standard,South Africa
7396,James Dlamini,Male,57,Silver,South Africa
7397,Emma Jones,Female,26,Silver,UK
7398,Grace Khan,Female,20,Standard,South Africa
7399,Busisiwe Hassan,Female,64,Standard,South Africa
7400,Hannah Dlamini,Female,53,Silver,South Africa
7401,Kabelo Brown,Male,43,Platinum,South Africa
7402,Robert Jones,Male,61,Standard,USA
7403,Mohammed Pillay,Male,59,Silver,South Africa
7404,Lindiwe Thompson,Female,48,Standard,USA
7405,Lerato Nkosi,Female,19,Silver,USA
7406,Alexis Khumalo,Female,56,Standard,South Africa
7407,Noah Dlamini,Male,51,Gold,South Africa
7408,Sandile Mkhize,Male,49,Standard,UAE
7409,Divya Pillay,Female,46,Platinum,UK
7410,Michael Evans,Male,22,Standard,South Africa
7411,Kayla Brown,Female,24,Standard,UK
7412,Elijah Miller,Male,37,Gold,South Africa
7413,Ashley Evans,Female,56,Silver,South Africa
7414,Marcus Johnson,Male,38,Standard,South Africa
7415,Kayla Clarke,Female,34,Standard,USA
7416,Hannah Evans,Female,63,Platinum,South Africa
7417,Priya Lewis,Female,51,Platinum,UK
7418,Samantha Ntuli,Female,44,Standard,USA
7419,Nomsa Singh,Female,51,Gold,South Africa
7420,Charlotte Khan,Female,37,Silver,South Africa
7421,Jayden Williams,Male,55,Gold,UK
7422,Hannah Smith,Female,58,Standard,South Africa
7423,Emily Wilson,Female,61,Standard,South Africa
7424,Vikram Wilson,Male,42,Standard,South Africa
7425,Tyler Mthembu,Male,43,Gold,USA
7426,Hassan Ntuli,Male,58,Standard,UAE
7427,Jayden Khan,Male,65,Gold,South Africa
7428,James Mthembu,Male,55,Standard,South Africa
7429,Jayden Evans,Male,54,Standard,UAE
7430,Lauren Johnson,Female,45,Platinum,South Africa
7431,Michael Khumalo,Male,34,Standard,USA
7432,Lindiwe Williams,Female,55,Standard,South Africa
7433,David Al-Rashid,Male,44,Silver,UAE
7434,Tebogo Mthembu,Male,20,Platinum,UAE
7435,Mpho Williams,Male,22,Standard,South Africa
7436,Grace Davis,Female,48,Standard,South Africa
7437,Nomsa Hassan,Female,53,Standard,South Africa
7438,Daniel Jones,Male,44,Standard,South Africa
7439,Fatima Williams,Female,55,Standard,South Africa
7440,Victoria Davis,Female,27,Silver,UAE
7441,Kabelo Dlamini,Male,58,Gold,South Africa
7442,James Davies,Male,26,Silver,UAE
7443,Jennifer Mthembu,Female,29,Gold,UAE
7444,Busisiwe Zulu,Female,40,Silver,South Africa
7445,Alexis Brown,Female,18,Silver,UK
7446,Maryam Brown,Female,35,Standard,UK
7447,Brianna Smith,Female,36,Silver,UK
7448,Nomsa Johnson,Female,22,Gold,USA
7449,Thandeka Pillay,Female,51,Standard,South Africa
7450,Maryam Khumalo,Female,35,Silver,UK
7451,Madison Davies,Female,23,Silver,South Africa
7452,Charlotte Smith,Female,50,Silver,South Africa
7453,Hannah Lewis,Female,55,Platinum,South Africa
7454,Michael Ntuli,Male,58,Gold,UAE
7455,Lindiwe Nkosi,Female,50,Gold,UAE
7456,Tebogo Singh,Male,19,Platinum,South Africa
7457,Yusuf Hughes,Male,19,Gold,USA
7458,Hannah Mkhize,Female,21,Silver,USA
7459,Kabelo Evans,Male,20,Standard,USA
7460,Tyler Mthembu,Male,41,Standard,USA
7461,Ashley Mthembu,Female,22,Gold,USA
7462,Ayanda Evans,Female,52,Platinum,UK
7463,Yusuf Govender,Male,34,Standard,South Africa
7464,Michael Lewis,Male,43,Platinum,South Africa
7465,Lerato Nkosi,Female,32,Standard,South Africa
7466,Hassan Hughes,Male,48,Platinum,South Africa
7467,Brandon Patel,Male,52,Standard,UAE
7468,Olivia Patel,Female,61,Silver,UK
7469,Daniel Govender,Male,62,Standard,UK
7470,Madison Govender,Female,31,Gold,South Africa
7471,Vikram Ntuli,Male,50,Standard,USA
7472,Vikram Khumalo,Male,27,Standard,South Africa
7473,Themba Mthembu,Male,23,Silver,UAE
7474,Grace Clarke,Female,56,Standard,South Africa
7475,Jennifer Ntuli,Female,51,Standard,USA
7476,Divya Walker,Female,34,Silver,UAE
7477,Khalid Roberts,Male,27,Gold,UK
7478,Sophia Wilson,Female,65,Standard,UK
7479,Noah Dlamini,Male,21,Silver,USA
7480,James Naidoo,Male,63,Silver,UAE
7481,Samantha Mthembu,Female,21,Gold,South Africa
7482,Liam Pillay,Male,37,Standard,UAE
7483,Mohammed Patel,Male,36,Silver,South Africa
7484,Lindiwe Johnson,Female,54,Standard,South Africa
7485,Anisha Roberts,Female,21,Platinum,UAE
7486,Busisiwe Hassan,Female,61,Silver,UK
7487,Yusuf Nkosi,Male,50,Silver,UK
7488,Divya Ndlovu,Female,53,Platinum,USA
7489,Ravi Brown,Male,58,Gold,South Africa
7490,Maryam Smith,Female,64,Standard,UK
7491,Grace Zulu,Female,24,Standard,UK
7492,Vikram Walker,Male,23,Standard,UK
7493,Themba Roberts,Male,29,Gold,South Africa
7494,Alexis Brown,Female,42,Standard,UK
7495,Hassan Walker,Male,55,Silver,USA
7496,Divya Jones,Female,57,Silver,USA
7497,Lauren Smith,Female,35,Silver,UK
7498,Sipho Smith,Male,48,Standard,UK
7499,Tebogo Brown,Male,22,Silver,South Africa
7500,Lerato Evans,Female,42,Silver,South Africa
7501,Tebogo Singh,Male,57,Gold,UAE
7502,Olivia Smith,Female,57,Silver,South Africa
7503,Marcus Nkosi,Male,38,Standard,USA
7504,Logan Johnson,Male,35,Silver,South Africa
7505,Daniel Khan,Male,33,Platinum,UK
7506,Jennifer Thompson,Female,55,Standard,USA
7507,Arjun Ndlovu,Male,51,Gold,South Africa
7508,Michael Patel,Male,46,Platinum,UAE
7509,Zainab Williams,Female,24,Standard,UAE
7510,Hannah Smith,Female,23,Standard,UAE
7511,Sophia Mthembu,Female,48,Standard,UAE
7512,Noah Singh,Male,63,Standard,South Africa
7513,Marcus Williams,Male,35,Standard,UAE
7514,Vikram Zulu,Male,46,Silver,UAE
7515,Lerato Thompson,Female,32,Silver,South Africa
7516,Michael Lewis,Male,23,Silver,USA
7517,Charlotte Miller,Female,40,Platinum,South Africa
7518,Samantha Govender,Female,62,Gold,South Africa
7519,Anisha Nkosi,Female,31,Standard,USA
7520,Anisha Ndlovu,Female,43,Standard,South Africa
7521,Thabo Miller,Male,24,Gold,South Africa
7522,Madison Hassan,Female,31,Silver,South Africa
7523,Sophia Ndlovu,Female,26,Standard,South Africa
7524,Vikram Thompson,Male,32,Standard,UK
7525,Alexis Smith,Female,24,Standard,USA
7526,Thomas Ndlovu,Male,34,Standard,USA
7527,Brandon Govender,Male,63,Standard,South Africa
7528,Busisiwe Mkhize,Female,40,Gold,South Africa
7529,Anisha Hassan,Female,60,Standard,UAE
7530,Vikram Thompson,Male,28,Standard,South Africa
7531,Fatima Johnson,Female,58,Standard,South Africa
7532,Busisiwe Mkhize,Female,27,Standard,USA
7533,Sophia Clarke,Female,30,Silver,USA
7534,Jennifer Wilson,Female,20,Silver,USA
7535,Thabo Williams,Male,55,Standard,USA
7536,Alexis Govender,Female,28,Standard,South Africa
7537,Lauren Hassan,Female,49,Standard,UK
7538,Anisha Al-Rashid,Female,25,Standard,UAE
7539,Ashley Dlamini,Female,56,Standard,USA
7540,Arjun Williams,Male,22,Silver,USA
7541,Ashley Mkhize,Female,34,Gold,UK
7542,Marcus Nkosi,Male,25,Gold,South Africa
7543,Jayden Hassan,Male,21,Standard,USA
7544,Emma Patel,Female,54,Standard,UK
7545,Neha Nkosi,Female,65,Standard,UAE
7546,Lindiwe Walker,Female,37,Standard,UK
7547,Lauren Hughes,Female,33,Silver,USA
7548,Grace Williams,Female,65,Silver,South Africa
7549,Jayden Patel,Male,39,Standard,South Africa
7550,Lindiwe Clarke,Female,63,Standard,UK
7551,Divya Wilson,Female,57,Gold,UAE
7552,Lindiwe Jones,Female,33,Platinum,UK
7553,Emily Brown,Female,39,Standard,USA
7554,Lindiwe Nkosi,Female,23,Silver,UK
7555,Brianna Clarke,Female,24,Silver,UAE
7556,Mpho Ndlovu,Male,22,Standard,UAE
7557,Jayden Walker,Male,35,Gold,UK
7558,Elijah Jones,Male,46,Gold,South Africa
7559,Yusuf Ndlovu,Male,22,Silver,UK
7560,Ravi Patel,Male,47,Silver,USA
7561,Busisiwe Mkhize,Female,49,Standard,South Africa
7562,Ayanda Al-Rashid,Female,44,Standard,UK
7563,Arjun Thompson,Male,59,Standard,USA
7564,Zanele Singh,Female,44,Standard,USA
7565,Emma Wilson,Female,25,Silver,South Africa
7566,Vikram Al-Rashid,Male,59,Standard,South Africa
7567,Nomsa Govender,Female,21,Silver,South Africa
7568,Maryam Walker,Female,31,Standard,UK
7569,James Zulu,Male,40,Standard,USA
7570,Sipho Mkhize,Male,45,Silver,UK
7571,Yusuf Ntuli,Male,34,Standard,USA
7572,Maryam Hughes,Female,46,Standard,South Africa
7573,Madison Lewis,Female,24,Gold,USA
7574,Mpho Ntuli,Male,56,Standard,UAE
7575,Noah Zulu,Male,44,Standard,USA
7576,Liam Singh,Male,26,Silver,USA
7577,Themba Ndlovu,Male,18,Silver,South Africa
7578,Priya Thompson,Female,57,Silver,South Africa
7579,Nomsa Lewis,Female,42,Silver,UK
7580,Olivia Ndlovu,Female,46,Standard,South Africa
7581,Nomsa Al-Rashid,Female,41,Gold,South Africa
7582,Emily Brown,Female,22,Standard,South Africa
7583,Victoria Khumalo,Female,55,Silver,UK
7584,Maryam Jones,Female,39,Silver,UK
7585,Robert Dlamini,Male,60,Standard,UK
7586,Emily Davies,Female,57,Platinum,USA
7587,Neha Naidoo,Female,49,Silver,South Africa
7588,Zanele Hughes,Female,18,Standard,South Africa
7589,Samantha Mkhize,Female,25,Gold,South Africa
7590,Jennifer Thompson,Female,24,Standard,South Africa
7591,Ravi Evans,Male,39,Silver,USA
7592,Lindiwe Govender,Female,31,Gold,South Africa
7593,Lauren Naidoo,Female,22,Standard,South Africa
7594,Khalid Wilson,Male,57,Standard,South Africa
7595,Ravi Lewis,Male,45,Silver,UK
7596,Emily Ndlovu,Female,51,Standard,UAE
7597,Hannah Evans,Female,25,Platinum,South Africa
7598,Ashley Singh,Female,63,Gold,South Africa
7599,Hannah Hughes,Female,23,Standard,South Africa
7600,Sophia Davis,Female,36,Standard,USA
7601,Olivia Mthembu,Female,33,Gold,South Africa
7602,Omar Ntuli,Male,53,Silver,South Africa
7603,Themba Davis,Male,58,Standard,South Africa
7604,Zainab Davies,Female,33,Standard,USA
7605,Busisiwe Miller,Female,55,Silver,South Africa
7606,Thomas Khumalo,Male,22,Standard,South Africa
7607,Michael Hassan,Male,61,Gold,USA
7608,Priya Hughes,Female,53,Gold,UK
7609,Maryam Ndlovu,Female,26,Standard,South Africa
7610,Kabelo Lewis,Male,18,Standard,UAE
7611,Ravi Wilson,Male,40,Standard,South Africa
7612,Grace Roberts,Female,44,Silver,South Africa
7613,Madison Khan,Female,30,Standard,South Africa
7614,Maryam Clarke,Female,49,Silver,USA
7615,Ayanda Singh,Female,21,Silver,UAE
7616,Zainab Wilson,Female,27,Standard,South Africa
7617,Alexis Roberts,Female,62,Silver,South Africa
7618,Ashley Davies,Female,40,Silver,UAE
7619,Thomas Singh,Male,25,Silver,USA
7620,Michael Al-Rashid,Male,53,Silver,South Africa
7621,Noah Ntuli,Male,56,Platinum,USA
7622,Lindiwe Johnson,Female,36,Standard,UAE
7623,Sipho Dlamini,Male,21,Standard,USA
7624,Palesa Pillay,Female,33,Silver,UK
7625,Maryam Clarke,Female,38,Standard,UK
7626,Aisha Al-Rashid,Female,35,Standard,South Africa
7627,Zainab Zulu,Female,40,Gold,UAE
7628,Victoria Davies,Female,47,Standard,UAE
7629,Nkosi Nkosi,Male,36,Standard,UK
7630,Tebogo Roberts,Male,53,Silver,UK
7631,Arjun Ndlovu,Male,24,Standard,UAE
7632,David Mkhize,Male,64,Standard,South Africa
7633,Grace Davies,Female,26,Silver,UK
7634,Daniel Naidoo,Male,34,Standard,South Africa
7635,Fatima Govender,Female,28,Standard,South Africa
7636,Vikram Jones,Male,41,Standard,USA
7637,Divya Lewis,Female,42,Standard,UAE
7638,John Smith,Male,48,Silver,UK
7639,David Govender,Male,37,Gold,South Africa
7640,Ahmed Singh,Male,37,Platinum,USA
7641,Hannah Thompson,Female,56,Standard,UAE
7642,Mohammed Patel,Male,49,Silver,UAE
7643,Nomsa Zulu,Female,23,Standard,South Africa
7644,Jayden Roberts,Male,45,Silver,South Africa
7645,Anisha Nkosi,Female,26,Platinum,South Africa
7646,Thomas Davies,Male,58,Platinum,South Africa
7647,Lindiwe Zulu,Female,36,Platinum,South Africa
7648,Madison Clarke,Female,27,Silver,South Africa
7649,Robert Williams,Male,58,Standard,South Africa
7650,Ahmed Thompson,Male,52,Gold,UK
7651,Lerato Hughes,Female,54,Standard,UK
7652,Aisha Brown,Female,24,Standard,South Africa
7653,Brianna Brown,Female,55,Platinum,UK
7654,Mpho Jones,Male,29,Platinum,UK
7655,William Davis,Male,59,Standard,UAE
7656,Ravi Mkhize,Male,30,Gold,South Africa
7657,Themba Khumalo,Male,65,Gold,USA
7658,Vikram Evans,Male,58,Standard,South Africa
7659,Vikram Zulu,Male,30,Standard,USA
7660,Palesa Ndlovu,Female,40,Standard,South Africa
7661,Vikram Ntuli,Male,55,Standard,UAE
7662,Jennifer Ntuli,Female,39,Gold,USA
7663,Lindiwe Govender,Female,21,Silver,UAE
7664,Khalid Williams,Male,47,Standard,South Africa
7665,Priya Thompson,Female,23,Standard,South Africa
7666,Olivia Khan,Female,50,Gold,UK
7667,Elijah Clarke,Male,56,Silver,South Africa
7668,Thomas Thompson,Male,25,Silver,UAE
7669,Hassan Patel,Male,26,Standard,South Africa
7670,Sipho Patel,Male,27,Standard,South Africa
7671,Sophia Khumalo,Female,29,Silver,UK
7672,Lauren Johnson,Female,64,Silver,South Africa
7673,Michael Al-Rashid,Male,49,Standard,USA
7674,Kayla Lewis,Female,44,Standard,UK
7675,Thabo Lewis,Male,64,Standard,South Africa
7676,Sipho Williams,Male,47,Platinum,UK
7677,Robert Williams,Male,50,Standard,South Africa
7678,Marcus Lewis,Male,54,Standard,South Africa
7679,Noah Brown,Male,27,Gold,South Africa
7680,Tyler Dlamini,Male,26,Gold,South Africa
7681,Neha Thompson,Female,50,Silver,UAE
7682,Zainab Jones,Female,38,Standard,USA
7683,Ashley Jones,Female,33,Standard,South Africa
7684,Vikram Clarke,Male,59,Platinum,South Africa
7685,Emily Roberts,Female,56,Standard,South Africa
7686,Mpho Ntuli,Male,23,Platinum,UAE
7687,Logan Mthembu,Male,50,Gold,UAE
7688,Charlotte Hassan,Female,53,Gold,USA
7689,Grace Hassan,Female,55,Standard,South Africa
7690,Liam Davis,Male,23,Standard,USA
7691,Thabo Miller,Male,35,Standard,South Africa
7692,Yusuf Ntuli,Male,24,Platinum,South Africa
7693,Lindiwe Walker,Female,58,Standard,USA
7694,Brandon Lewis,Male,51,Platinum,South Africa
7695,Marcus Mthembu,Male,63,Standard,South Africa
7696,Hannah Zulu,Female,61,Standard,UK
7697,Maryam Williams,Female,61,Silver,UK
7698,Lerato Davies,Female,47,Silver,South Africa
7699,Tebogo Davis,Male,57,Standard,UK
7700,Tyler Ntuli,Male,57,Standard,South Africa
7701,Busisiwe Wilson,Female,39,Silver,USA
7702,Yusuf Nkosi,Male,52,Standard,UAE
7703,Brandon Nkosi,Male,31,Gold,UK
7704,Grace Williams,Female,43,Platinum,South Africa
7705,Neha Miller,Female,34,Silver,South Africa
7706,Fatima Pillay,Female,40,Standard,South Africa
7707,Mpho Brown,Male,56,Standard,USA
7708,Sophia Naidoo,Female,44,Silver,South Africa
7709,Aisha Williams,Female,41,Gold,UAE
7710,Busisiwe Mthembu,Female,22,Standard,USA
7711,Daniel Johnson,Male,28,Standard,UAE
7712,Tyler Al-Rashid,Male,60,Standard,South Africa
7713,Themba Ndlovu,Male,32,Standard,UK
7714,Thandeka Smith,Female,38,Standard,UK
7715,Ayanda Hassan,Female,55,Standard,South Africa
7716,Victoria Khan,Female,49,Gold,South Africa
7717,Brandon Walker,Male,47,Silver,UAE
7718,Elijah Ndlovu,Male,34,Silver,UK
7719,William Williams,Male,43,Standard,UAE
7720,Emma Mthembu,Female,19,Standard,USA
7721,Divya Khumalo,Female,54,Standard,South Africa
7722,Zainab Evans,Female,41,Standard,USA
7723,William Nkosi,Male,63,Silver,South Africa
7724,Kayla Lewis,Female,18,Standard,South Africa
7725,Mohammed Khan,Male,61,Gold,South Africa
7726,Fatima Roberts,Female,47,Standard,UAE
7727,Priya Johnson,Female,52,Standard,UK
7728,Charlotte Johnson,Female,34,Standard,USA
7729,James Thompson,Male,29,Standard,UK
7730,Alexis Mkhize,Female,29,Gold,South Africa
7731,Themba Jones,Male,38,Standard,USA
7732,Sophia Wilson,Female,33,Standard,USA
7733,Elijah Davis,Male,48,Standard,UAE
7734,Brianna Roberts,Female,58,Standard,South Africa
7735,Ravi Williams,Male,20,Standard,UK
7736,Brianna Khumalo,Female,28,Standard,South Africa
7737,Robert Nkosi,Male,29,Standard,UAE
7738,Hassan Wilson,Male,63,Standard,USA
7739,Ayanda Nkosi,Female,30,Gold,South Africa
7740,Sandile Khumalo,Male,19,Platinum,South Africa
7741,Jennifer Williams,Female,22,Standard,South Africa
7742,Elijah Smith,Male,31,Standard,South Africa
7743,Samantha Nkosi,Female,62,Silver,South Africa
7744,Jayden Pillay,Male,64,Standard,UK
7745,Charlotte Govender,Female,34,Silver,USA
7746,Anisha Thompson,Female,28,Standard,UAE
7747,Olivia Clarke,Female,24,Gold,UAE
7748,Themba Johnson,Male,20,Standard,UAE
7749,Alexis Williams,Female,60,Silver,UAE
7750,Lerato Davies,Female,36,Silver,UK
7751,Lauren Roberts,Female,51,Gold,South Africa
7752,Lerato Mthembu,Female,65,Silver,UK
7753,Priya Al-Rashid,Female,54,Standard,UK
7754,Mohammed Wilson,Male,54,Standard,UAE
7755,Grace Evans,Female,64,Standard,South Africa
7756,Yusuf Govender,Male,26,Silver,UAE
7757,Lindiwe Al-Rashid,Female,46,Platinum,UK
7758,Grace Singh,Female,44,Silver,USA
7759,David Pillay,Male,56,Gold,South Africa
7760,Sandile Johnson,Male,20,Standard,South Africa
7761,Lerato Jones,Female,45,Standard,UK
7762,Tyler Miller,Male,26,Standard,South Africa
7763,Marcus Evans,Male,29,Silver,UK
7764,Thomas Govender,Male,35,Silver,USA
7765,Omar Brown,Male,19,Standard,UAE
7766,Thandeka Ndlovu,Female,35,Silver,USA
7767,Anisha Al-Rashid,Female,52,Gold,South Africa
7768,Maryam Brown,Female,48,Standard,USA
7769,Alexis Govender,Female,18,Standard,USA
7770,Jayden Al-Rashid,Male,53,Gold,UK
7771,Elijah Pillay,Male,40,Gold,South Africa
7772,Thabo Clarke,Male,32,Silver,UK
7773,Jayden Thompson,Male,26,Gold,South Africa
7774,Nkosi Zulu,Male,25,Standard,USA
7775,Thandeka Mkhize,Female,58,Silver,USA
7776,Neha Khan,Female,33,Standard,South Africa
7777,Palesa Davis,Female,42,Standard,UAE
7778,Thandeka Nkosi,Female,41,Gold,USA
7779,Michael Brown,Male,64,Standard,UK
7780,Fatima Brown,Female,41,Standard,UK
7781,Thomas Walker,Male,28,Standard,USA
7782,Emily Clarke,Female,36,Gold,UAE
7783,Liam Singh,Male,44,Silver,South Africa
7784,Thomas Smith,Male,27,Standard,UAE
7785,Elijah Nkosi,Male,40,Standard,UK
7786,Khalid Davis,Male,18,Standard,South Africa
7787,Kayla Singh,Female,31,Platinum,UK
7788,Zainab Zulu,Female,30,Standard,USA
7789,Neha Pillay,Female,62,Silver,South Africa
7790,Mohammed Khan,Male,21,Silver,UAE
7791,Robert Davis,Male,48,Silver,UK
7792,Emily Evans,Female,65,Standard,UK
7793,Sandile Davis,Male,29,Standard,UAE
7794,Victoria Johnson,Female,57,Silver,UK
7795,Ravi Singh,Male,52,Standard,UK
7796,Alexis Miller,Female,41,Silver,South Africa
7797,Marcus Ntuli,Male,64,Standard,South Africa
7798,Tebogo Zulu,Male,35,Standard,South Africa
7799,Nkosi Govender,Male,29,Standard,UK
7800,Zanele Brown,Female,58,Standard,UAE
7801,Zainab Walker,Female,51,Platinum,UK
7802,Palesa Johnson,Female,65,Silver,UK
7803,Mpho Smith,Male,49,Silver,UAE
7804,Zainab Dlamini,Female,43,Standard,South Africa
7805,Robert Jones,Male,65,Silver,UAE
7806,Liam Lewis,Male,40,Gold,USA
7807,Robert Mthembu,Male,49,Standard,UAE
7808,Madison Dlamini,Female,25,Standard,USA
7809,Sandile Mthembu,Male,33,Silver,USA
7810,Palesa Ntuli,Female,41,Silver,UAE
7811,Khalid Al-Rashid,Male,20,Silver,UAE
7812,Elijah Davies,Male,59,Standard,USA
7813,Tyler Davies,Male,18,Platinum,UAE
7814,Lauren Walker,Female,63,Standard,UK
7815,Maryam Roberts,Female,55,Platinum,USA
7816,Anisha Davis,Female,61,Gold,South Africa
7817,Ahmed Smith,Male,20,Standard,South Africa
7818,Omar Patel,Male,63,Standard,USA
7819,Madison Clarke,Female,23,Standard,South Africa
7820,Michael Govender,Male,18,Silver,UK
7821,Jayden Pillay,Male,60,Standard,USA
7822,Lerato Jones,Female,18,Silver,UAE
7823,Jennifer Dlamini,Female,42,Standard,UK
7824,Thandeka Khan,Female,27,Platinum,UAE
7825,Sandile Davis,Male,50,Standard,USA
7826,Charlotte Jones,Female,38,Gold,UAE
7827,Anisha Patel,Female,27,Standard,UK
7828,Logan Johnson,Male,32,Standard,UK
7829,Elijah Govender,Male,39,Gold,UK
7830,Zainab Roberts,Female,54,Platinum,UAE
7831,Jayden Mkhize,Male,38,Standard,USA
7832,Yusuf Hughes,Male,20,Silver,USA
7833,John Hughes,Male,63,Standard,UK
7834,Noah Clarke,Male,43,Silver,South Africa
7835,Michael Ndlovu,Male,35,Silver,South Africa
7836,Ravi Williams,Male,56,Gold,South Africa
7837,Brandon Wilson,Male,28,Gold,USA
7838,Olivia Walker,Female,29,Standard,USA
7839,Thomas Dlamini,Male,61,Standard,UK
7840,Mohammed Clarke,Male,39,Gold,South Africa
7841,Priya Clarke,Female,62,Gold,UAE
7842,Logan Mkhize,Male,60,Standard,South Africa
7843,Tebogo Hassan,Male,62,Standard,USA
7844,Hannah Jones,Female,41,Standard,UAE
7845,Lauren Clarke,Female,27,Gold,UK
7846,Alexis Roberts,Female,56,Standard,South Africa
7847,Thandeka Davis,Female,60,Silver,USA
7848,Emily Naidoo,Female,32,Standard,South Africa
7849,Busisiwe Khumalo,Female,61,Silver,USA
7850,Sipho Wilson,Male,20,Gold,UAE
7851,Ravi Davies,Male,34,Silver,South Africa
7852,Ravi Evans,Male,57,Standard,South Africa
7853,Liam Davies,Male,44,Standard,UK
7854,Alexis Khumalo,Female,62,Gold,USA
7855,Vikram Brown,Male,56,Standard,South Africa
7856,Tebogo Pillay,Male,52,Platinum,South Africa
7857,Victoria Singh,Female,62,Standard,South Africa
7858,Charlotte Jones,Female,48,Standard,UK
7859,Daniel Zulu,Male,24,Standard,USA
7860,Neha Zulu,Female,59,Standard,UAE
7861,Mpho Clarke,Male,57,Gold,South Africa
7862,Divya Johnson,Female,22,Standard,UK
7863,Brandon Clarke,Male,48,Standard,UK
7864,Mpho Dlamini,Male,63,Standard,UK
7865,Themba Naidoo,Male,49,Standard,UK
7866,Zanele Williams,Female,44,Standard,USA
7867,Omar Singh,Male,40,Silver,UAE
7868,Emily Khan,Female,36,Silver,South Africa
7869,Emma Evans,Female,65,Standard,USA
7870,John Davis,Male,39,Standard,UAE
7871,Tyler Ntuli,Male,63,Silver,UK
7872,David Mkhize,Male,45,Gold,South Africa
7873,Kabelo Smith,Male,21,Standard,USA
7874,Tyler Khan,Male,44,Silver,South Africa
7875,Omar Thompson,Male,34,Silver,UAE
7876,Alexis Brown,Female,58,Platinum,South Africa
7877,Logan Nkosi,Male,55,Gold,South Africa
7878,Aisha Johnson,Female,37,Standard,USA
7879,Emma Naidoo,Female,18,Silver,UK
7880,Nkosi Patel,Male,35,Standard,UAE
7881,James Davis,Male,49,Standard,USA
7882,Thandeka Patel,Female,58,Silver,South Africa
7883,Kabelo Walker,Male,54,Silver,South Africa
7884,Kayla Davis,Female,53,Standard,South Africa
7885,Liam Miller,Male,26,Standard,USA
7886,Neha Davies,Female,19,Standard,UK
7887,Zainab Thompson,Female,26,Standard,South Africa
7888,Charlotte Miller,Female,65,Gold,USA
7889,Kabelo Jones,Male,54,Silver,South Africa
7890,Arjun Al-Rashid,Male,52,Silver,UK
7891,Michael Davies,Male,39,Gold,South Africa
7892,Jayden Nkosi,Male,31,Standard,South Africa
7893,Khalid Clarke,Male,33,Standard,South Africa
7894,Thomas Pillay,Male,36,Gold,UAE
7895,Kayla Nkosi,Female,58,Standard,UK
7896,Hassan Pillay,Male,38,Standard,UAE
7897,Maryam Johnson,Female,19,Platinum,South Africa
7898,Tyler Hughes,Male,35,Standard,USA
7899,Jennifer Singh,Female,27,Silver,UK
7900,Michael Khumalo,Male,47,Gold,South Africa
7901,Madison Davis,Female,55,Silver,South Africa
7902,Liam Jones,Male,63,Platinum,USA
7903,Tyler Govender,Male,44,Standard,South Africa
7904,Themba Naidoo,Male,55,Gold,UAE
7905,Samantha Thompson,Female,58,Standard,South Africa
7906,Maryam Nkosi,Female,22,Gold,South Africa
7907,Thomas Naidoo,Male,43,Standard,South Africa
7908,Daniel Roberts,Male,50,Standard,USA
7909,Yusuf Clarke,Male,36,Standard,South Africa
7910,Neha Davis,Female,25,Gold,USA
7911,Arjun Al-Rashid,Male,40,Silver,South Africa
7912,Kayla Thompson,Female,47,Standard,South Africa
7913,Lindiwe Hughes,Female,24,Standard,UAE
7914,Grace Ntuli,Female,47,Standard,UAE
7915,Robert Williams,Male,32,Gold,South Africa
7916,Marcus Brown,Male,39,Silver,South Africa
7917,Vikram Thompson,Male,19,Gold,UAE
7918,Hannah Singh,Female,33,Standard,South Africa
7919,Vikram Davis,Male,57,Gold,USA
7920,Madison Davis,Female,55,Standard,South Africa
7921,Logan Hughes,Male,29,Gold,UAE
7922,Hannah Mthembu,Female,24,Silver,UAE
7923,Fatima Roberts,Female,31,Standard,South Africa
7924,William Govender,Male,43,Standard,UAE
7925,Lerato Dlamini,Female,58,Silver,USA
7926,Mpho Govender,Male,63,Silver,South Africa
7927,Priya Nkosi,Female,63,Silver,South Africa
7928,Thomas Pillay,Male,35,Silver,South Africa
7929,Sipho Naidoo,Male,31,Standard,South Africa
7930,Themba Khan,Male,22,Gold,South Africa
7931,John Ntuli,Male,24,Standard,UAE
7932,Lindiwe Hughes,Female,19,Platinum,South Africa
7933,Lerato Thompson,Female,39,Platinum,UK
7934,Khalid Williams,Male,36,Silver,UAE
7935,Omar Roberts,Male,35,Standard,South Africa
7936,Thandeka Walker,Female,38,Silver,UAE
7937,David Johnson,Male,43,Standard,South Africa
7938,Ashley Davies,Female,61,Gold,South Africa
7939,Hassan Johnson,Male,65,Gold,USA
7940,Jayden Nkosi,Male,38,Silver,South Africa
7941,Madison Williams,Female,47,Standard,UAE
7942,Brandon Brown,Male,54,Silver,USA
7943,John Nkosi,Male,59,Standard,South Africa
7944,Noah Brown,Male,45,Platinum,South Africa
7945,David Ndlovu,Male,56,Standard,South Africa
7946,Hannah Davis,Female,43,Gold,UK
7947,Zanele Khumalo,Female,60,Silver,South Africa
7948,Nomsa Walker,Female,50,Silver,USA
7949,Divya Jones,Female,52,Silver,UAE
7950,Madison Khan,Female,27,Standard,USA
7951,Samantha Wilson,Female,28,Platinum,USA
7952,James Ntuli,Male,47,Gold,South Africa
7953,Madison Khan,Female,57,Platinum,South Africa
7954,Sipho Hassan,Male,30,Standard,UK
7955,Sophia Ndlovu,Female,45,Gold,South Africa
7956,Hassan Clarke,Male,26,Silver,UK
7957,Sandile Pillay,Male,55,Silver,USA
7958,Tebogo Lewis,Male,58,Standard,South Africa
7959,Nomsa Hughes,Female,21,Standard,UAE
7960,Victoria Thompson,Female,43,Standard,UAE
7961,Thandeka Davis,Female,37,Silver,South Africa
7962,Elijah Johnson,Male,24,Silver,South Africa
7963,Hassan Mkhize,Male,20,Platinum,UK
7964,Hannah Ntuli,Female,39,Gold,UAE
7965,Alexis Mkhize,Female,21,Standard,UAE
7966,Lauren Miller,Female,47,Silver,South Africa
7967,Anisha Williams,Female,45,Silver,South Africa
7968,Olivia Mthembu,Female,56,Gold,South Africa
7969,Emily Evans,Female,41,Gold,USA
7970,Maryam Walker,Female,35,Platinum,USA
7971,Logan Hassan,Male,32,Platinum,UAE
7972,Thomas Naidoo,Male,58,Gold,South Africa
7973,Emma Williams,Female,39,Platinum,USA
7974,Marcus Brown,Male,57,Standard,South Africa
7975,Nkosi Williams,Male,52,Silver,UK
7976,William Jones,Male,29,Standard,South Africa
7977,Ashley Wilson,Female,29,Standard,UAE
7978,James Davis,Male,53,Standard,UK
7979,Samantha Naidoo,Female,34,Gold,South Africa
7980,Vikram Govender,Male,62,Standard,USA
7981,Daniel Hassan,Male,20,Standard,USA
7982,Ashley Davies,Female,52,Gold,South Africa
7983,Victoria Lewis,Female,38,Standard,UK
7984,Grace Khan,Female,20,Silver,USA
7985,Grace Mkhize,Female,31,Silver,UK
7986,Jennifer Hughes,Female,34,Standard,UAE
7987,Themba Khumalo,Male,57,Standard,South Africa
7988,Mpho Khan,Male,50,Standard,South Africa
7989,Emma Williams,Female,23,Silver,UK
7990,Nomsa Brown,Female,40,Standard,UAE
7991,Omar Govender,Male,41,Gold,USA
7992,Nomsa Evans,Female,33,Silver,USA
7993,Fatima Miller,Female,22,Platinum,South Africa
7994,Busisiwe Williams,Female,35,Standard,UK
7995,Michael Ntuli,Male,63,Standard,South Africa
7996,Jennifer Davies,Female,59,Standard,UK
7997,Lindiwe Davies,Female,50,Silver,UK
7998,William Williams,Male,28,Standard,South Africa
7999,Nkosi Clarke,Male,32,Platinum,South Africa
8000,Grace Roberts,Female,28,Gold,USA
8001,Lerato Davies,Female,65,Platinum,UAE
8002,Michael Nkosi,Male,54,Standard,South Africa
8003,Brandon Khumalo,Male,38,Silver,South Africa
8004,Thomas Al-Rashid,Male,40,Platinum,South Africa
8005,Brandon Singh,Male,49,Platinum,UK
8006,Madison Pillay,Female,18,Silver,UK
8007,Kayla Dlamini,Female,18,Silver,South Africa
8008,Yusuf Brown,Male,22,Standard,UAE
8009,Sandile Evans,Male,53,Silver,South Africa
8010,Marcus Hassan,Male,21,Standard,UAE
8011,Marcus Ndlovu,Male,38,Silver,South Africa
8012,Sipho Johnson,Male,27,Gold,South Africa
8013,Logan Khumalo,Male,19,Standard,South Africa
8014,Divya Wilson,Female,29,Platinum,South Africa
8015,Ravi Miller,Male,44,Silver,South Africa
8016,Kayla Hughes,Female,42,Silver,South Africa
8017,Kabelo Johnson,Male,46,Silver,USA
8018,Lauren Mkhize,Female,60,Platinum,UK
8019,Ashley Hassan,Female,50,Silver,South Africa
8020,Jennifer Lewis,Female,22,Standard,USA
8021,Olivia Mkhize,Female,42,Silver,South Africa
8022,Ayanda Hughes,Female,29,Standard,South Africa
8023,Lauren Williams,Female,44,Standard,UAE
8024,Elijah Dlamini,Male,56,Standard,UK
8025,Zainab Clarke,Female,45,Gold,UK
8026,Lerato Nkosi,Female,38,Silver,UK
8027,Nomsa Davies,Female,18,Gold,UK
8028,Daniel Dlamini,Male,50,Silver,UK
8029,Mpho Patel,Male,62,Standard,UK
8030,Emily Smith,Female,60,Standard,UK
8031,Tyler Lewis,Male,18,Standard,South Africa
8032,Logan Khan,Male,51,Silver,USA
8033,Busisiwe Al-Rashid,Female,53,Gold,USA
8034,Lerato Roberts,Female,60,Standard,UAE
8035,Emma Brown,Female,52,Platinum,UK
8036,Zanele Evans,Female,58,Gold,USA
8037,Elijah Smith,Male,63,Standard,UK
8038,Liam Davis,Male,42,Standard,South Africa
8039,Lerato Nkosi,Female,52,Standard,UK
8040,Thomas Mthembu,Male,42,Gold,UK
8041,Alexis Naidoo,Female,55,Standard,UK
8042,Ahmed Davis,Male,30,Standard,South Africa
8043,Ashley Clarke,Female,50,Standard,USA
8044,Marcus Nkosi,Male,58,Silver,UK
8045,Sipho Davies,Male,49,Standard,UAE
8046,Liam Dlamini,Male,47,Standard,South Africa
8047,Olivia Davis,Female,36,Standard,USA
8048,Arjun Davis,Male,33,Gold,UK
8049,Nkosi Pillay,Male,23,Standard,South Africa
8050,Samantha Clarke,Female,60,Gold,UAE
8051,Omar Mthembu,Male,42,Standard,UK
8052,Samantha Miller,Female,20,Standard,USA
8053,Samantha Nkosi,Female,54,Silver,South Africa
8054,Lerato Lewis,Female,25,Silver,UAE
8055,Robert Hassan,Male,51,Standard,South Africa
8056,Yusuf Nkosi,Male,20,Silver,South Africa
8057,Charlotte Dlamini,Female,44,Standard,South Africa
8058,Ahmed Mthembu,Male,34,Standard,USA
8059,Tyler Smith,Male,38,Standard,South Africa
8060,Anisha Davis,Female,51,Standard,USA
8061,Thandeka Zulu,Female,40,Standard,South Africa
8062,Kabelo Johnson,Male,39,Standard,South Africa
8063,Zainab Khumalo,Female,50,Standard,USA
8064,William Singh,Male,23,Standard,USA
8065,Omar Davies,Male,35,Platinum,South Africa
8066,Liam Jones,Male,53,Gold,UAE
8067,Zanele Naidoo,Female,27,Standard,South Africa
8068,Sandile Al-Rashid,Male,62,Gold,USA
8069,Robert Thompson,Male,44,Standard,UK
8070,Grace Khan,Female,32,Standard,UAE
8071,Divya Brown,Female,60,Standard,South Africa
8072,David Roberts,Male,31,Standard,South Africa
8073,Ahmed Johnson,Male,49,Standard,UAE
8074,Tyler Naidoo,Male,65,Standard,South Africa
8075,Daniel Khumalo,Male,51,Silver,USA
8076,Hannah Evans,Female,64,Standard,South Africa
8077,Neha Wilson,Female,26,Standard,USA
8078,Themba Govender,Male,18,Standard,South Africa
8079,Lindiwe Ntuli,Female,34,Standard,UK
8080,Kabelo Thompson,Male,23,Silver,South Africa
8081,Sophia Khumalo,Female,27,Silver,USA
8082,Emily Jones,Female,43,Standard,UK
8083,Fatima Khan,Female,42,Standard,South Africa
8084,John Govender,Male,55,Standard,South Africa
8085,Grace Clarke,Female,19,Silver,UK
8086,Emily Zulu,Female,49,Standard,UK
8087,Maryam Al-Rashid,Female,40,Standard,UK
8088,Maryam Govender,Female,36,Gold,UAE
8089,David Zulu,Male,46,Silver,UAE
8090,Sipho Lewis,Male,18,Standard,South Africa
8091,Samantha Khan,Female,65,Standard,UAE
8092,Omar Hughes,Male,54,Silver,South Africa
8093,Hassan Clarke,Male,21,Gold,USA
8094,Omar Lewis,Male,62,Silver,UAE
8095,Ayanda Davis,Female,39,Silver,USA
8096,Arjun Mthembu,Male,27,Standard,USA
8097,Zainab Thompson,Female,36,Standard,USA
8098,Busisiwe Patel,Female,54,Standard,UK
8099,Nomsa Al-Rashid,Female,55,Silver,USA
8100,Daniel Khan,Male,55,Standard,South Africa
8101,Lerato Nkosi,Female,57,Gold,South Africa
8102,John Miller,Male,63,Silver,USA
8103,Hannah Davies,Female,41,Standard,South Africa
8104,Victoria Mthembu,Female,30,Standard,UK
8105,Sandile Smith,Male,59,Standard,South Africa
8106,Jayden Singh,Male,38,Gold,South Africa
8107,Maryam Dlamini,Female,31,Standard,USA
8108,Zainab Smith,Female,33,Standard,UAE
8109,Zainab Walker,Female,23,Gold,UAE
8110,Ayanda Govender,Female,61,Standard,South Africa
8111,Lerato Mthembu,Female,35,Platinum,South Africa
8112,Sophia Thompson,Female,34,Standard,UK
8113,Mohammed Naidoo,Male,62,Standard,UAE
8114,Emily Clarke,Female,61,Standard,UAE
8115,Emma Pillay,Female,23,Standard,USA
8116,Victoria Mkhize,Female,49,Gold,South Africa
8117,Samantha Roberts,Female,32,Gold,South Africa
8118,Victoria Wilson,Female,64,Standard,UAE
8119,Victoria Hassan,Female,38,Standard,USA
8120,Alexis Ndlovu,Female,29,Standard,South Africa
8121,Charlotte Lewis,Female,43,Silver,USA
8122,Yusuf Hughes,Male,27,Standard,South Africa
8123,Logan Patel,Male,43,Standard,South Africa
8124,Nomsa Govender,Female,48,Silver,UAE
8125,Tyler Mkhize,Male,64,Platinum,USA
8126,Zanele Khumalo,Female,23,Standard,South Africa
8127,Ahmed Walker,Male,61,Standard,South Africa
8128,Lauren Hughes,Female,22,Standard,UK
8129,Emma Thompson,Female,29,Standard,UAE
8130,Palesa Khan,Female,39,Standard,UAE
8131,John Mthembu,Male,35,Silver,UK
8132,Brianna Ntuli,Female,44,Gold,USA
8133,Elijah Hassan,Male,65,Standard,USA
8134,Olivia Singh,Female,49,Silver,South Africa
8135,Emily Davies,Female,62,Gold,South Africa
8136,Fatima Johnson,Female,62,Gold,South Africa
8137,Jennifer Patel,Female,32,Standard,UK
8138,Omar Davis,Male,51,Standard,UAE
8139,Nomsa Dlamini,Female,37,Standard,South Africa
8140,Palesa Evans,Female,26,Standard,South Africa
8141,Zanele Clarke,Female,50,Silver,South Africa
8142,Daniel Khumalo,Male,37,Silver,UAE
8143,Khalid Roberts,Male,47,Platinum,UAE
8144,Khalid Evans,Male,18,Platinum,South Africa
8145,Ashley Davies,Female,58,Silver,South Africa
8146,Elijah Mthembu,Male,56,Standard,UAE
8147,Zanele Ndlovu,Female,58,Standard,UK
8148,Liam Thompson,Male,65,Standard,UAE
8149,Ashley Davis,Female,59,Silver,UK
8150,Sandile Jones,Male,19,Platinum,UK
8151,Ahmed Naidoo,Male,62,Silver,UAE
8152,Hassan Pillay,Male,55,Gold,UAE
8153,Divya Brown,Female,51,Standard,UAE
8154,Noah Smith,Male,45,Standard,USA
8155,Ashley Patel,Female,55,Standard,USA
8156,Jayden Naidoo,Male,28,Platinum,USA
8157,John Hassan,Male,55,Gold,South Africa
8158,Samantha Clarke,Female,43,Standard,USA
8159,Anisha Govender,Female,51,Standard,USA
8160,Elijah Miller,Male,41,Gold,South Africa
8161,Victoria Ndlovu,Female,52,Platinum,South Africa
8162,James Pillay,Male,25,Silver,UK
8163,Tebogo Singh,Male,51,Gold,USA
8164,Hassan Pillay,Male,22,Standard,USA
8165,Lerato Miller,Female,27,Platinum,South Africa
8166,Sophia Williams,Female,31,Platinum,South Africa
8167,Vikram Clarke,Male,18,Standard,USA
8168,Jayden Miller,Male,19,Silver,South Africa
8169,Khalid Williams,Male,26,Standard,South Africa
8170,Omar Nkosi,Male,58,Silver,UAE
8171,Priya Govender,Female,63,Platinum,UK
8172,Logan Pillay,Male,29,Platinum,South Africa
8173,Liam Davies,Male,40,Standard,UK
8174,Zanele Clarke,Female,43,Standard,South Africa
8175,Ravi Singh,Male,45,Silver,South Africa
8176,Nkosi Al-Rashid,Male,30,Platinum,South Africa
8177,Sophia Davis,Female,39,Standard,South Africa
8178,Lerato Thompson,Female,60,Silver,South Africa
8179,Sipho Al-Rashid,Male,23,Standard,UK
8180,Divya Roberts,Female,28,Standard,UAE
8181,Omar Naidoo,Male,33,Standard,UAE
8182,Hassan Ntuli,Male,57,Silver,UK
8183,Thandeka Roberts,Female,32,Standard,South Africa
8184,Mohammed Roberts,Male,56,Standard,UAE
8185,Tyler Smith,Male,36,Silver,UAE
8186,John Smith,Male,46,Silver,UK
8187,Thabo Jones,Male,28,Standard,South Africa
8188,Neha Singh,Female,31,Platinum,USA
8189,Tebogo Khumalo,Male,29,Silver,South Africa
8190,Victoria Wilson,Female,51,Standard,South Africa
8191,Samantha Smith,Female,30,Standard,UAE
8192,Emily Thompson,Female,19,Platinum,South Africa
8193,Lerato Brown,Female,53,Standard,South Africa
8194,James Govender,Male,23,Standard,South Africa
8195,Fatima Khumalo,Female,36,Gold,South Africa
8196,Victoria Wilson,Female,41,Standard,South Africa
8197,Kayla Roberts,Female,42,Silver,South Africa
8198,Robert Thompson,Male,43,Gold,UK
8199,Tyler Naidoo,Male,61,Silver,UAE
8200,Alexis Ndlovu,Female,41,Silver,South Africa
8201,Brianna Thompson,Female,44,Silver,South Africa
8202,Ayanda Patel,Female,55,Standard,South Africa
8203,Jayden Ntuli,Male,27,Standard,UK
8204,Tebogo Williams,Male,27,Standard,USA
8205,Khalid Smith,Male,42,Silver,UK
8206,Fatima Lewis,Female,28,Standard,South Africa
8207,Tyler Mthembu,Male,45,Gold,South Africa
8208,Zainab Roberts,Female,27,Standard,South Africa
8209,Maryam Mthembu,Female,36,Standard,UK
8210,Vikram Wilson,Male,49,Standard,South Africa
8211,Liam Lewis,Male,31,Standard,South Africa
8212,Themba Miller,Male,33,Standard,UAE
8213,Maryam Khan,Female,36,Standard,USA
8214,Nkosi Thompson,Male,33,Standard,South Africa
8215,Aisha Ntuli,Female,22,Standard,UK
8216,Maryam Pillay,Female,39,Standard,UK
8217,Hassan Ntuli,Male,53,Standard,South Africa
8218,Kayla Davies,Female,33,Standard,South Africa
8219,Busisiwe Evans,Female,37,Gold,South Africa
8220,Tebogo Ndlovu,Male,39,Standard,USA
8221,Emily Smith,Female,63,Silver,UAE
8222,Michael Brown,Male,29,Standard,UK
8223,Zanele Evans,Female,23,Standard,South Africa
8224,Kayla Pillay,Female,36,Standard,South Africa
8225,Thandeka Williams,Female,34,Silver,USA
8226,Ravi Hassan,Male,56,Standard,USA
8227,Robert Davies,Male,31,Platinum,South Africa
8228,Fatima Roberts,Female,31,Standard,South Africa
8229,Tebogo Hassan,Male,18,Standard,UK
8230,Olivia Jones,Female,55,Standard,USA
8231,Ashley Brown,Female,57,Standard,USA
8232,David Evans,Male,32,Standard,South Africa
8233,Hassan Singh,Male,52,Silver,USA
8234,Sandile Lewis,Male,19,Standard,South Africa
8235,Khalid Ntuli,Male,59,Standard,UK
8236,Lindiwe Pillay,Female,48,Gold,South Africa
8237,Sipho Al-Rashid,Male,25,Standard,USA
8238,David Miller,Male,48,Gold,UK
8239,Logan Lewis,Male,19,Gold,USA
8240,Kayla Walker,Female,47,Platinum,South Africa
8241,Victoria Zulu,Female,43,Silver,UAE
8242,Noah Clarke,Male,27,Platinum,South Africa
8243,William Smith,Male,51,Silver,UAE
8244,John Hughes,Male,23,Standard,USA
8245,Emma Patel,Female,64,Standard,UAE
8246,Jennifer Johnson,Female,58,Gold,South Africa
8247,Zanele Patel,Female,43,Platinum,South Africa
8248,Ravi Evans,Male,25,Gold,South Africa
8249,Zanele Lewis,Female,55,Gold,South Africa
8250,Fatima Thompson,Female,46,Standard,South Africa
8251,Maryam Nkosi,Female,21,Standard,South Africa
8252,Madison Ntuli,Female,60,Standard,USA
8253,Emily Mthembu,Female,37,Silver,UK
8254,Sophia Thompson,Female,19,Silver,South Africa
8255,Fatima Lewis,Female,20,Gold,South Africa
8256,Tebogo Khumalo,Male,48,Platinum,USA
8257,Thabo Mkhize,Male,18,Standard,UAE
8258,Vikram Ndlovu,Male,28,Gold,South Africa
8259,Robert Ndlovu,Male,18,Standard,UK
8260,Omar Lewis,Male,31,Standard,USA
8261,Priya Johnson,Female,25,Standard,UK
8262,Lauren Miller,Female,28,Silver,UK
8263,Samantha Williams,Female,30,Standard,South Africa
8264,Thabo Naidoo,Male,24,Platinum,UAE
8265,Lindiwe Hughes,Female,19,Standard,South Africa
8266,Samantha Jones,Female,55,Platinum,UK
8267,John Singh,Male,61,Silver,South Africa
8268,Thandeka Clarke,Female,22,Standard,South Africa
8269,Logan Wilson,Male,39,Standard,USA
8270,Lerato Patel,Female,22,Gold,USA
8271,Nkosi Thompson,Male,30,Gold,UK
8272,Logan Al-Rashid,Male,26,Standard,UAE
8273,Elijah Pillay,Male,26,Platinum,South Africa
8274,Lindiwe Zulu,Female,49,Platinum,UK
8275,Alexis Thompson,Female,30,Standard,USA
8276,Mpho Zulu,Male,55,Standard,South Africa
8277,Khalid Jones,Male,26,Standard,UK
8278,Logan Ndlovu,Male,64,Standard,South Africa
8279,Zainab Williams,Female,38,Standard,South Africa
8280,Victoria Davies,Female,61,Gold,South Africa
8281,Jennifer Lewis,Female,64,Silver,South Africa
8282,Marcus Al-Rashid,Male,34,Silver,South Africa
8283,Vikram Davis,Male,61,Standard,UK
8284,Divya Naidoo,Female,18,Silver,UK
8285,Ahmed Ntuli,Male,65,Standard,UAE
8286,Samantha Khan,Female,60,Standard,USA
8287,Kayla Davis,Female,33,Gold,UK
8288,Victoria Williams,Female,63,Gold,UAE
8289,Neha Al-Rashid,Female,63,Platinum,USA
8290,Priya Williams,Female,52,Platinum,South Africa
8291,Omar Nkosi,Male,57,Gold,South Africa
8292,Daniel Roberts,Male,63,Standard,South Africa
8293,Khalid Smith,Male,32,Standard,UAE
8294,Daniel Mthembu,Male,21,Silver,UAE
8295,Zainab Wilson,Female,39,Standard,USA
8296,Samantha Wilson,Female,26,Platinum,UK
8297,Tebogo Davies,Male,47,Standard,South Africa
8298,Palesa Clarke,Female,58,Standard,USA
8299,Arjun Hassan,Male,27,Gold,UK
8300,Brandon Hassan,Male,61,Gold,South Africa
8301,Kayla Khumalo,Female,34,Standard,South Africa
8302,Priya Miller,Female,57,Standard,UAE
8303,Robert Wilson,Male,28,Silver,South Africa
8304,Robert Jones,Male,28,Silver,South Africa
8305,Lindiwe Khan,Female,20,Standard,UAE
8306,Anisha Dlamini,Female,59,Standard,UK
8307,Marcus Dlamini,Male,57,Gold,UK
8308,William Roberts,Male,37,Standard,USA
8309,Zainab Miller,Female,47,Standard,South Africa
8310,Lauren Hassan,Female,45,Standard,UAE
8311,Nkosi Jones,Male,38,Platinum,UAE
8312,Emma Miller,Female,21,Standard,South Africa
8313,Ayanda Smith,Female,24,Gold,South Africa
8314,Tebogo Davies,Male,60,Gold,UAE
8315,Zanele Pillay,Female,50,Standard,South Africa
8316,Hannah Brown,Female,20,Gold,UK
8317,Busisiwe Roberts,Female,40,Standard,UAE
8318,Khalid Al-Rashid,Male,25,Standard,UAE
8319,Ahmed Jones,Male,60,Standard,South Africa
8320,Maryam Wilson,Female,56,Standard,UAE
8321,Samantha Clarke,Female,21,Gold,South Africa
8322,James Thompson,Male,47,Standard,UAE
8323,Nkosi Lewis,Male,42,Standard,South Africa
8324,Logan Khan,Male,64,Standard,UAE
8325,Madison Walker,Female,51,Silver,South Africa
8326,Lauren Clarke,Female,29,Standard,UK
8327,Nkosi Johnson,Male,39,Standard,USA
8328,Vikram Govender,Male,45,Standard,South Africa
8329,Sipho Roberts,Male,31,Gold,USA
8330,Victoria Thompson,Female,54,Platinum,UAE
8331,Ravi Williams,Male,30,Silver,South Africa
8332,Noah Govender,Male,65,Gold,South Africa
8333,Tyler Khan,Male,38,Gold,USA
8334,Arjun Zulu,Male,43,Standard,UAE
8335,Olivia Singh,Female,60,Silver,USA
8336,Hassan Mthembu,Male,31,Gold,UK
8337,Mpho Williams,Male,27,Gold,South Africa
8338,William Mthembu,Male,43,Gold,USA
8339,Jennifer Patel,Female,48,Standard,UK
8340,Daniel Thompson,Male,25,Silver,South Africa
8341,Fatima Khumalo,Female,19,Standard,USA
8342,Thomas Miller,Male,44,Platinum,South Africa
8343,Hannah Zulu,Female,26,Gold,USA
8344,Ahmed Ndlovu,Male,55,Standard,South Africa
8345,Brianna Patel,Female,26,Standard,South Africa
8346,Elijah Khan,Male,57,Silver,USA
8347,Liam Ntuli,Male,40,Silver,USA
8348,Emma Mkhize,Female,18,Standard,South Africa
8349,Priya Al-Rashid,Female,18,Silver,UK
8350,Victoria Thompson,Female,36,Silver,UAE
8351,Yusuf Nkosi,Male,22,Silver,South Africa
8352,Thabo Davis,Male,48,Standard,UAE
8353,Alexis Patel,Female,61,Standard,UAE
8354,Alexis Nkosi,Female,52,Standard,UK
8355,Brianna Ndlovu,Female,57,Standard,USA
8356,Hassan Naidoo,Male,30,Standard,UK
8357,Robert Wilson,Male,38,Gold,UAE
8358,Brianna Smith,Female,39,Silver,USA
8359,Neha Dlamini,Female,52,Standard,UAE
8360,Jayden Pillay,Male,32,Gold,USA
8361,Sophia Wilson,Female,19,Silver,South Africa
8362,Charlotte Walker,Female,27,Standard,South Africa
8363,Thabo Dlamini,Male,61,Standard,UK
8364,Daniel Khan,Male,33,Standard,UK
8365,William Govender,Male,26,Gold,USA
8366,Hannah Smith,Female,31,Standard,USA
8367,William Khan,Male,54,Standard,UAE
8368,Anisha Naidoo,Female,19,Standard,UK
8369,Emma Roberts,Female,25,Standard,USA
8370,Ahmed Dlamini,Male,60,Standard,UAE
8371,Ayanda Clarke,Female,47,Platinum,South Africa
8372,Tyler Lewis,Male,26,Standard,South Africa
8373,Ahmed Govender,Male,32,Gold,South Africa
8374,David Singh,Male,30,Silver,USA
8375,Kayla Naidoo,Female,51,Standard,UK
8376,Zainab Govender,Female,45,Silver,South Africa
8377,Jennifer Davies,Female,53,Gold,UK
8378,Samantha Mkhize,Female,24,Standard,South Africa
8379,Emma Mthembu,Female,24,Platinum,USA
8380,Palesa Zulu,Female,32,Silver,South Africa
8381,Jayden Evans,Male,30,Standard,UK
8382,Mohammed Mthembu,Male,31,Platinum,UK
8383,Yusuf Lewis,Male,50,Silver,South Africa
8384,Vikram Khan,Male,27,Silver,South Africa
8385,Emily Patel,Female,27,Platinum,USA
8386,Sandile Miller,Male,45,Gold,South Africa
8387,Palesa Mthembu,Female,55,Standard,USA
8388,Alexis Wilson,Female,33,Standard,South Africa
8389,Nomsa Brown,Female,58,Standard,UK
8390,Charlotte Walker,Female,30,Silver,UAE
8391,Ahmed Naidoo,Male,19,Gold,UK
8392,Aisha Naidoo,Female,24,Gold,UAE
8393,Lauren Walker,Female,42,Standard,UAE
8394,Brandon Hughes,Male,64,Standard,UK
8395,Khalid Williams,Male,24,Standard,South Africa
8396,Aisha Patel,Female,53,Standard,UK
8397,Hannah Mthembu,Female,33,Standard,UK
8398,Jayden Khan,Male,56,Silver,UAE
8399,Robert Patel,Male,35,Silver,USA
8400,Alexis Ntuli,Female,40,Standard,UAE
8401,James Mthembu,Male,20,Standard,South Africa
8402,Jayden Ntuli,Male,18,Standard,USA
8403,James Jones,Male,26,Silver,UAE
8404,Hassan Brown,Male,22,Silver,South Africa
8405,Jennifer Khumalo,Female,65,Silver,South Africa
8406,Palesa Singh,Female,55,Standard,UAE
8407,Omar Roberts,Male,27,Standard,UAE
8408,Kabelo Williams,Male,32,Silver,South Africa
8409,Robert Mkhize,Male,20,Gold,UK
8410,Kayla Thompson,Female,32,Standard,UK
8411,Aisha Williams,Female,51,Silver,South Africa
8412,Elijah Lewis,Male,44,Standard,South Africa
8413,James Khan,Male,23,Standard,USA
8414,Victoria Williams,Female,63,Standard,South Africa
8415,Brandon Miller,Male,49,Platinum,UAE
8416,Tyler Davies,Male,56,Silver,South Africa
8417,Busisiwe Nkosi,Female,20,Silver,South Africa
8418,Tyler Williams,Male,55,Standard,South Africa
8419,Robert Mkhize,Male,59,Silver,South Africa
8420,Jayden Patel,Male,62,Platinum,UK
8421,Zainab Thompson,Female,20,Gold,South Africa
8422,Marcus Walker,Male,65,Silver,South Africa
8423,Zanele Singh,Female,65,Standard,UAE
8424,Mpho Al-Rashid,Male,31,Silver,South Africa
8425,Madison Evans,Female,60,Standard,South Africa
8426,Fatima Jones,Female,28,Standard,UAE
8427,Sophia Patel,Female,45,Gold,USA
8428,Busisiwe Clarke,Female,65,Standard,South Africa
8429,Omar Mkhize,Male,35,Gold,UK
8430,Sipho Walker,Male,55,Silver,UK
8431,Marcus Khan,Male,62,Standard,UAE
8432,Arjun Mkhize,Male,42,Gold,South Africa
8433,Logan Brown,Male,26,Gold,UK
8434,Ashley Miller,Female,41,Platinum,South Africa
8435,Sipho Mkhize,Male,37,Standard,UK
8436,Anisha Govender,Female,53,Silver,South Africa
8437,Yusuf Hughes,Male,45,Standard,South Africa
8438,Robert Naidoo,Male,45,Silver,South Africa
8439,Grace Zulu,Female,18,Gold,South Africa
8440,Charlotte Miller,Female,63,Gold,South Africa
8441,Palesa Hassan,Female,38,Standard,UK
8442,Samantha Miller,Female,36,Standard,South Africa
8443,James Nkosi,Male,19,Gold,UK
8444,Hassan Ntuli,Male,37,Standard,UAE
8445,Lindiwe Clarke,Female,60,Silver,UK
8446,Jayden Davis,Male,31,Platinum,UK
8447,Tyler Wilson,Male,62,Silver,USA
8448,Zainab Govender,Female,35,Platinum,South Africa
8449,Madison Johnson,Female,31,Gold,USA
8450,Brianna Brown,Female,25,Silver,UK
8451,Alexis Nkosi,Female,65,Gold,South Africa
8452,Lindiwe Dlamini,Female,58,Standard,South Africa
8453,Alexis Hughes,Female,27,Silver,South Africa
8454,Samantha Govender,Female,36,Silver,South Africa
8455,Hassan Ndlovu,Male,20,Standard,UAE
8456,Aisha Govender,Female,36,Gold,USA
8457,Jennifer Khan,Female,32,Gold,UK
8458,Omar Wilson,Male,19,Gold,South Africa
8459,Maryam Clarke,Female,32,Silver,UAE
8460,Hannah Zulu,Female,23,Standard,UK
8461,Zanele Ntuli,Female,32,Standard,USA
8462,Brianna Pillay,Female,59,Standard,USA
8463,Madison Walker,Female,24,Silver,USA
8464,Thomas Ndlovu,Male,22,Standard,USA
8465,Anisha Pillay,Female,34,Standard,South Africa
8466,Brandon Thompson,Male,27,Silver,South Africa
8467,Neha Clarke,Female,23,Silver,South Africa
8468,Fatima Khan,Female,53,Silver,South Africa
8469,Lauren Nkosi,Female,59,Standard,UAE
8470,Ravi Davis,Male,34,Gold,UAE
8471,Fatima Mkhize,Female,46,Standard,UK
8472,Samantha Clarke,Female,23,Standard,UAE
8473,Palesa Mkhize,Female,50,Standard,South Africa
8474,Alexis Smith,Female,43,Standard,South Africa
8475,Marcus Naidoo,Male,21,Standard,USA
8476,Kabelo Patel,Male,48,Standard,USA
8477,Madison Ntuli,Female,19,Silver,South Africa
8478,Alexis Nkosi,Female,43,Silver,UAE
8479,Kayla Evans,Female,35,Silver,UAE
8480,Alexis Thompson,Female,65,Standard,South Africa
8481,Priya Hughes,Female,63,Standard,South Africa
8482,Liam Davis,Male,56,Gold,South Africa
8483,Lauren Mkhize,Female,40,Standard,UK
8484,Neha Mkhize,Female,45,Platinum,UAE
8485,Victoria Lewis,Female,63,Standard,South Africa
8486,Ravi Lewis,Male,43,Gold,South Africa
8487,Victoria Khan,Female,39,Standard,UAE
8488,Hannah Ndlovu,Female,45,Silver,South Africa
8489,Maryam Davies,Female,37,Standard,South Africa
8490,Lauren Hughes,Female,23,Silver,South Africa
8491,Michael Singh,Male,39,Standard,UK
8492,Brianna Govender,Female,64,Standard,USA
8493,Samantha Thompson,Female,45,Platinum,USA
8494,Anisha Khan,Female,53,Silver,USA
8495,Themba Patel,Male,38,Standard,UAE
8496,Logan Khumalo,Male,57,Silver,USA
8497,Marcus Johnson,Male,32,Standard,South Africa
8498,Palesa Pillay,Female,60,Silver,South Africa
8499,William Thompson,Male,20,Gold,USA
8500,James Al-Rashid,Male,24,Gold,USA
8501,Neha Davis,Female,58,Standard,USA
8502,Madison Miller,Female,18,Gold,UAE
8503,Thandeka Thompson,Female,18,Standard,UAE
8504,Mohammed Khumalo,Male,55,Silver,UAE
8505,Marcus Patel,Male,44,Standard,UK
8506,Nomsa Roberts,Female,61,Standard,South Africa
8507,Emily Lewis,Female,18,Gold,UK
8508,Daniel Evans,Male,18,Standard,UAE
8509,Arjun Davies,Male,33,Standard,South Africa
8510,Elijah Al-Rashid,Male,48,Standard,USA
8511,Robert Patel,Male,48,Silver,South Africa
8512,Victoria Hughes,Female,63,Standard,UK
8513,Nkosi Johnson,Male,47,Standard,South Africa
8514,Tebogo Roberts,Male,35,Gold,UK
8515,Samantha Thompson,Female,62,Silver,South Africa
8516,William Williams,Male,54,Standard,South Africa
8517,Ashley Miller,Female,19,Standard,USA
8518,Mpho Clarke,Male,20,Gold,South Africa
8519,Aisha Davies,Female,40,Gold,UK
8520,Priya Miller,Female,29,Standard,UK
8521,Ravi Jones,Male,44,Silver,UK
8522,Emma Nkosi,Female,48,Standard,USA
8523,Tebogo Miller,Male,25,Standard,USA
8524,Anisha Dlamini,Female,39,Silver,South Africa
8525,Priya Thompson,Female,23,Standard,South Africa
8526,Kabelo Mkhize,Male,63,Silver,USA
8527,Emma Pillay,Female,32,Standard,USA
8528,Kabelo Nkosi,Male,56,Standard,UK
8529,Thabo Clarke,Male,62,Standard,UK
8530,Tyler Al-Rashid,Male,27,Standard,South Africa
8531,Zanele Williams,Female,22,Gold,UK
8532,Omar Hassan,Male,55,Standard,South Africa
8533,Zainab Pillay,Female,59,Gold,South Africa
8534,Jennifer Al-Rashid,Female,33,Gold,UK
8535,Arjun Al-Rashid,Male,50,Platinum,UAE
8536,Khalid Evans,Male,64,Gold,South Africa
8537,Olivia Evans,Female,36,Silver,South Africa
8538,Busisiwe Ndlovu,Female,21,Standard,UAE
8539,Ayanda Wilson,Female,53,Standard,UAE
8540,Vikram Pillay,Male,58,Gold,UAE
8541,Arjun Wilson,Male,18,Standard,UAE
8542,Thomas Nkosi,Male,41,Silver,USA
8543,Sophia Zulu,Female,51,Gold,South Africa
8544,William Thompson,Male,46,Platinum,USA
8545,Noah Govender,Male,37,Silver,USA
8546,Zainab Govender,Female,38,Standard,UAE
8547,Arjun Davies,Male,59,Gold,South Africa
8548,Neha Dlamini,Female,62,Standard,South Africa
8549,Victoria Zulu,Female,34,Gold,South Africa
8550,Kabelo Govender,Male,24,Gold,UK
8551,Emma Dlamini,Female,38,Gold,South Africa
8552,Anisha Roberts,Female,40,Standard,South Africa
8553,Vikram Miller,Male,53,Gold,UAE
8554,Thabo Jones,Male,38,Silver,UAE
8555,Ahmed Lewis,Male,42,Standard,UK
8556,Thandeka Thompson,Female,49,Standard,UK
8557,Zanele Lewis,Female,46,Standard,USA
8558,Kabelo Walker,Male,28,Silver,UAE
8559,Khalid Johnson,Male,57,Silver,USA
8560,James Nkosi,Male,62,Standard,South Africa
8561,David Wilson,Male,25,Silver,USA
8562,Victoria Wilson,Female,44,Gold,UK
8563,Nkosi Al-Rashid,Male,37,Silver,South Africa
8564,David Walker,Male,41,Silver,UAE
8565,Jennifer Thompson,Female,40,Standard,USA
8566,Daniel Govender,Male,52,Platinum,USA
8567,Aisha Jones,Female,20,Silver,South Africa
8568,Zanele Al-Rashid,Female,27,Standard,USA
8569,Robert Roberts,Male,27,Standard,UAE
8570,Thabo Thompson,Male,55,Standard,South Africa
8571,Marcus Lewis,Male,23,Standard,UK
8572,Thandeka Nkosi,Female,45,Silver,South Africa
8573,Lerato Mthembu,Female,23,Standard,South Africa
8574,Emma Ntuli,Female,24,Platinum,South Africa
8575,Tyler Wilson,Male,39,Silver,USA
8576,John Govender,Male,44,Silver,UK
8577,Maryam Mkhize,Female,25,Standard,South Africa
8578,Nomsa Naidoo,Female,62,Standard,South Africa
8579,Yusuf Lewis,Male,47,Platinum,South Africa
8580,Olivia Miller,Female,45,Silver,UAE
8581,Mohammed Davies,Male,64,Silver,UAE
8582,Madison Zulu,Female,23,Gold,South Africa
8583,David Al-Rashid,Male,26,Standard,South Africa
8584,Emma Roberts,Female,22,Gold,South Africa
8585,Thabo Naidoo,Male,56,Standard,UK
8586,James Davies,Male,50,Standard,South Africa
8587,James Brown,Male,18,Silver,UK
8588,Omar Khan,Male,31,Standard,South Africa
8589,Ayanda Johnson,Female,29,Silver,South Africa
8590,Kabelo Wilson,Male,36,Silver,UK
8591,Brandon Mthembu,Male,27,Standard,USA
8592,Nomsa Thompson,Female,30,Gold,UAE
8593,Madison Singh,Female,62,Standard,South Africa
8594,Grace Hughes,Female,36,Standard,South Africa
8595,Madison Davies,Female,60,Standard,UAE
8596,Tebogo Johnson,Male,32,Standard,USA
8597,Sophia Brown,Female,55,Standard,UK
8598,Samantha Zulu,Female,35,Standard,South Africa
8599,Brandon Smith,Male,31,Gold,South Africa
8600,Vikram Williams,Male,45,Standard,UK
8601,Aisha Khan,Female,36,Silver,USA
8602,Thabo Zulu,Male,51,Platinum,South Africa
8603,Emily Johnson,Female,61,Silver,UK
8604,Kabelo Williams,Male,21,Standard,South Africa
8605,Ashley Clarke,Female,62,Platinum,USA
8606,Anisha Ndlovu,Female,39,Standard,South Africa
8607,Emma Williams,Female,24,Standard,USA
8608,Ahmed Ntuli,Male,40,Standard,UK
8609,Logan Williams,Male,25,Standard,South Africa
8610,Sipho Khumalo,Male,32,Standard,South Africa
8611,Ayanda Ndlovu,Female,26,Silver,UK
8612,Neha Johnson,Female,60,Platinum,UK
8613,John Singh,Male,65,Silver,UK
8614,Maryam Patel,Female,36,Silver,USA
8615,Ahmed Patel,Male,51,Silver,South Africa
8616,Michael Evans,Male,33,Standard,South Africa
8617,Noah Mthembu,Male,28,Standard,UK
8618,Palesa Zulu,Female,37,Gold,South Africa
8619,Samantha Davis,Female,52,Standard,South Africa
8620,Liam Khumalo,Male,46,Silver,UAE
8621,Palesa Mthembu,Female,63,Standard,South Africa
8622,Nomsa Naidoo,Female,18,Gold,UK
8623,Marcus Naidoo,Male,42,Standard,UAE
8624,John Jones,Male,64,Standard,South Africa
8625,Zanele Govender,Female,37,Standard,USA
8626,Mohammed Lewis,Male,25,Silver,South Africa
8627,James Roberts,Male,43,Silver,UK
8628,Charlotte Nkosi,Female,36,Standard,UK
8629,Kayla Davis,Female,23,Standard,South Africa
8630,Palesa Walker,Female,50,Gold,USA
8631,Jayden Roberts,Male,33,Standard,UAE
8632,Kabelo Dlamini,Male,30,Standard,UK
8633,Hassan Brown,Male,56,Silver,South Africa
8634,David Jones,Male,48,Platinum,UAE
8635,Maryam Govender,Female,49,Standard,UK
8636,James Nkosi,Male,30,Gold,UAE
8637,Sophia Singh,Female,35,Standard,UK
8638,Alexis Al-Rashid,Female,20,Standard,South Africa
8639,Busisiwe Davis,Female,42,Standard,UK
8640,Mohammed Singh,Male,50,Gold,USA
8641,Lerato Pillay,Female,20,Standard,UK
8642,Ayanda Roberts,Female,20,Silver,UK
8643,Alexis Lewis,Female,44,Silver,UAE
8644,Maryam Govender,Female,23,Standard,UK
8645,Daniel Jones,Male,31,Gold,UAE
8646,Nkosi Davies,Male,31,Standard,UAE
8647,Divya Khumalo,Female,35,Standard,UK
8648,Madison Johnson,Female,49,Gold,UAE
8649,William Lewis,Male,57,Gold,UK
8650,Vikram Khumalo,Male,34,Standard,UAE
8651,Tyler Davis,Male,64,Platinum,USA
8652,Michael Jones,Male,59,Silver,South Africa
8653,Ahmed Naidoo,Male,56,Standard,UAE
8654,Hassan Davies,Male,20,Platinum,UAE
8655,Priya Jones,Female,33,Standard,South Africa
8656,Tyler Roberts,Male,52,Standard,South Africa
8657,Noah Zulu,Male,60,Silver,South Africa
8658,Tebogo Mthembu,Male,63,Standard,UK
8659,Neha Mkhize,Female,34,Silver,UAE
8660,Palesa Mthembu,Female,58,Standard,South Africa
8661,Olivia Smith,Female,61,Standard,UK
8662,Busisiwe Govender,Female,55,Platinum,South Africa
8663,Omar Al-Rashid,Male,33,Silver,USA
8664,Omar Hughes,Male,35,Standard,USA
8665,Ashley Wilson,Female,55,Standard,South Africa
8666,Emily Govender,Female,28,Standard,South Africa
8667,Charlotte Williams,Female,35,Standard,UAE
8668,Neha Mkhize,Female,63,Standard,South Africa
8669,Ahmed Clarke,Male,31,Standard,UK
8670,Emma Patel,Female,41,Standard,South Africa
8671,Ahmed Wilson,Male,54,Platinum,USA
8672,Hassan Ndlovu,Male,28,Silver,UK
8673,Sipho Lewis,Male,60,Standard,UK
8674,Fatima Zulu,Female,37,Silver,UK
8675,Tebogo Zulu,Male,64,Standard,South Africa
8676,Anisha Zulu,Female,62,Silver,USA
8677,Ayanda Naidoo,Female,47,Gold,South Africa
8678,James Govender,Male,37,Platinum,South Africa
8679,Themba Khumalo,Male,44,Platinum,UK
8680,Alexis Al-Rashid,Female,61,Standard,South Africa
8681,Lerato Walker,Female,40,Standard,South Africa
8682,Aisha Al-Rashid,Female,46,Standard,UK
8683,Sipho Mkhize,Male,30,Standard,South Africa
8684,Brianna Pillay,Female,52,Standard,UAE
8685,Tyler Patel,Male,24,Silver,South Africa
8686,Thomas Zulu,Male,65,Silver,UAE
8687,Lindiwe Davis,Female,38,Standard,South Africa
8688,Elijah Patel,Male,58,Standard,UK
8689,Lindiwe Khan,Female,65,Gold,USA
8690,Fatima Lewis,Female,32,Standard,South Africa
8691,Ashley Pillay,Female,31,Silver,USA
8692,Ahmed Mkhize,Male,41,Standard,UK
8693,Samantha Davies,Female,56,Standard,South Africa
8694,Khalid Smith,Male,29,Standard,UAE
8695,Sandile Pillay,Male,55,Silver,UK
8696,Grace Davies,Female,56,Standard,South Africa
8697,Thandeka Walker,Female,29,Standard,UK
8698,Zainab Brown,Female,59,Standard,South Africa
8699,Emily Clarke,Female,25,Silver,South Africa
8700,Jennifer Ndlovu,Female,19,Silver,South Africa
8701,Elijah Mkhize,Male,64,Standard,USA
8702,Liam Williams,Male,27,Silver,South Africa
8703,Elijah Thompson,Male,27,Standard,UK
8704,Vikram Evans,Male,50,Standard,South Africa
8705,Charlotte Jones,Female,47,Standard,South Africa
8706,Jayden Khan,Male,24,Platinum,UK
8707,Brandon Johnson,Male,51,Standard,USA
8708,Ayanda Khumalo,Female,52,Platinum,South Africa
8709,Michael Evans,Male,23,Gold,UK
8710,Hassan Davis,Male,55,Standard,UK
8711,Maryam Walker,Female,46,Silver,South Africa
8712,John Govender,Male,50,Standard,UK
8713,Maryam Smith,Female,36,Gold,UK
8714,Fatima Lewis,Female,19,Platinum,UAE
8715,Busisiwe Davies,Female,30,Standard,UK
8716,Fatima Clarke,Female,48,Standard,South Africa
8717,Ahmed Naidoo,Male,46,Standard,USA
8718,Brandon Clarke,Male,25,Standard,USA
8719,Khalid Hassan,Male,33,Standard,UAE
8720,Charlotte Johnson,Female,50,Standard,USA
8721,Maryam Evans,Female,63,Gold,South Africa
8722,Palesa Evans,Female,36,Silver,USA
8723,Victoria Brown,Female,50,Platinum,South Africa
8724,Victoria Walker,Female,47,Gold,USA
8725,Grace Brown,Female,59,Standard,South Africa
8726,Sandile Ndlovu,Male,25,Silver,UK
8727,Sandile Naidoo,Male,38,Standard,USA
8728,Ayanda Johnson,Female,39,Standard,UK
8729,Ashley Khan,Female,42,Silver,USA
8730,Olivia Patel,Female,39,Gold,South Africa
8731,Nomsa Pillay,Female,25,Standard,UK
8732,Jennifer Nkosi,Female,24,Silver,UK
8733,Tebogo Khumalo,Male,33,Gold,UK
8734,Elijah Al-Rashid,Male,64,Standard,UAE
8735,Tyler Mkhize,Male,18,Standard,South Africa
8736,Alexis Singh,Female,36,Standard,UAE
8737,Jayden Al-Rashid,Male,33,Platinum,South Africa
8738,Daniel Al-Rashid,Male,55,Standard,UK
8739,Ravi Thompson,Male,40,Standard,UK
8740,Tebogo Hassan,Male,54,Gold,UK
8741,Arjun Hughes,Male,27,Standard,UK
8742,John Ntuli,Male,29,Silver,USA
8743,Mohammed Roberts,Male,60,Gold,South Africa
8744,Kabelo Ntuli,Male,36,Silver,UAE
8745,Mohammed Naidoo,Male,42,Standard,USA
8746,Charlotte Ndlovu,Female,49,Standard,South Africa
8747,Lerato Johnson,Female,51,Platinum,South Africa
8748,Lindiwe Naidoo,Female,57,Platinum,South Africa
8749,Sandile Davies,Male,22,Platinum,USA
8750,Lauren Singh,Female,61,Gold,South Africa
8751,Arjun Zulu,Male,28,Silver,UK
8752,David Pillay,Male,23,Silver,South Africa
8753,Maryam Dlamini,Female,26,Standard,USA
8754,Fatima Davis,Female,19,Platinum,USA
8755,Priya Naidoo,Female,44,Silver,UAE
8756,Nkosi Evans,Male,53,Gold,South Africa
8757,Themba Evans,Male,53,Gold,USA
8758,Ayanda Smith,Female,31,Gold,South Africa
8759,Victoria Hassan,Female,65,Platinum,USA
8760,Elijah Dlamini,Male,61,Standard,South Africa
8761,Lerato Singh,Female,26,Gold,UK
8762,Logan Williams,Male,61,Standard,UAE
8763,Priya Naidoo,Female,33,Silver,USA
8764,Emma Lewis,Female,36,Standard,South Africa
8765,Lindiwe Smith,Female,18,Gold,USA
8766,Marcus Miller,Male,46,Silver,South Africa
8767,John Davis,Male,50,Standard,UAE
8768,Hassan Walker,Male,55,Gold,USA
8769,Michael Singh,Male,18,Standard,USA
8770,Busisiwe Mkhize,Female,27,Standard,South Africa
8771,Sandile Thompson,Male,19,Standard,UK
8772,Themba Smith,Male,20,Silver,South Africa
8773,Emily Brown,Female,24,Silver,USA
8774,Olivia Jones,Female,50,Standard,UAE
8775,Elijah Mthembu,Male,60,Standard,South Africa
8776,Hannah Nkosi,Female,52,Gold,UK
8777,Daniel Singh,Male,25,Standard,South Africa
8778,Thandeka Miller,Female,58,Standard,UAE
8779,Thomas Evans,Male,39,Silver,USA
8780,Nkosi Hughes,Male,33,Standard,South Africa
8781,Lerato Mthembu,Female,22,Silver,South Africa
8782,Olivia Thompson,Female,27,Standard,USA
8783,Victoria Zulu,Female,25,Standard,UK
8784,Emily Mkhize,Female,54,Standard,UK
8785,John Thompson,Male,19,Gold,South Africa
8786,Thomas Evans,Male,55,Standard,UK
8787,Nkosi Hassan,Male,49,Gold,UK
8788,Grace Naidoo,Female,30,Standard,South Africa
8789,Arjun Evans,Male,21,Standard,South Africa
8790,Michael Hassan,Male,51,Standard,USA
8791,Mpho Patel,Male,55,Standard,South Africa
8792,William Davies,Male,23,Standard,UAE
8793,John Wilson,Male,31,Standard,USA
8794,James Walker,Male,53,Gold,South Africa
8795,Aisha Dlamini,Female,44,Standard,South Africa
8796,Grace Wilson,Female,26,Standard,UK
8797,Yusuf Mkhize,Male,49,Silver,UK
8798,Lerato Nkosi,Female,37,Standard,UAE
8799,John Clarke,Male,37,Standard,USA
8800,Brandon Khumalo,Male,49,Platinum,UK
8801,Fatima Hughes,Female,45,Silver,South Africa
8802,Victoria Mkhize,Female,46,Gold,USA
8803,Charlotte Pillay,Female,43,Platinum,UAE
8804,Jayden Williams,Male,65,Silver,UK
8805,William Thompson,Male,20,Platinum,USA
8806,Sophia Brown,Female,65,Platinum,UK
8807,Arjun Pillay,Male,31,Standard,UK
8808,David Thompson,Male,58,Standard,South Africa
8809,Hassan Hassan,Male,56,Standard,UK
8810,Arjun Evans,Male,18,Platinum,South Africa
8811,Ravi Clarke,Male,65,Silver,UAE
8812,Mohammed Thompson,Male,21,Platinum,South Africa
8813,Brianna Ntuli,Female,59,Gold,USA
8814,Hannah Dlamini,Female,50,Gold,South Africa
8815,Khalid Evans,Male,47,Silver,UK
8816,David Hassan,Male,41,Silver,USA
8817,Fatima Miller,Female,29,Silver,UK
8818,David Zulu,Male,22,Standard,South Africa
8819,Vikram Johnson,Male,23,Standard,USA
8820,Ayanda Davis,Female,65,Silver,South Africa
8821,Busisiwe Khan,Female,28,Gold,USA
8822,Marcus Singh,Male,38,Standard,South Africa
8823,Anisha Dlamini,Female,63,Gold,USA
8824,Ahmed Williams,Male,30,Standard,USA
8825,Lindiwe Khumalo,Female,59,Gold,UK
8826,Hannah Smith,Female,54,Silver,South Africa
8827,Palesa Walker,Female,38,Standard,UK
8828,Hassan Zulu,Male,49,Standard,UK
8829,Ashley Johnson,Female,19,Standard,South Africa
8830,David Zulu,Male,48,Silver,USA
8831,Vikram Lewis,Male,35,Silver,UK
8832,Nomsa Davies,Female,25,Silver,USA
8833,Thomas Zulu,Male,51,Standard,South Africa
8834,Yusuf Naidoo,Male,27,Standard,UK
8835,Robert Johnson,Male,31,Gold,UAE
8836,Khalid Hughes,Male,61,Standard,USA
8837,Lindiwe Clarke,Female,28,Standard,South Africa
8838,Vikram Thompson,Male,49,Standard,South Africa
8839,Busisiwe Thompson,Female,32,Silver,UAE
8840,Lindiwe Zulu,Female,23,Standard,UAE
8841,Jayden Zulu,Male,27,Standard,UK
8842,Maryam Jones,Female,51,Gold,USA
8843,Samantha Khan,Female,28,Standard,South Africa
8844,Omar Johnson,Male,59,Platinum,South Africa
8845,Michael Nkosi,Male,63,Gold,UK
8846,Maryam Hughes,Female,62,Platinum,South Africa
8847,Daniel Mthembu,Male,19,Platinum,UK
8848,Omar Khan,Male,59,Platinum,USA
8849,Lindiwe Dlamini,Female,22,Standard,South Africa
8850,Hannah Hughes,Female,22,Silver,UK
8851,Madison Miller,Female,58,Gold,South Africa
8852,Sipho Naidoo,Male,50,Silver,UK
8853,Ravi Singh,Male,23,Standard,UAE
8854,Logan Al-Rashid,Male,49,Platinum,South Africa
8855,Zainab Miller,Female,55,Standard,South Africa
8856,Zanele Lewis,Female,24,Standard,South Africa
8857,Charlotte Mthembu,Female,42,Standard,UAE
8858,Kabelo Davies,Male,32,Standard,UK
8859,Aisha Ndlovu,Female,21,Silver,South Africa
8860,Lerato Davis,Female,36,Standard,USA
8861,Khalid Pillay,Male,32,Gold,USA
8862,Omar Johnson,Male,26,Standard,USA
8863,Kabelo Mkhize,Male,31,Gold,South Africa
8864,Zainab Khan,Female,21,Standard,UAE
8865,Victoria Hughes,Female,48,Gold,UAE
8866,Nkosi Lewis,Male,25,Gold,UK
8867,Charlotte Patel,Female,28,Standard,South Africa
8868,Victoria Singh,Female,30,Standard,UAE
8869,Thabo Davies,Male,30,Gold,UAE
8870,John Mkhize,Male,24,Gold,South Africa
8871,Arjun Evans,Male,22,Gold,South Africa
8872,Kayla Clarke,Female,24,Standard,South Africa
8873,Robert Nkosi,Male,20,Silver,UAE
8874,Tebogo Zulu,Male,45,Gold,UAE
8875,Khalid Singh,Male,61,Gold,South Africa
8876,Daniel Clarke,Male,37,Platinum,USA
8877,Maryam Brown,Female,57,Gold,UAE
8878,Nomsa Ndlovu,Female,40,Platinum,UK
8879,Lerato Patel,Female,50,Standard,USA
8880,Zainab Lewis,Female,60,Silver,South Africa
8881,Ashley Zulu,Female,31,Silver,USA
8882,Alexis Dlamini,Female,46,Standard,South Africa
8883,Ravi Thompson,Male,25,Standard,South Africa
8884,Hassan Mthembu,Male,21,Standard,USA
8885,Priya Khan,Female,47,Standard,USA
8886,Elijah Mthembu,Male,60,Silver,UAE
8887,Alexis Johnson,Female,43,Gold,UAE
8888,Divya Ntuli,Female,27,Standard,South Africa
8889,Grace Brown,Female,34,Silver,UK
8890,David Govender,Male,52,Gold,South Africa
8891,Zanele Brown,Female,21,Standard,South Africa
8892,Priya Walker,Female,55,Standard,South Africa
8893,John Davies,Male,56,Standard,USA
8894,Lerato Naidoo,Female,44,Silver,South Africa
8895,Fatima Clarke,Female,41,Standard,South Africa
8896,Neha Mkhize,Female,61,Silver,UAE
8897,Logan Singh,Male,41,Standard,UK
8898,Divya Miller,Female,47,Standard,South Africa
8899,Thomas Lewis,Male,64,Standard,South Africa
8900,Lauren Al-Rashid,Female,40,Standard,UAE
8901,Jayden Thompson,Male,34,Standard,UAE
8902,Neha Khumalo,Female,57,Gold,UAE
8903,Kabelo Al-Rashid,Male,18,Platinum,South Africa
8904,Jayden Govender,Male,56,Standard,UAE
8905,William Smith,Male,47,Gold,USA
8906,Mpho Clarke,Male,52,Silver,South Africa
8907,Zainab Johnson,Female,27,Standard,USA
8908,Zanele Naidoo,Female,40,Standard,UAE
8909,Emma Roberts,Female,41,Silver,USA
8910,Vikram Johnson,Male,28,Standard,UK
8911,Vikram Naidoo,Male,60,Standard,USA
8912,Mohammed Thompson,Male,59,Silver,South Africa
8913,Ayanda Dlamini,Female,49,Standard,UK
8914,Zainab Mthembu,Female,51,Standard,UK
8915,Thomas Davies,Male,51,Standard,South Africa
8916,Ayanda Khan,Female,39,Silver,UAE
8917,Samantha Pillay,Female,23,Standard,USA
8918,Hassan Jones,Male,43,Silver,USA
8919,Nkosi Clarke,Male,25,Standard,South Africa
8920,Arjun Ndlovu,Male,28,Silver,UAE
8921,Marcus Johnson,Male,58,Standard,South Africa
8922,Fatima Govender,Female,62,Silver,UK
8923,Omar Dlamini,Male,21,Silver,South Africa
8924,Charlotte Clarke,Female,62,Standard,UK
8925,Lerato Hassan,Female,21,Silver,UK
8926,Grace Govender,Female,21,Silver,UAE
8927,Khalid Zulu,Male,58,Gold,South Africa
8928,Grace Khumalo,Female,43,Silver,UK
8929,Anisha Williams,Female,28,Standard,South Africa
8930,Yusuf Ntuli,Male,62,Gold,South Africa
8931,Nkosi Zulu,Male,65,Standard,UAE
8932,Themba Khumalo,Male,58,Silver,UK
8933,Hannah Dlamini,Female,23,Standard,South Africa
8934,Victoria Al-Rashid,Female,62,Standard,UAE
8935,Daniel Govender,Male,58,Silver,USA
8936,Zanele Naidoo,Female,38,Standard,UK
8937,Neha Johnson,Female,23,Standard,USA
8938,Khalid Wilson,Male,52,Standard,UAE
8939,Lerato Evans,Female,24,Silver,UK
8940,Priya Lewis,Female,56,Gold,UK
8941,Victoria Singh,Female,53,Standard,UAE
8942,James Patel,Male,38,Standard,UK
8943,Neha Miller,Female,53,Platinum,UK
8944,Fatima Roberts,Female,57,Standard,USA
8945,Thabo Jones,Male,45,Standard,South Africa
8946,Themba Clarke,Male,27,Silver,UAE
8947,Sophia Johnson,Female,58,Gold,USA
8948,Khalid Ndlovu,Male,42,Standard,USA
8949,Sophia Clarke,Female,37,Silver,USA
8950,Sipho Evans,Male,62,Standard,South Africa
8951,Sandile Govender,Male,64,Silver,UAE
8952,David Al-Rashid,Male,55,Standard,USA
8953,Jayden Ntuli,Male,43,Silver,UAE
8954,Khalid Al-Rashid,Male,37,Standard,UK
8955,Hassan Dlamini,Male,65,Gold,UK
8956,Ravi Govender,Male,32,Silver,South Africa
8957,Kabelo Miller,Male,22,Platinum,South Africa
8958,Busisiwe Walker,Female,53,Standard,UAE
8959,Themba Govender,Male,53,Platinum,UAE
8960,Busisiwe Williams,Female,18,Platinum,UAE
8961,Sophia Hughes,Female,42,Standard,UAE
8962,Sandile Roberts,Male,51,Silver,South Africa
8963,Anisha Govender,Female,45,Standard,USA
8964,Mpho Walker,Male,21,Gold,UK
8965,Kayla Khumalo,Female,45,Platinum,South Africa
8966,Lindiwe Khan,Female,20,Silver,South Africa
8967,Mohammed Mkhize,Male,48,Standard,South Africa
8968,Alexis Patel,Female,32,Silver,USA
8969,Lerato Hassan,Female,35,Standard,South Africa
8970,Priya Walker,Female,34,Silver,South Africa
8971,Sandile Ndlovu,Male,18,Standard,South Africa
8972,Hannah Williams,Female,41,Silver,UAE
8973,Priya Nkosi,Female,57,Standard,South Africa
8974,Hassan Lewis,Male,36,Gold,UK
8975,Brianna Evans,Female,63,Gold,USA
8976,Alexis Zulu,Female,28,Standard,UAE
8977,Kabelo Khan,Male,37,Silver,USA
8978,Ahmed Hughes,Male,28,Standard,UAE
8979,Fatima Roberts,Female,28,Standard,South Africa
8980,Arjun Davies,Male,53,Gold,UAE
8981,Hassan Ntuli,Male,25,Standard,South Africa
8982,Nomsa Al-Rashid,Female,55,Silver,South Africa
8983,Lindiwe Wilson,Female,49,Standard,UAE
8984,Jennifer Govender,Female,23,Standard,UK
8985,Arjun Al-Rashid,Male,52,Gold,South Africa
8986,Yusuf Davis,Male,55,Standard,USA
8987,Aisha Wilson,Female,25,Silver,UK
8988,Ayanda Ntuli,Female,21,Silver,South Africa
8989,Alexis Naidoo,Female,35,Silver,South Africa
8990,Elijah Al-Rashid,Male,52,Standard,USA
8991,Jennifer Miller,Female,56,Silver,South Africa
8992,Mpho Mthembu,Male,27,Gold,UAE
8993,John Khumalo,Male,54,Silver,UAE
8994,Logan Mkhize,Male,23,Standard,UK
8995,Ayanda Mthembu,Female,21,Standard,UK
8996,Themba Khan,Male,18,Silver,USA
8997,Arjun Davies,Male,64,Standard,UK
8998,David Walker,Male,30,Silver,UAE
8999,Neha Roberts,Female,44,Silver,South Africa
9000,Alexis Smith,Female,24,Standard,UK
9001,Palesa Khumalo,Female,31,Silver,South Africa
9002,Victoria Singh,Female,43,Silver,USA
9003,Brianna Ndlovu,Female,57,Gold,South Africa
9004,Marcus Khumalo,Male,37,Silver,UK
9005,Marcus Roberts,Male,22,Silver,UK
9006,Divya Patel,Female,46,Standard,UK
9007,Tebogo Govender,Male,37,Standard,UK
9008,Brandon Naidoo,Male,45,Standard,South Africa
9009,Ravi Davis,Male,61,Platinum,UK
9010,Vikram Davis,Male,41,Gold,UAE
9011,Busisiwe Ntuli,Female,56,Standard,South Africa
9012,Marcus Thompson,Male,39,Standard,UAE
9013,Brandon Hughes,Male,36,Gold,South Africa
9014,Nkosi Davis,Male,32,Platinum,UAE
9015,Divya Singh,Female,52,Platinum,UAE
9016,Alexis Patel,Female,56,Standard,South Africa
9017,Alexis Ntuli,Female,51,Standard,USA
9018,Victoria Mkhize,Female,37,Standard,UAE
9019,Tebogo Govender,Male,37,Silver,South Africa
9020,Ravi Zulu,Male,61,Standard,USA
9021,Khalid Thompson,Male,43,Standard,UK
9022,Tebogo Dlamini,Male,52,Silver,UAE
9023,Charlotte Evans,Female,36,Standard,UK
9024,Themba Patel,Male,42,Gold,UK
9025,Divya Davis,Female,62,Platinum,UAE
9026,Hassan Mkhize,Male,30,Standard,UK
9027,Aisha Khumalo,Female,60,Silver,USA
9028,Thandeka Johnson,Female,50,Standard,South Africa
9029,Liam Walker,Male,44,Platinum,UAE
9030,Ahmed Brown,Male,41,Standard,South Africa
9031,Sophia Nkosi,Female,47,Silver,UAE
9032,Busisiwe Davis,Female,36,Standard,USA
9033,Elijah Thompson,Male,32,Standard,UK
9034,Sophia Pillay,Female,63,Standard,USA
9035,Zanele Mthembu,Female,40,Silver,UK
9036,Charlotte Thompson,Female,24,Standard,UAE
9037,Kayla Naidoo,Female,20,Silver,South Africa
9038,Ravi Mthembu,Male,22,Standard,USA
9039,Hassan Dlamini,Male,59,Gold,South Africa
9040,Marcus Smith,Male,38,Standard,UK
9041,Nkosi Roberts,Male,32,Platinum,South Africa
9042,William Lewis,Male,52,Silver,USA
9043,Charlotte Mthembu,Female,50,Standard,USA
9044,Mpho Al-Rashid,Male,28,Platinum,UK
9045,Mpho Ndlovu,Male,45,Standard,South Africa
9046,Brianna Hughes,Female,33,Silver,USA
9047,Ayanda Nkosi,Female,46,Standard,UK
9048,Thomas Khan,Male,45,Platinum,South Africa
9049,John Johnson,Male,50,Silver,UAE
9050,Maryam Khumalo,Female,19,Standard,USA
9051,Jennifer Brown,Female,46,Standard,UAE
9052,James Ndlovu,Male,45,Standard,South Africa
9053,Noah Brown,Male,38,Standard,UAE
9054,Jennifer Walker,Female,61,Standard,South Africa
9055,Vikram Jones,Male,19,Silver,South Africa
9056,Omar Khan,Male,46,Platinum,South Africa
9057,Jennifer Thompson,Female,26,Standard,UAE
9058,Thomas Ndlovu,Male,28,Standard,UAE
9059,Ravi Ndlovu,Male,58,Standard,South Africa
9060,Liam Patel,Male,62,Standard,USA
9061,Tebogo Singh,Male,61,Silver,South Africa
9062,Sipho Lewis,Male,36,Standard,USA
9063,James Brown,Male,32,Standard,South Africa
9064,Hannah Williams,Female,56,Standard,UAE
9065,Divya Patel,Female,60,Standard,UAE
9066,Lindiwe Ntuli,Female,40,Silver,South Africa
9067,Thabo Singh,Male,62,Platinum,South Africa
9068,William Khan,Male,41,Standard,USA
9069,Ahmed Ndlovu,Male,65,Standard,USA
9070,Neha Nkosi,Female,64,Gold,UK
9071,Emily Naidoo,Female,60,Silver,South Africa
9072,Anisha Dlamini,Female,43,Standard,South Africa
9073,Maryam Govender,Female,40,Silver,South Africa
9074,Mohammed Williams,Male,18,Silver,South Africa
9075,Kabelo Smith,Male,61,Silver,UAE
9076,Palesa Wilson,Female,19,Standard,South Africa
9077,Priya Johnson,Female,41,Standard,South Africa
9078,Fatima Khumalo,Female,48,Standard,USA
9079,Vikram Govender,Male,20,Silver,South Africa
9080,Brianna Ndlovu,Female,50,Silver,UK
9081,Hassan Clarke,Male,65,Standard,South Africa
9082,Yusuf Al-Rashid,Male,65,Standard,South Africa
9083,Hannah Jones,Female,21,Standard,UAE
9084,Lerato Miller,Female,43,Standard,UAE
9085,Tyler Wilson,Male,36,Standard,UK
9086,William Thompson,Male,35,Standard,UK
9087,Thandeka Evans,Female,22,Gold,UK
9088,Jayden Govender,Male,22,Standard,South Africa
9089,Samantha Evans,Female,65,Silver,USA
9090,Samantha Al-Rashid,Female,56,Gold,South Africa
9091,Maryam Khan,Female,47,Standard,USA
9092,John Brown,Male,21,Standard,UK
9093,Nkosi Singh,Male,57,Standard,South Africa
9094,Kayla Patel,Female,52,Gold,South Africa
9095,Lauren Pillay,Female,33,Silver,South Africa
9096,Khalid Clarke,Male,41,Standard,UAE
9097,Alexis Patel,Female,64,Standard,UAE
9098,Tyler Nkosi,Male,29,Standard,UK
9099,Mpho Brown,Male,52,Silver,South Africa
9100,Olivia Singh,Female,52,Standard,UAE
9101,Tyler Walker,Male,57,Platinum,UK
9102,Emily Mkhize,Female,22,Silver,UAE
9103,Zanele Patel,Female,45,Platinum,USA
9104,Aisha Jones,Female,51,Standard,USA
9105,Nomsa Mkhize,Female,32,Standard,USA
9106,Fatima Dlamini,Female,53,Platinum,UAE
9107,Yusuf Nkosi,Male,41,Standard,South Africa
9108,Themba Naidoo,Male,22,Standard,USA
9109,Priya Williams,Female,49,Gold,UK
9110,Thandeka Davies,Female,22,Silver,USA
9111,Alexis Khumalo,Female,43,Silver,South Africa
9112,Kayla Evans,Female,64,Silver,South Africa
9113,Michael Walker,Male,50,Standard,UAE
9114,Thomas Davis,Male,21,Standard,UAE
9115,Palesa Johnson,Female,59,Platinum,UK
9116,Liam Clarke,Male,53,Standard,South Africa
9117,Brandon Jones,Male,55,Silver,UAE
9118,Thandeka Jones,Female,24,Standard,South Africa
9119,Charlotte Johnson,Female,42,Gold,South Africa
9120,Nomsa Singh,Female,23,Standard,USA
9121,Lauren Walker,Female,52,Standard,USA
9122,Jayden Zulu,Male,51,Gold,UAE
9123,Zainab Mkhize,Female,58,Standard,UAE
9124,Thandeka Khan,Female,20,Silver,South Africa
9125,Sandile Evans,Male,44,Standard,South Africa
9126,Arjun Hassan,Male,24,Standard,UK
9127,Charlotte Miller,Female,28,Standard,South Africa
9128,Michael Hassan,Male,28,Silver,UAE
9129,Fatima Williams,Female,46,Standard,South Africa
9130,Daniel Singh,Male,43,Standard,South Africa
9131,Zainab Smith,Female,52,Silver,South Africa
9132,Thandeka Evans,Female,29,Standard,UAE
9133,Robert Walker,Male,28,Platinum,UK
9134,Jennifer Al-Rashid,Female,49,Silver,USA
9135,Neha Pillay,Female,40,Standard,UK
9136,Nomsa Hassan,Female,64,Gold,South Africa
9137,James Patel,Male,42,Gold,USA
9138,Emily Williams,Female,50,Standard,UK
9139,Hassan Naidoo,Male,50,Gold,USA
9140,Elijah Zulu,Male,41,Standard,South Africa
9141,Ashley Mkhize,Female,39,Silver,South Africa
9142,Thabo Govender,Male,65,Gold,South Africa
9143,Vikram Khan,Male,55,Standard,UAE
9144,Omar Walker,Male,63,Standard,UAE
9145,Arjun Mkhize,Male,21,Gold,South Africa
9146,John Mkhize,Male,29,Silver,USA
9147,Mpho Hughes,Male,33,Standard,UAE
9148,Ravi Ntuli,Male,56,Gold,USA
9149,Kabelo Patel,Male,51,Standard,South Africa
9150,Sophia Naidoo,Female,38,Standard,South Africa
9151,Daniel Smith,Male,46,Standard,South Africa
9152,Sophia Dlamini,Female,65,Silver,South Africa
9153,Samantha Mkhize,Female,29,Standard,UAE
9154,John Jones,Male,41,Standard,South Africa
9155,Nomsa Clarke,Female,65,Gold,South Africa
9156,Maryam Smith,Female,52,Standard,UAE
9157,Thabo Govender,Male,19,Platinum,South Africa
9158,Samantha Khan,Female,61,Silver,South Africa
9159,Thabo Evans,Male,60,Gold,South Africa
9160,Zanele Hassan,Female,24,Platinum,USA
9161,Arjun Khumalo,Male,63,Silver,USA
9162,Hassan Al-Rashid,Male,31,Standard,South Africa
9163,Busisiwe Williams,Female,33,Standard,South Africa
9164,John Miller,Male,23,Standard,UK
9165,Alexis Evans,Female,61,Standard,South Africa
9166,Madison Ndlovu,Female,60,Standard,USA
9167,Madison Thompson,Female,29,Silver,South Africa
9168,Sophia Evans,Female,58,Silver,UAE
9169,Daniel Naidoo,Male,22,Gold,UK
9170,Jayden Zulu,Male,26,Platinum,USA
9171,Victoria Ntuli,Female,33,Standard,UK
9172,Charlotte Zulu,Female,42,Silver,UAE
9173,Themba Evans,Male,61,Standard,UK
9174,Jayden Brown,Male,62,Silver,South Africa
9175,Marcus Walker,Male,21,Silver,USA
9176,Hannah Khumalo,Female,20,Standard,UAE
9177,Olivia Brown,Female,21,Platinum,UK
9178,Omar Singh,Male,65,Silver,UAE
9179,Michael Thompson,Male,58,Gold,South Africa
9180,Thabo Roberts,Male,41,Standard,South Africa
9181,Khalid Hassan,Male,40,Silver,UK
9182,Yusuf Hughes,Male,35,Gold,South Africa
9183,Robert Williams,Male,36,Silver,South Africa
9184,Lerato Jones,Female,31,Standard,USA
9185,Lerato Clarke,Female,34,Standard,UAE
9186,Jennifer Patel,Female,19,Standard,UK
9187,Zainab Smith,Female,27,Silver,UK
9188,Khalid Davies,Male,20,Standard,South Africa
9189,Tebogo Evans,Male,51,Standard,UK
9190,Zainab Zulu,Female,58,Gold,USA
9191,Divya Jones,Female,31,Silver,UAE
9192,Lerato Williams,Female,27,Silver,South Africa
9193,Themba Singh,Male,54,Standard,UK
9194,John Davies,Male,58,Standard,UAE
9195,Fatima Naidoo,Female,58,Silver,South Africa
9196,Sandile Miller,Male,43,Standard,South Africa
9197,Thomas Khumalo,Male,45,Standard,USA
9198,Kabelo Thompson,Male,36,Standard,UK
9199,Arjun Govender,Male,29,Silver,UK
9200,Emma Govender,Female,53,Gold,USA
9201,Madison Walker,Female,46,Silver,South Africa
9202,Noah Miller,Male,24,Gold,UK
9203,Sipho Khumalo,Male,27,Gold,South Africa
9204,Brianna Williams,Female,50,Standard,South Africa
9205,Omar Clarke,Male,37,Standard,USA
9206,Divya Evans,Female,56,Standard,South Africa
9207,Robert Clarke,Male,27,Standard,South Africa
9208,Emily Davis,Female,42,Platinum,UK
9209,Alexis Miller,Female,47,Gold,South Africa
9210,Palesa Clarke,Female,36,Silver,UK
9211,Fatima Hughes,Female,44,Standard,UK
9212,Thomas Hassan,Male,47,Gold,UK
9213,Alexis Hassan,Female,43,Standard,South Africa
9214,Ayanda Mkhize,Female,22,Gold,USA
9215,Liam Hassan,Male,36,Standard,USA
9216,Emily Singh,Female,23,Standard,UK
9217,Palesa Khan,Female,24,Silver,UK
9218,Anisha Zulu,Female,47,Standard,UK
9219,Jayden Mthembu,Male,19,Gold,South Africa
9220,Thomas Dlamini,Male,38,Standard,South Africa
9221,Robert Brown,Male,28,Standard,South Africa
9222,Noah Williams,Male,42,Silver,UK
9223,Mohammed Davies,Male,36,Silver,South Africa
9224,James Khan,Male,47,Gold,USA
9225,Kabelo Govender,Male,19,Silver,UAE
9226,Brandon Govender,Male,56,Standard,UK
9227,Nkosi Singh,Male,58,Standard,South Africa
9228,Palesa Ndlovu,Female,20,Silver,South Africa
9229,Thomas Naidoo,Male,31,Gold,South Africa
9230,Anisha Naidoo,Female,21,Gold,UAE
9231,Omar Patel,Male,21,Standard,South Africa
9232,Liam Mthembu,Male,47,Silver,UAE
9233,Michael Ntuli,Male,24,Platinum,South Africa
9234,Jennifer Davies,Female,58,Platinum,UAE
9235,Tyler Khan,Male,50,Standard,South Africa
9236,Omar Dlamini,Male,46,Standard,UAE
9237,Madison Govender,Female,42,Gold,South Africa
9238,Omar Naidoo,Male,47,Silver,USA
9239,Emily Mkhize,Female,31,Standard,UAE
9240,Sophia Khan,Female,22,Standard,USA
9241,Nomsa Govender,Female,40,Platinum,South Africa
9242,Robert Al-Rashid,Male,38,Standard,South Africa
9243,Emma Smith,Female,54,Standard,UK
9244,Ashley Hughes,Female,43,Silver,USA
9245,Hassan Roberts,Male,60,Standard,USA
9246,Nomsa Al-Rashid,Female,58,Standard,USA
9247,Thandeka Mthembu,Female,51,Silver,South Africa
9248,Tebogo Brown,Male,58,Silver,South Africa
9249,Robert Davies,Male,49,Standard,South Africa
9250,Liam Nkosi,Male,24,Standard,South Africa
9251,Arjun Singh,Male,19,Silver,South Africa
9252,Olivia Singh,Female,47,Standard,UAE
9253,Aisha Pillay,Female,27,Silver,UK
9254,Vikram Hughes,Male,22,Standard,South Africa
9255,Ravi Mkhize,Male,35,Platinum,USA
9256,James Mkhize,Male,40,Silver,UAE
9257,Nkosi Evans,Male,46,Silver,South Africa
9258,Ayanda Ntuli,Female,41,Platinum,UAE
9259,Ahmed Naidoo,Male,42,Standard,South Africa
9260,Tyler Lewis,Male,34,Standard,UAE
9261,Lindiwe Miller,Female,27,Standard,UK
9262,Ahmed Johnson,Male,46,Standard,UAE
9263,Lindiwe Ndlovu,Female,22,Platinum,UAE
9264,Kayla Wilson,Female,43,Standard,South Africa
9265,Busisiwe Ndlovu,Female,37,Standard,UK
9266,Busisiwe Clarke,Female,44,Platinum,South Africa
9267,Ayanda Jones,Female,20,Standard,South Africa
9268,Jennifer Miller,Female,29,Standard,South Africa
9269,Kabelo Khan,Male,21,Standard,UK
9270,Jayden Govender,Male,31,Standard,USA
9271,Alexis Lewis,Female,61,Gold,South Africa
9272,Thabo Thompson,Male,59,Standard,UAE
9273,Zanele Mthembu,Female,55,Platinum,South Africa
9274,Busisiwe Evans,Female,50,Gold,UAE
9275,Khalid Clarke,Male,48,Standard,South Africa
9276,Jayden Naidoo,Male,59,Standard,South Africa
9277,Grace Johnson,Female,39,Standard,UK
9278,Samantha Miller,Female,63,Standard,South Africa
9279,Ayanda Al-Rashid,Female,29,Platinum,USA
9280,Thabo Clarke,Male,21,Gold,South Africa
9281,Ayanda Al-Rashid,Female,30,Standard,UK
9282,Emily Ntuli,Female,50,Standard,UAE
9283,William Roberts,Male,35,Standard,South Africa
9284,Ravi Walker,Male,48,Standard,UAE
9285,Thabo Walker,Male,50,Gold,USA
9286,Lerato Evans,Female,26,Standard,South Africa
9287,Thandeka Thompson,Female,47,Platinum,South Africa
9288,Nomsa Williams,Female,32,Silver,South Africa
9289,Logan Hughes,Male,47,Gold,USA
9290,Logan Dlamini,Male,36,Standard,South Africa
9291,Marcus Khan,Male,52,Standard,UK
9292,Marcus Smith,Male,64,Standard,South Africa
9293,Fatima Hughes,Female,40,Standard,South Africa
9294,Neha Thompson,Female,62,Standard,UAE
9295,Aisha Zulu,Female,53,Silver,UAE
9296,Thabo Davies,Male,42,Standard,South Africa
9297,Ravi Hassan,Male,22,Gold,USA
9298,Hassan Khan,Male,38,Standard,South Africa
9299,Logan Evans,Male,22,Silver,South Africa
9300,Kabelo Hassan,Male,47,Standard,UK
9301,Priya Clarke,Female,36,Standard,UK
9302,Yusuf Al-Rashid,Male,40,Silver,South Africa
9303,Nkosi Patel,Male,47,Platinum,USA
9304,Ahmed Hughes,Male,38,Standard,UK
9305,Ayanda Mthembu,Female,32,Gold,UK
9306,Samantha Davis,Female,58,Silver,South Africa
9307,Lerato Wilson,Female,35,Silver,UAE
9308,Tebogo Mkhize,Male,36,Standard,South Africa
9309,Daniel Brown,Male,63,Standard,South Africa
9310,Khalid Govender,Male,27,Standard,South Africa
9311,Samantha Evans,Female,53,Standard,UAE
9312,Ashley Al-Rashid,Female,63,Standard,USA
9313,Priya Patel,Female,49,Standard,South Africa
9314,Omar Jones,Male,42,Standard,USA
9315,Themba Khumalo,Male,57,Standard,South Africa
9316,Thomas Naidoo,Male,65,Standard,UK
9317,Emma Khan,Female,30,Gold,UK
9318,Grace Mthembu,Female,41,Gold,UK
9319,Hannah Ndlovu,Female,64,Platinum,USA
9320,Liam Evans,Male,51,Standard,South Africa
9321,Tyler Roberts,Male,60,Standard,USA
9322,Victoria Brown,Female,34,Standard,USA
9323,Kayla Johnson,Female,47,Standard,South Africa
9324,Jayden Brown,Male,35,Silver,South Africa
9325,Ayanda Hughes,Female,22,Gold,South Africa
9326,Samantha Zulu,Female,37,Gold,UAE
9327,Samantha Evans,Female,22,Silver,South Africa
9328,Hassan Ndlovu,Male,42,Silver,South Africa
9329,Ahmed Thompson,Male,28,Standard,UK
9330,Logan Govender,Male,25,Silver,South Africa
9331,Robert Zulu,Male,58,Silver,UAE
9332,Omar Davies,Male,20,Standard,UAE
9333,Maryam Clarke,Female,46,Standard,South Africa
9334,Daniel Patel,Male,34,Silver,UK
9335,Ashley Clarke,Female,25,Silver,South Africa
9336,Brianna Roberts,Female,55,Silver,USA
9337,Ravi Govender,Male,33,Standard,UAE
9338,Robert Thompson,Male,42,Silver,UAE
9339,Victoria Jones,Female,35,Standard,South Africa
9340,Lindiwe Mkhize,Female,59,Platinum,South Africa
9341,Ayanda Mthembu,Female,51,Platinum,USA
9342,Arjun Walker,Male,52,Silver,UK
9343,Palesa Thompson,Female,56,Standard,South Africa
9344,Ayanda Wilson,Female,65,Standard,UK
9345,Nkosi Dlamini,Male,37,Gold,USA
9346,Brianna Ntuli,Female,43,Gold,South Africa
9347,Samantha Mkhize,Female,44,Standard,UK
9348,James Johnson,Male,20,Standard,South Africa
9349,Emma Hassan,Female,32,Platinum,South Africa
9350,Victoria Davies,Female,61,Standard,South Africa
9351,Samantha Khan,Female,51,Silver,South Africa
9352,Sandile Jones,Male,39,Standard,South Africa
9353,Brianna Smith,Female,49,Gold,South Africa
9354,Samantha Dlamini,Female,51,Silver,South Africa
9355,Jennifer Johnson,Female,59,Standard,South Africa
9356,Marcus Thompson,Male,46,Standard,UAE
9357,Olivia Pillay,Female,62,Gold,USA
9358,Hassan Nkosi,Male,51,Standard,South Africa
9359,Victoria Miller,Female,41,Gold,UK
9360,Hassan Davis,Male,27,Standard,UAE
9361,Brandon Pillay,Male,62,Standard,UK
9362,Anisha Naidoo,Female,41,Silver,South Africa
9363,Yusuf Mthembu,Male,36,Gold,South Africa
9364,Ravi Walker,Male,61,Silver,UAE
9365,Daniel Patel,Male,48,Silver,South Africa
9366,Anisha Davies,Female,18,Silver,UAE
9367,Charlotte Nkosi,Female,43,Standard,UK
9368,Lerato Ndlovu,Female,40,Standard,UAE
9369,Hannah Jones,Female,34,Standard,USA
9370,Jennifer Walker,Female,19,Standard,UK
9371,Yusuf Naidoo,Male,36,Silver,South Africa
9372,Hassan Roberts,Male,59,Gold,UK
9373,Fatima Hassan,Female,28,Silver,UAE
9374,Themba Ntuli,Male,46,Standard,UK
9375,Brianna Hughes,Female,50,Silver,UAE
9376,Themba Johnson,Male,34,Gold,UAE
9377,Lerato Roberts,Female,26,Standard,UAE
9378,Neha Ndlovu,Female,36,Standard,USA
9379,Olivia Mkhize,Female,63,Silver,South Africa
9380,John Davies,Male,58,Platinum,South Africa
9381,Anisha Naidoo,Female,25,Standard,USA
9382,Emily Clarke,Female,50,Standard,South Africa
9383,Grace Hassan,Female,31,Silver,UK
9384,Mpho Khan,Male,26,Standard,UK
9385,Samantha Mkhize,Female,36,Silver,UAE
9386,Brianna Evans,Female,22,Silver,South Africa
9387,Charlotte Hughes,Female,57,Platinum,South Africa
9388,Charlotte Jones,Female,57,Gold,USA
9389,Aisha Roberts,Female,46,Silver,South Africa
9390,Mohammed Johnson,Male,20,Standard,USA
9391,Khalid Walker,Male,39,Silver,South Africa
9392,Daniel Ndlovu,Male,29,Standard,South Africa
9393,Arjun Govender,Male,36,Gold,UK
9394,Thabo Singh,Male,51,Standard,USA
9395,Michael Khan,Male,39,Silver,South Africa
9396,Madison Zulu,Female,44,Gold,South Africa
9397,Nomsa Smith,Female,44,Gold,UK
9398,Neha Smith,Female,46,Standard,South Africa
9399,Palesa Jones,Female,46,Silver,UAE
9400,Omar Jones,Male,45,Silver,South Africa
9401,Samantha Wilson,Female,65,Standard,UK
9402,Marcus Govender,Male,31,Silver,UK
9403,Lerato Nkosi,Female,20,Standard,South Africa
9404,Emily Thompson,Female,19,Standard,UK
9405,Fatima Nkosi,Female,57,Platinum,UK
9406,Omar Mkhize,Male,61,Standard,USA
9407,Brianna Davis,Female,45,Standard,UAE
9408,Hassan Miller,Male,50,Platinum,South Africa
9409,Ashley Mkhize,Female,44,Gold,UAE
9410,Themba Hassan,Male,48,Gold,UAE
9411,Emma Wilson,Female,45,Gold,UK
9412,Lerato Al-Rashid,Female,42,Standard,UAE
9413,William Hughes,Male,53,Gold,USA
9414,Hannah Davies,Female,54,Gold,USA
9415,Divya Hassan,Female,45,Standard,UAE
9416,Daniel Miller,Male,60,Standard,UAE
9417,David Nkosi,Male,61,Platinum,UAE
9418,Noah Roberts,Male,46,Platinum,South Africa
9419,Elijah Walker,Male,64,Standard,South Africa
9420,Zanele Khumalo,Female,60,Standard,UAE
9421,Elijah Singh,Male,55,Platinum,South Africa
9422,Michael Govender,Male,53,Standard,UK
9423,Liam Govender,Male,44,Standard,UK
9424,Maryam Ntuli,Female,38,Standard,USA
9425,Ayanda Brown,Female,30,Standard,UAE
9426,Ravi Al-Rashid,Male,29,Standard,South Africa
9427,Khalid Davies,Male,47,Standard,South Africa
9428,Ravi Mthembu,Male,43,Standard,USA
9429,Jennifer Hassan,Female,58,Standard,South Africa
9430,Lerato Brown,Female,30,Standard,South Africa
9431,Nomsa Miller,Female,36,Silver,South Africa
9432,Robert Mthembu,Male,25,Standard,UAE
9433,Zanele Naidoo,Female,39,Silver,UAE
9434,Hassan Nkosi,Male,26,Platinum,UAE
9435,Robert Khan,Male,42,Standard,UAE
9436,Thomas Patel,Male,21,Standard,USA
9437,Yusuf Khan,Male,42,Standard,UK
9438,Olivia Johnson,Female,43,Silver,South Africa
9439,Priya Wilson,Female,60,Standard,South Africa
9440,Vikram Ndlovu,Male,56,Gold,South Africa
9441,Themba Wilson,Male,58,Gold,USA
9442,John Nkosi,Male,58,Gold,USA
9443,Brandon Brown,Male,55,Silver,South Africa
9444,Sipho Govender,Male,28,Silver,USA
9445,Kabelo Brown,Male,55,Standard,USA
9446,Charlotte Clarke,Female,53,Silver,South Africa
9447,Arjun Singh,Male,60,Silver,UAE
9448,William Davis,Male,37,Silver,South Africa
9449,Jennifer Mkhize,Female,55,Standard,South Africa
9450,Sandile Naidoo,Male,65,Silver,South Africa
9451,Aisha Jones,Female,44,Gold,South Africa
9452,David Lewis,Male,49,Platinum,South Africa
9453,Kayla Lewis,Female,58,Standard,USA
9454,Victoria Mthembu,Female,39,Standard,UK
9455,Ashley Evans,Female,22,Platinum,UAE
9456,Mpho Thompson,Male,57,Silver,USA
9457,Liam Khan,Male,43,Standard,UAE
9458,Logan Dlamini,Male,41,Standard,USA
9459,David Nkosi,Male,29,Standard,UK
9460,Anisha Wilson,Female,57,Silver,South Africa
9461,Noah Brown,Male,62,Standard,South Africa
9462,Arjun Ndlovu,Male,54,Silver,South Africa
9463,Jayden Pillay,Male,56,Standard,USA
9464,Daniel Roberts,Male,21,Silver,UK
9465,Liam Ntuli,Male,36,Silver,UK
9466,Jayden Walker,Male,41,Standard,UAE
9467,Priya Davis,Female,41,Silver,UAE
9468,Hassan Brown,Male,22,Standard,USA
9469,Ayanda Jones,Female,41,Standard,USA
9470,Daniel Govender,Male,57,Standard,South Africa
9471,Jennifer Williams,Female,25,Silver,UAE
9472,Thomas Mkhize,Male,59,Standard,UAE
9473,Michael Pillay,Male,63,Standard,South Africa
9474,Zanele Walker,Female,65,Standard,South Africa
9475,Alexis Khan,Female,34,Standard,South Africa
9476,Hannah Khan,Female,27,Standard,USA
9477,Robert Davies,Male,21,Standard,UAE
9478,Jennifer Singh,Female,24,Gold,UK
9479,David Williams,Male,52,Gold,USA
9480,Noah Miller,Male,23,Silver,USA
9481,James Wilson,Male,37,Silver,South Africa
9482,Neha Dlamini,Female,19,Platinum,South Africa
9483,Lauren Nkosi,Female,51,Platinum,UAE
9484,Khalid Al-Rashid,Male,28,Gold,USA
9485,Fatima Ntuli,Female,46,Silver,USA
9486,Robert Mthembu,Male,53,Standard,South Africa
9487,Aisha Ntuli,Female,63,Standard,USA
9488,David Lewis,Male,30,Standard,South Africa
9489,Madison Wilson,Female,44,Standard,South Africa
9490,Michael Evans,Male,55,Silver,USA
9491,Kayla Davis,Female,41,Standard,UK
9492,Vikram Mkhize,Male,47,Standard,South Africa
9493,Hassan Mthembu,Male,35,Standard,South Africa
9494,Ravi Pillay,Male,60,Gold,UAE
9495,Sipho Davies,Male,20,Standard,South Africa
9496,Lauren Khan,Female,20,Standard,UK
9497,Marcus Al-Rashid,Male,54,Standard,South Africa
9498,Busisiwe Mkhize,Female,57,Standard,UAE
9499,Maryam Evans,Female,50,Standard,UK
9500,Yusuf Evans,Male,62,Platinum,South Africa
9501,Madison Davies,Female,49,Standard,UAE
9502,Sipho Ndlovu,Male,39,Standard,South Africa
9503,Brandon Davis,Male,44,Standard,USA
9504,Priya Zulu,Female,24,Standard,South Africa
9505,Sandile Khan,Male,65,Gold,UK
9506,John Dlamini,Male,53,Silver,UK
9507,Ahmed Wilson,Male,26,Gold,UK
9508,Lauren Khumalo,Female,26,Silver,UAE
9509,Hannah Johnson,Female,62,Platinum,USA
9510,Samantha Ntuli,Female,39,Platinum,USA
9511,Omar Al-Rashid,Male,23,Standard,South Africa
9512,Vikram Lewis,Male,39,Standard,South Africa
9513,Arjun Mkhize,Male,51,Silver,USA
9514,Mpho Govender,Male,28,Standard,UK
9515,Lindiwe Khan,Female,48,Standard,UAE
9516,Ayanda Miller,Female,37,Platinum,South Africa
9517,Palesa Smith,Female,31,Gold,USA
9518,Priya Hassan,Female,49,Platinum,USA
9519,Priya Miller,Female,54,Standard,South Africa
9520,Tyler Govender,Male,53,Standard,USA
9521,Charlotte Smith,Female,60,Silver,UAE
9522,Themba Patel,Male,21,Standard,UK
9523,Olivia Mkhize,Female,50,Standard,UK
9524,Priya Miller,Female,65,Standard,South Africa
9525,Robert Wilson,Male,26,Standard,South Africa
9526,Liam Williams,Male,49,Standard,South Africa
9527,John Mthembu,Male,55,Gold,UK
9528,Ahmed Ntuli,Male,30,Silver,USA
9529,Sophia Khan,Female,50,Gold,UK
9530,Hassan Singh,Male,56,Standard,South Africa
9531,Thabo Lewis,Male,19,Silver,South Africa
9532,Samantha Jones,Female,34,Standard,South Africa
9533,Brandon Thompson,Male,57,Standard,UK
9534,William Lewis,Male,49,Standard,UAE
9535,Zainab Al-Rashid,Female,44,Standard,South Africa
9536,William Hassan,Male,25,Platinum,South Africa
9537,Lerato Clarke,Female,51,Standard,UK
9538,Thabo Govender,Male,51,Standard,South Africa
9539,Liam Williams,Male,56,Silver,UAE
9540,Jayden Evans,Male,26,Standard,USA
9541,James Roberts,Male,58,Silver,USA
9542,Sophia Zulu,Female,60,Standard,South Africa
9543,Neha Brown,Female,49,Standard,UAE
9544,Hassan Davies,Male,43,Platinum,USA
9545,Palesa Ntuli,Female,62,Platinum,USA
9546,Palesa Thompson,Female,56,Gold,South Africa
9547,Busisiwe Evans,Female,38,Gold,UK
9548,Grace Ndlovu,Female,45,Standard,UK
9549,Ravi Davis,Male,34,Standard,UAE
9550,Anisha Govender,Female,41,Silver,UAE
9551,Thabo Nkosi,Male,29,Platinum,South Africa
9552,Yusuf Davies,Male,34,Gold,UAE
9553,Brianna Hassan,Female,34,Standard,UK
9554,Maryam Pillay,Female,54,Standard,South Africa
9555,Jennifer Wilson,Female,30,Silver,UAE
9556,Vikram Ndlovu,Male,20,Standard,UK
9557,Jennifer Johnson,Female,44,Silver,UK
9558,Themba Zulu,Male,20,Standard,South Africa
9559,Mpho Ntuli,Male,50,Standard,UAE
9560,Lindiwe Al-Rashid,Female,47,Gold,South Africa
9561,Sipho Smith,Male,37,Platinum,South Africa
9562,Yusuf Ndlovu,Male,52,Standard,UAE
9563,Lerato Hassan,Female,22,Gold,UK
9564,Zanele Brown,Female,35,Platinum,South Africa
9565,Alexis Singh,Female,48,Silver,UAE
9566,Sophia Jones,Female,49,Standard,South Africa
9567,Charlotte Hassan,Female,33,Silver,USA
9568,Emily Naidoo,Female,53,Standard,UK
9569,Thomas Smith,Male,61,Standard,South Africa
9570,Themba Hassan,Male,64,Standard,UK
9571,Samantha Mkhize,Female,30,Gold,UAE
9572,Nkosi Mkhize,Male,39,Platinum,South Africa
9573,Marcus Clarke,Male,50,Platinum,UAE
9574,Kabelo Davies,Male,58,Standard,UK
9575,Anisha Davis,Female,37,Gold,USA
9576,Michael Clarke,Male,20,Platinum,UAE
9577,Divya Govender,Female,31,Gold,UAE
9578,Mpho Singh,Male,51,Silver,South Africa
9579,Neha Walker,Female,36,Standard,South Africa
9580,Thomas Naidoo,Male,34,Gold,UAE
9581,Zanele Khumalo,Female,54,Silver,South Africa
9582,Brandon Johnson,Male,59,Standard,South Africa
9583,Omar Ndlovu,Male,58,Standard,UAE
9584,John Patel,Male,19,Standard,South Africa
9585,Ravi Hassan,Male,24,Standard,South Africa
9586,Maryam Hughes,Female,26,Silver,USA
9587,Kayla Govender,Female,64,Standard,UK
9588,Mpho Govender,Male,24,Silver,South Africa
9589,Liam Johnson,Male,31,Silver,South Africa
9590,Olivia Jones,Female,34,Platinum,South Africa
9591,Lindiwe Davies,Female,49,Silver,UAE
9592,Zainab Evans,Female,34,Platinum,South Africa
9593,Aisha Naidoo,Female,47,Standard,UAE
9594,David Roberts,Male,31,Gold,UAE
9595,James Lewis,Male,62,Platinum,South Africa
9596,Thandeka Mthembu,Female,43,Platinum,USA
9597,Aisha Wilson,Female,44,Gold,UK
9598,Busisiwe Mkhize,Female,52,Silver,UAE
9599,Ayanda Wilson,Female,30,Standard,UK
9600,Sophia Mthembu,Female,63,Standard,South Africa
9601,Hassan Clarke,Male,19,Standard,USA
9602,Logan Williams,Male,43,Silver,South Africa
9603,Arjun Al-Rashid,Male,28,Standard,South Africa
9604,Arjun Nkosi,Male,29,Standard,UAE
9605,Lindiwe Walker,Female,28,Silver,UAE
9606,James Smith,Male,19,Gold,South Africa
9607,Busisiwe Roberts,Female,46,Standard,UAE
9608,Themba Miller,Male,23,Standard,UAE
9609,Madison Hassan,Female,54,Silver,USA
9610,Thandeka Singh,Female,48,Gold,USA
9611,Thabo Mthembu,Male,43,Standard,UK
9612,William Johnson,Male,19,Standard,UAE
9613,Marcus Evans,Male,53,Standard,South Africa
9614,Sipho Brown,Male,28,Gold,South Africa
9615,Tyler Jones,Male,55,Platinum,South Africa
9616,Nkosi Hassan,Male,61,Standard,South Africa
9617,Elijah Johnson,Male,45,Silver,UAE
9618,Charlotte Smith,Female,59,Silver,South Africa
9619,Olivia Davis,Female,36,Standard,UAE
9620,Busisiwe Mthembu,Female,42,Standard,South Africa
9621,William Mthembu,Male,19,Standard,South Africa
9622,Grace Hassan,Female,54,Standard,South Africa
9623,Omar Roberts,Male,37,Standard,UAE
9624,Charlotte Lewis,Female,42,Standard,South Africa
9625,Lindiwe Pillay,Female,59,Platinum,UAE
9626,Liam Johnson,Male,59,Standard,USA
9627,James Ntuli,Male,52,Standard,USA
9628,Ayanda Zulu,Female,53,Standard,South Africa
9629,Tebogo Davis,Male,62,Standard,UAE
9630,Daniel Davis,Male,40,Standard,South Africa
9631,Tyler Dlamini,Male,28,Gold,South Africa
9632,David Clarke,Male,27,Standard,UAE
9633,Sipho Al-Rashid,Male,45,Standard,USA
9634,Olivia Nkosi,Female,34,Standard,UK
9635,Thomas Patel,Male,43,Gold,UAE
9636,Kayla Patel,Female,59,Silver,UAE
9637,Kabelo Naidoo,Male,44,Platinum,UAE
9638,Sophia Patel,Female,49,Standard,UAE
9639,Nomsa Govender,Female,28,Gold,South Africa
9640,Nomsa Mthembu,Female,27,Standard,South Africa
9641,Hassan Roberts,Male,35,Standard,South Africa
9642,Brandon Davis,Male,30,Standard,USA
9643,Anisha Pillay,Female,52,Standard,South Africa
9644,Lauren Hassan,Female,30,Silver,UAE
9645,Thabo Nkosi,Male,53,Standard,South Africa
9646,Emma Thompson,Female,32,Silver,USA
9647,Samantha Patel,Female,61,Standard,South Africa
9648,Grace Mthembu,Female,30,Standard,South Africa
9649,Nomsa Ntuli,Female,34,Gold,South Africa
9650,Maryam Pillay,Female,37,Standard,USA
9651,Victoria Thompson,Female,61,Platinum,UAE
9652,Marcus Pillay,Male,34,Standard,UK
9653,James Govender,Male,42,Standard,UK
9654,Mohammed Pillay,Male,23,Standard,UK
9655,Olivia Zulu,Female,63,Standard,South Africa
9656,Lerato Walker,Female,42,Standard,USA
9657,Lindiwe Roberts,Female,55,Platinum,USA
9658,David Clarke,Male,49,Gold,UK
9659,Thabo Jones,Male,51,Standard,UAE
9660,Mpho Mkhize,Male,56,Standard,USA
9661,Lerato Nkosi,Female,59,Standard,USA
9662,Busisiwe Clarke,Female,50,Standard,South Africa
9663,Divya Brown,Female,22,Silver,South Africa
9664,Elijah Roberts,Male,33,Gold,UK
9665,Thandeka Nkosi,Female,55,Standard,UK
9666,Aisha Khan,Female,40,Silver,South Africa
9667,Themba Johnson,Male,59,Silver,USA
9668,Elijah Ndlovu,Male,44,Standard,South Africa
9669,Sipho Pillay,Male,49,Silver,South Africa
9670,Lauren Mkhize,Female,60,Standard,USA
9671,Madison Mthembu,Female,45,Silver,UAE
9672,Ravi Nkosi,Male,51,Silver,USA
9673,Nkosi Ndlovu,Male,24,Gold,UK
9674,Lindiwe Wilson,Female,35,Silver,South Africa
9675,Omar Dlamini,Male,23,Standard,UAE
9676,Nkosi Pillay,Male,53,Silver,UK
9677,Charlotte Roberts,Female,49,Standard,USA
9678,Khalid Mkhize,Male,23,Standard,South Africa
9679,Priya Williams,Female,36,Silver,USA
9680,Jennifer Nkosi,Female,58,Standard,UK
9681,Victoria Hassan,Female,47,Standard,USA
9682,John Govender,Male,23,Standard,USA
9683,Olivia Khan,Female,19,Standard,USA
9684,Yusuf Ntuli,Male,30,Platinum,UAE
9685,Kayla Wilson,Female,44,Silver,USA
9686,Maryam Roberts,Female,45,Standard,USA
9687,Themba Williams,Male,51,Platinum,UK
9688,Aisha Williams,Female,64,Standard,UAE
9689,Grace Smith,Female,32,Standard,South Africa
9690,Aisha Smith,Female,21,Silver,UK
9691,Daniel Ndlovu,Male,53,Standard,USA
9692,Ahmed Pillay,Male,40,Silver,UK
9693,Lauren Clarke,Female,20,Silver,UK
9694,Samantha Smith,Female,24,Standard,UK
9695,Emily Zulu,Female,48,Standard,South Africa
9696,Anisha Lewis,Female,62,Gold,South Africa
9697,Mohammed Williams,Male,63,Standard,South Africa
9698,Thomas Mkhize,Male,65,Silver,South Africa
9699,Mohammed Wilson,Male,24,Standard,South Africa
9700,Ayanda Mthembu,Female,34,Standard,South Africa
9701,Samantha Lewis,Female,48,Silver,UK
9702,Khalid Davies,Male,61,Standard,USA
9703,Hassan Roberts,Male,51,Standard,South Africa
9704,Mpho Roberts,Male,32,Standard,UK
9705,Nomsa Miller,Female,42,Standard,UK
9706,Madison Zulu,Female,20,Standard,South Africa
9707,James Lewis,Male,57,Standard,UK
9708,Thabo Lewis,Male,21,Standard,USA
9709,Logan Al-Rashid,Male,37,Standard,South Africa
9710,Robert Govender,Male,39,Standard,UAE
9711,Nomsa Roberts,Female,48,Silver,UAE
9712,Kayla Ntuli,Female,58,Platinum,UAE
9713,Thandeka Nkosi,Female,20,Gold,South Africa
9714,Busisiwe Mthembu,Female,25,Standard,South Africa
9715,David Williams,Male,37,Standard,South Africa
9716,Emma Roberts,Female,64,Standard,USA
9717,Victoria Nkosi,Female,35,Standard,UK
9718,Sipho Wilson,Male,54,Standard,South Africa
9719,Hassan Roberts,Male,47,Platinum,South Africa
9720,William Ndlovu,Male,59,Platinum,South Africa
9721,Neha Wilson,Female,50,Silver,South Africa
9722,Anisha Zulu,Female,31,Standard,UK
9723,Sandile Khumalo,Male,58,Gold,UAE
9724,Robert Wilson,Male,27,Standard,UK
9725,Liam Singh,Male,63,Silver,UK
9726,Sophia Miller,Female,54,Gold,UK
9727,Emily Lewis,Female,31,Standard,USA
9728,Zainab Williams,Female,60,Standard,USA
9729,Logan Williams,Male,55,Standard,South Africa
9730,Thandeka Brown,Female,57,Gold,South Africa
9731,Ahmed Johnson,Male,63,Silver,South Africa
9732,Khalid Roberts,Male,65,Standard,South Africa
9733,Ravi Lewis,Male,46,Silver,USA
9734,David Ndlovu,Male,61,Standard,UAE
9735,Elijah Davis,Male,53,Standard,USA
9736,Liam Mthembu,Male,36,Silver,South Africa
9737,Ahmed Wilson,Male,48,Gold,South Africa
9738,Khalid Thompson,Male,40,Gold,South Africa
9739,Charlotte Mkhize,Female,43,Silver,South Africa
9740,Thandeka Ndlovu,Female,45,Silver,South Africa
9741,Ashley Patel,Female,55,Silver,South Africa
9742,Hassan Clarke,Male,50,Platinum,UK
9743,Divya Brown,Female,33,Silver,South Africa
9744,Palesa Ntuli,Female,64,Standard,UK
9745,Michael Clarke,Male,24,Platinum,UK
9746,Vikram Davies,Male,38,Standard,UAE
9747,Charlotte Naidoo,Female,50,Standard,South Africa
9748,Marcus Davies,Male,50,Gold,UAE
9749,Sophia Johnson,Female,33,Silver,UAE
9750,Tyler Dlamini,Male,24,Standard,South Africa
9751,Tyler Al-Rashid,Male,33,Standard,South Africa
9752,Jennifer Ndlovu,Female,45,Silver,South Africa
9753,Anisha Naidoo,Female,54,Standard,UK
9754,Robert Mkhize,Male,65,Standard,South Africa
9755,Mohammed Davies,Male,28,Silver,UK
9756,Sipho Ndlovu,Male,56,Gold,USA
9757,Hannah Davis,Female,28,Gold,South Africa
9758,John Lewis,Male,39,Standard,South Africa
9759,Elijah Ntuli,Male,29,Silver,South Africa
9760,Sophia Wilson,Female,57,Platinum,UK
9761,Arjun Thompson,Male,36,Standard,USA
9762,Aisha Nkosi,Female,43,Standard,UAE
9763,Thandeka Hassan,Female,48,Gold,South Africa
9764,Ravi Ndlovu,Male,43,Standard,UAE
9765,Palesa Zulu,Female,58,Standard,UAE
9766,Robert Hassan,Male,26,Gold,USA
9767,Thandeka Williams,Female,52,Standard,South Africa
9768,Emily Walker,Female,22,Silver,USA
9769,Madison Evans,Female,58,Standard,UK
9770,Charlotte Ntuli,Female,43,Gold,UK
9771,John Khan,Male,57,Standard,UAE
9772,Anisha Hassan,Female,24,Standard,UK
9773,Sophia Thompson,Female,47,Standard,UK
9774,Neha Patel,Female,36,Standard,UK
9775,Hassan Patel,Male,30,Gold,South Africa
9776,Liam Brown,Male,45,Standard,USA
9777,Themba Govender,Male,35,Standard,UAE
9778,Lerato Clarke,Female,54,Standard,UAE
9779,Nomsa Hughes,Female,60,Gold,UK
9780,Ashley Williams,Female,27,Platinum,USA
9781,Nomsa Davis,Female,28,Silver,South Africa
9782,Tyler Ndlovu,Male,18,Standard,South Africa
9783,Zainab Davis,Female,60,Standard,South Africa
9784,Mpho Govender,Male,20,Standard,UAE
9785,Themba Clarke,Male,49,Gold,South Africa
9786,Liam Wilson,Male,39,Silver,UAE
9787,Lindiwe Hassan,Female,20,Platinum,South Africa
9788,Logan Govender,Male,62,Silver,South Africa
9789,Zanele Jones,Female,29,Standard,UAE
9790,Omar Smith,Male,61,Standard,South Africa
9791,Vikram Naidoo,Male,39,Platinum,UK
9792,Madison Wilson,Female,35,Standard,South Africa
9793,Samantha Williams,Female,56,Standard,UAE
9794,Robert Walker,Male,62,Gold,USA
9795,Omar Nkosi,Male,21,Gold,South Africa
9796,Priya Walker,Female,31,Silver,South Africa
9797,William Williams,Male,60,Platinum,South Africa
9798,Elijah Mthembu,Male,26,Standard,South Africa
9799,Divya Mthembu,Female,22,Silver,South Africa
9800,Samantha Brown,Female,21,Standard,USA
9801,Sipho Jones,Male,36,Standard,UK
9802,Yusuf Zulu,Male,58,Platinum,USA
9803,Sipho Pillay,Male,49,Standard,UAE
9804,Priya Ndlovu,Female,54,Standard,South Africa
9805,Brianna Hughes,Female,45,Gold,South Africa
9806,Victoria Ntuli,Female,50,Gold,UK
9807,Ayanda Khan,Female,20,Standard,South Africa
9808,Hassan Davies,Male,51,Standard,UK
9809,Olivia Dlamini,Female,56,Standard,UAE
9810,Brianna Al-Rashid,Female,52,Silver,USA
9811,Themba Johnson,Male,34,Standard,South Africa
9812,Tyler Williams,Male,53,Standard,South Africa
9813,Divya Walker,Female,30,Silver,UK
9814,Madison Hughes,Female,59,Silver,UK
9815,James Patel,Male,51,Silver,South Africa
9816,Sophia Nkosi,Female,45,Silver,South Africa
9817,Ravi Smith,Male,41,Gold,South Africa
9818,Mpho Johnson,Male,18,Standard,USA
9819,Nkosi Dlamini,Male,43,Silver,UK
9820,Victoria Davis,Female,30,Gold,USA
9821,Lerato Patel,Female,40,Standard,South Africa
9822,John Thompson,Male,18,Standard,South Africa
9823,Themba Roberts,Male,61,Silver,USA
9824,Ashley Naidoo,Female,45,Gold,USA
9825,Sandile Al-Rashid,Male,47,Standard,UK
9826,Sandile Lewis,Male,18,Standard,South Africa
9827,Madison Smith,Female,23,Standard,South Africa
9828,Victoria Hughes,Female,23,Gold,UK
9829,Sophia Roberts,Female,27,Standard,South Africa
9830,Jennifer Zulu,Female,58,Silver,UK
9831,Hassan Dlamini,Male,37,Standard,South Africa
9832,Elijah Pillay,Male,50,Standard,South Africa
9833,Hassan Evans,Male,46,Standard,USA
9834,Nkosi Govender,Male,57,Standard,South Africa
9835,Victoria Miller,Female,50,Standard,South Africa
9836,James Khumalo,Male,63,Platinum,UAE
9837,Yusuf Singh,Male,25,Silver,UAE
9838,Nomsa Khan,Female,55,Platinum,UK
9839,James Mthembu,Male,19,Silver,USA
9840,Madison Al-Rashid,Female,19,Standard,USA
9841,Daniel Miller,Male,61,Platinum,UK
9842,Ayanda Jones,Female,59,Silver,UAE
9843,Maryam Govender,Female,34,Standard,South Africa
9844,Emma Patel,Female,37,Standard,UAE
9845,Kabelo Patel,Male,31,Platinum,South Africa
9846,Omar Hughes,Male,52,Gold,USA
9847,Samantha Khumalo,Female,56,Silver,UAE
9848,Palesa Khan,Female,42,Platinum,South Africa
9849,Brianna Jones,Female,46,Silver,USA
9850,Noah Clarke,Male,56,Gold,USA
9851,Lerato Roberts,Female,54,Platinum,South Africa
9852,Jayden Mkhize,Male,64,Standard,USA
9853,Brianna Singh,Female,48,Standard,UAE
9854,Marcus Hassan,Male,20,Silver,USA
9855,Noah Lewis,Male,63,Silver,South Africa
9856,Grace Khumalo,Female,18,Standard,UAE
9857,Olivia Mthembu,Female,63,Platinum,USA
9858,Daniel Hassan,Male,27,Standard,South Africa
9859,Brandon Singh,Male,31,Silver,UAE
9860,Liam Lewis,Male,37,Gold,South Africa
9861,William Wilson,Male,35,Gold,South Africa
9862,Tebogo Davies,Male,36,Standard,UAE
9863,Marcus Govender,Male,55,Standard,USA
9864,Logan Johnson,Male,24,Standard,UAE
9865,Daniel Davis,Male,50,Gold,USA
9866,Fatima Pillay,Female,30,Platinum,UK
9867,Ahmed Jones,Male,33,Standard,UK
9868,Arjun Brown,Male,62,Standard,South Africa
9869,Divya Ndlovu,Female,46,Standard,UAE
9870,Mohammed Dlamini,Male,22,Standard,USA
9871,Kayla Thompson,Female,31,Standard,UAE
9872,Zanele Evans,Female,45,Standard,UAE
9873,Daniel Zulu,Male,23,Gold,UAE
9874,Brianna Patel,Female,51,Silver,UAE
9875,Sipho Hassan,Male,24,Standard,UAE
9876,James Wilson,Male,39,Silver,South Africa
9877,Thandeka Govender,Female,42,Silver,USA
9878,James Williams,Male,34,Standard,South Africa
9879,Ashley Williams,Female,60,Silver,UAE
9880,John Evans,Male,55,Silver,South Africa
9881,Khalid Naidoo,Male,50,Standard,UK
9882,Jayden Hughes,Male,27,Standard,South Africa
9883,Sipho Govender,Male,39,Standard,UAE
9884,Thomas Thompson,Male,51,Silver,UK
9885,Lauren Hassan,Female,60,Platinum,UK
9886,William Naidoo,Male,49,Standard,UAE
9887,Robert Patel,Male,55,Platinum,USA
9888,Lindiwe Miller,Female,41,Standard,UAE
9889,Lindiwe Smith,Female,34,Platinum,USA
9890,Olivia Nkosi,Female,43,Standard,USA
9891,Madison Mkhize,Female,61,Standard,USA
9892,Mpho Zulu,Male,20,Standard,South Africa
9893,Alexis Khumalo,Female,18,Standard,USA
9894,Noah Ntuli,Male,18,Gold,USA
9895,Nomsa Mthembu,Female,40,Standard,South Africa
9896,Busisiwe Zulu,Female,58,Gold,UAE
9897,Samantha Khumalo,Female,34,Silver,South Africa
9898,Aisha Patel,Female,35,Standard,South Africa
9899,Brandon Ntuli,Male,61,Gold,South Africa
9900,Jennifer Naidoo,Female,65,Platinum,UK
9901,Thabo Khumalo,Male,59,Standard,South Africa
9902,Thandeka Nkosi,Female,39,Standard,UK
9903,Noah Thompson,Male,62,Silver,USA
9904,Marcus Nkosi,Male,52,Standard,UAE
9905,William Nkosi,Male,37,Silver,UAE
9906,Lerato Walker,Female,56,Standard,UAE
9907,Sandile Pillay,Male,18,Standard,UK
9908,Busisiwe Ntuli,Female,31,Standard,South Africa
9909,Palesa Roberts,Female,19,Standard,South Africa
9910,Lauren Singh,Female,21,Standard,UAE
9911,Victoria Khan,Female,57,Platinum,South Africa
9912,Khalid Davis,Male,46,Standard,UAE
9913,Samantha Ndlovu,Female,33,Platinum,UK
9914,Emma Davis,Female,54,Gold,UK
9915,Nkosi Smith,Male,19,Standard,UK
9916,Elijah Miller,Male,39,Standard,USA
9917,Thomas Govender,Male,25,Standard,USA
9918,Noah Khan,Male,65,Standard,UAE
9919,Kabelo Mkhize,Male,57,Standard,UAE
9920,Vikram Govender,Male,60,Silver,UAE
9921,Brandon Hughes,Male,21,Gold,UAE
9922,Jennifer Davies,Female,61,Platinum,South Africa
9923,Lerato Smith,Female,26,Silver,South Africa
9924,Jennifer Williams,Female,39,Silver,South Africa
9925,David Smith,Male,24,Standard,South Africa
9926,Logan Govender,Male,26,Silver,South Africa
9927,Lerato Walker,Female,49,Platinum,USA
9928,Thomas Khan,Male,54,Silver,USA
9929,Yusuf Naidoo,Male,41,Silver,South Africa
9930,Aisha Hassan,Female,54,Platinum,UAE
9931,Emily Khan,Female,25,Standard,South Africa
9932,Themba Al-Rashid,Male,20,Silver,UAE
9933,Palesa Patel,Female,18,Standard,USA
9934,Emma Khan,Female,24,Silver,UAE
9935,Sophia Lewis,Female,54,Standard,UAE
9936,Omar Miller,Male,51,Standard,South Africa
9937,Zainab Singh,Female,60,Platinum,UAE
9938,Omar Roberts,Male,22,Standard,UAE
9939,Khalid Smith,Male,65,Silver,South Africa
9940,Arjun Singh,Male,38,Standard,South Africa
9941,Yusuf Hughes,Male,18,Standard,USA
9942,Emily Ntuli,Female,51,Platinum,UAE
9943,Emily Ndlovu,Female,49,Silver,South Africa
9944,Ashley Clarke,Female,20,Standard,USA
9945,Ashley Roberts,Female,61,Gold,South Africa
9946,Samantha Naidoo,Female,29,Standard,USA
9947,Ayanda Singh,Female,25,Silver,UK
9948,Victoria Davies,Female,38,Standard,UAE
9949,Themba Naidoo,Male,32,Platinum,South Africa
9950,Robert Nkosi,Male,26,Standard,UK
9951,Alexis Davis,Female,44,Silver,USA
9952,Neha Wilson,Female,37,Silver,UAE
9953,Fatima Walker,Female,64,Standard,South Africa
9954,Mpho Mkhize,Male,23,Standard,South Africa
9955,Themba Davis,Male,19,Standard,USA
9956,Daniel Dlamini,Male,38,Standard,UAE
9957,Madison Roberts,Female,27,Silver,South Africa
9958,James Khumalo,Male,44,Standard,South Africa
9959,John Patel,Male,30,Platinum,USA
9960,Grace Wilson,Female,60,Standard,USA
9961,Neha Mthembu,Female,32,Gold,USA
9962,Tebogo Nkosi,Male,32,Standard,UAE
9963,Aisha Khan,Female,20,Standard,South Africa
9964,Busisiwe Lewis,Female,38,Silver,USA
9965,Charlotte Davies,Female,29,Gold,USA
9966,Tyler Wilson,Male,62,Platinum,UK
9967,Yusuf Naidoo,Male,43,Standard,South Africa
9968,Nkosi Pillay,Male,31,Standard,South Africa
9969,Kayla Mkhize,Female,21,Standard,South Africa
9970,Sandile Mkhize,Male,46,Platinum,South Africa
9971,Vikram Zulu,Male,46,Silver,South Africa
9972,Ravi Miller,Male,55,Standard,UAE
9973,Samantha Hassan,Female,62,Silver,UK
9974,Hannah Khan,Female,26,Gold,USA
9975,Madison Dlamini,Female,20,Standard,UK
9976,David Lewis,Male,22,Standard,South Africa
9977,Thomas Jones,Male,52,Gold,South Africa
9978,Daniel Zulu,Male,26,Silver,UAE
9979,Aisha Ndlovu,Female,47,Gold,UAE
9980,Elijah Miller,Male,56,Gold,South Africa
9981,Nkosi Nkosi,Male,19,Silver,USA
9982,Ravi Pillay,Male,33,Standard,USA
9983,Lerato Khumalo,Female,32,Standard,UK
9984,Maryam Mthembu,Female,29,Gold,UK
9985,Palesa Brown,Female,45,Standard,South Africa
9986,Themba Mkhize,Male,26,Gold,USA
9987,Maryam Pillay,Female,18,Standard,UAE
9988,Nomsa Pillay,Female,63,Gold,South Africa
9989,Nkosi Johnson,Male,35,Platinum,South Africa
9990,Samantha Singh,Female,62,Standard,USA
9991,David Clarke,Male,34,Standard,South Africa
9992,Sophia Ndlovu,Female,56,Standard,South Africa
9993,Nkosi Dlamini,Male,43,Gold,South Africa
9994,Fatima Smith,Female,44,Silver,UAE
9995,Hannah Khumalo,Female,60,Silver,South Africa
9996,Kabelo Singh,Male,34,Standard,UAE
9997,Busisiwe Davis,Female,49,Standard,UAE
9998,Jayden Clarke,Male,35,Silver,UAE
9999,Emily Smith,Female,24,Standard,South Africa
10000,Khalid Wilson,Male,41,Platinum,USA
