1,Oliver Lewis,Male,33,Pretoria,South Africa
2,Benjamin Harris,Male,20,East London,South Africa
3,Ravi Jones,Male,53,Roodepoort,South Africa
4,Lindiwe Garcia,Female,55,Johannesburg,South Africa
5,Mpho Harris,Male,39,East London,South Africa
6,Mia Nkosi,Female,42,Rustenburg,South Africa
7,Amanda Davis,Female,64,Houston,USA
8,Ava Walker,Female,58,Jacksonville,USA
9,Karabo Moore,Male,20,Louisville,USA
10,Ava Sithole,Female,24,Soweto,South Africa
11,Nomsa Perez,Female,40,Nelspruit,South Africa
12,Lucas Pillay,Male,52,Philadelphia,USA
13,Destiny Roberts,Female,58,San Diego,USA
14,Stephanie Wilson,Female,32,Cardiff,UK
15,Palesa Moore,Female,31,Wolverhampton,UK
16,Thandeka Ngcobo,Female,43,Newcastle,UK
17,Mandla Mkhize,Male,33,Seattle,USA
18,Nokukhanya Harris,Female,55,Polokwane,South Africa
19,Ravi Ngcobo,Male,23,Houston,USA
20,Tebogo Naidoo,Male,68,Boston,USA
21,Elijah Turner,Male,56,Plymouth,UK
22,Emma Johnson,Female,61,Portland,USA
23,Khanyisile Adams,Female,25,Bloemfontein,South Africa
24,Sophia Price,Female,50,Miami,USA
25,Charles Hall,Male,58,San Antonio,USA
26,Jayden Naidoo,Male,52,Plymouth,UK
27,Lucas Green,Male,49,Rustenburg,South Africa
28,Nompumelelo Wilson,Female,33,Manchester,UK
29,Lesedi Masondo,Male,70,Roodepoort,South Africa
30,Mason Mahlangu,Male,53,Randburg,South Africa
31,Thandeka Vilakazi,Female,66,San Antonio,USA
32,Kayla Perez,Female,46,Newcastle,UK
33,Nkosi Molefe,Male,22,Boksburg,South Africa
34,Benjamin Molefe,Male,18,Cape Town,South Africa
35,Jack Brown,Male,39,Polokwane,South Africa
36,Sibongile Masondo,Female,31,Memphis,USA
37,Nompumelelo Mahlangu,Female,69,Pretoria,South Africa
38,Kabelo Martin,Male,40,Soweto,South Africa
39,Tshepo Zulu,Male,21,Pietermaritzburg,South Africa
40,Nkosi Patel,Male,30,Phoenix,USA
41,Zanele Lewis,Female,47,Durban,South Africa
42,Amanda Zulu,Female,21,Seattle,USA
43,George Evans,Male,28,Sandton,South Africa
44,Charles Thomas,Male,21,Johannesburg,South Africa
45,Ayanda Martinez,Female,36,Roodepoort,South Africa
46,Ella Patel,Female,36,Cape Town,South Africa
47,Khulekani Scott,Male,21,Sandton,South Africa
48,Noah Kunene,Male,23,Manchester,UK
49,Tshepo Evans,Male,43,Boksburg,South Africa
50,Benjamin Davis,Male,57,Boksburg,South Africa
51,Susan Price,Female,31,Austin,USA
52,Mandla Anderson,Male,26,San Jose,USA
53,Ashley Taylor,Female,18,Denver,USA
54,Jack Hlongwane,Male,31,Phoenix,USA
55,Patricia Moore,Female,33,Bloemfontein,South Africa
56,Stephanie Vilakazi,Female,63,Randburg,South Africa
57,Kabelo Hall,Male,60,Port Elizabeth,South Africa
58,Charlotte Ndlovu,Female,65,Dallas,USA
59,Sofia Khan,Female,63,Nelspruit,South Africa
60,Ayanda Miller,Female,23,Dallas,USA
61,James Baker,Male,67,Nelspruit,South Africa
62,Khulekani Thompson,Male,53,Seattle,USA
63,Liam Taylor,Male,62,Stoke-on-Trent,UK
64,David Perez,Male,55,Columbus,USA
65,Harry Wood,Male,41,Birmingham,UK
66,Thandeka Davies,Female,60,Roodepoort,South Africa
67,Victoria Buthelezi,Female,33,Sheffield,UK
68,Olivia Govender,Female,65,Nottingham,UK
69,Thabo Naidoo,Male,68,Fort Worth,USA
70,Joseph Mahlangu,Male,32,Soweto,South Africa
71,Lerato Sithole,Female,32,East London,South Africa
72,Brittany Lewis,Female,22,Liverpool,UK
73,Ntombifuthi Kunene,Female,43,Seattle,USA
74,Olivia Khumalo,Female,34,Nelspruit,South Africa
75,Leo Martin,Male,40,Austin,USA
76,Sofia Kunene,Female,25,Boksburg,South Africa
77,Mandla Davis,Male,63,Randburg,South Africa
78,Jayden Martin,Male,22,Cardiff,UK
79,Sibongile Mthembu,Female,64,Plymouth,UK
80,Sibongile Jackson,Female,38,Kimberley,South Africa
81,Bongani White,Male,60,Sheffield,UK
82,Kayla Smith,Female,37,Witbank,South Africa
83,Brianna Thompson,Female,46,Miami,USA
84,Jennifer Pillay,Female,60,Randburg,South Africa
85,Ava Evans,Female,61,East London,South Africa
86,Oliver Davis,Male,33,Derby,UK
87,Jordan White,Male,58,Las Vegas,USA
88,Fatima Thomas,Female,33,Johannesburg,South Africa
89,Sibusiso Harris,Male,32,Randburg,South Africa
90,Emily Davies,Female,25,Charlotte,USA
91,Nozipho Thompson,Female,57,Plymouth,UK
92,Stephanie Garcia,Female,28,Atlanta,USA
93,Ayanda Davies,Female,58,Randburg,South Africa
94,Bongiwe Evans,Female,35,Kimberley,South Africa
95,Thabo Baker,Male,38,Manchester,UK
96,Ethan Sithole,Male,42,Las Vegas,USA
97,Jack White,Male,44,Soweto,South Africa
98,Emily Khan,Female,44,Boksburg,South Africa
99,Joseph Turner,Male,48,Rustenburg,South Africa
100,Nozipho Phillips,Female,44,Memphis,USA
101,Yusuf Molefe,Male,35,Johannesburg,South Africa
102,Brittany Thomas,Female,64,Soweto,South Africa
103,Henry Hlongwane,Male,19,Wolverhampton,UK
104,George Harris,Male,26,Sheffield,UK
105,Mandla Turner,Male,38,Pietermaritzburg,South Africa
106,Nozipho Turner,Female,35,Columbus,USA
107,Stephanie Dlamini,Female,48,Roodepoort,South Africa
108,Marcus Molefe,Male,59,Cape Town,South Africa
109,Nkosi Singh,Male,19,San Diego,USA
110,Mohammed Khumalo,Male,54,Newcastle,UK
111,Khanyisile Perez,Female,28,Memphis,USA
112,Sibusiso Naidoo,Male,37,Johannesburg,South Africa
113,Grace Turner,Female,43,Bradford,UK
114,Benjamin Davies,Male,24,San Jose,USA
115,William Davis,Male,40,Portland,USA
116,Isabella Majola,Female,59,Witbank,South Africa
117,Mia Martin,Female,41,Charlotte,USA
118,Dylan Govender,Male,64,Nashville,USA
119,Victoria Hlongwane,Female,67,Columbus,USA
120,Ashley Davies,Female,23,Soweto,South Africa
121,Nhlanhla Robinson,Male,54,Fort Worth,USA
122,Olivia Ngcobo,Female,38,East London,South Africa
123,Amanda Price,Female,39,Benoni,South Africa
124,Emma Johnson,Female,51,Manchester,UK
125,Lesedi Jackson,Male,49,San Diego,USA
126,Ntombifuthi Masondo,Female,46,Chicago,USA
127,Lindiwe Thomas,Female,62,Boksburg,South Africa
128,Aisha Mnguni,Female,40,Roodepoort,South Africa
129,Lauren Martinez,Female,35,Polokwane,South Africa
130,Lesedi Patel,Male,38,Roodepoort,South Africa
131,Bongani Mokoena,Male,65,Memphis,USA
132,Mia Patel,Female,36,Bloemfontein,South Africa
133,Sophia Hlongwane,Female,26,Cape Town,South Africa
134,Phindile Ntuli,Female,58,Belfast,UK
135,Charles Johnson,Male,54,Sandton,South Africa
136,Brittany Reddy,Female,21,Sandton,South Africa
137,Michael Moore,Male,43,Denver,USA
138,Ethan Buthelezi,Male,69,San Jose,USA
139,Nkosi Mthembu,Male,53,Boston,USA
140,Sibusiso Zwane,Male,42,Charlotte,USA
141,Sharon Harris,Female,37,Los Angeles,USA
142,Nhlanhla Khan,Male,58,Durban,South Africa
143,Nkosi Govender,Male,53,Johannesburg,South Africa
144,Samantha Mahlangu,Female,36,Kimberley,South Africa
145,Phindile Martinez,Female,22,Dallas,USA
146,Dylan Khumalo,Male,52,Port Elizabeth,South Africa
147,Melissa Cele,Female,22,Kimberley,South Africa
148,Samantha Mthembu,Female,47,Las Vegas,USA
149,Palesa Majola,Female,52,Chicago,USA
150,Thomas Martin,Male,65,Nelspruit,South Africa
151,George Sithole,Male,61,Wolverhampton,UK
152,Nhlanhla Roberts,Male,54,Bloemfontein,South Africa
153,Anisha Thompson,Female,35,Boksburg,South Africa
154,Bongiwe Masondo,Female,23,Columbus,USA
155,Ashley Ndlovu,Female,28,Sandton,South Africa
156,Sibongile Thomas,Female,70,Los Angeles,USA
157,Ava Scott,Female,34,George,South Africa
158,Kabelo Vilakazi,Male,47,East London,South Africa
159,Victoria Ngcobo,Female,58,Cape Town,South Africa
160,Thabo Ntuli,Male,36,Sandton,South Africa
161,Oliver Evans,Male,63,Roodepoort,South Africa
162,Daniel Jackson,Male,23,Pretoria,South Africa
163,Charlotte Buthelezi,Female,49,Bristol,UK
164,Alexis Shabalala,Female,48,Roodepoort,South Africa
165,Elijah Patel,Male,56,Phoenix,USA
166,Thabo White,Male,39,Plymouth,UK
167,Melissa Smith,Female,36,Denver,USA
168,Sharon Buthelezi,Female,46,Jacksonville,USA
169,Emma Vilakazi,Female,42,Austin,USA
170,Mpho Evans,Male,54,Witbank,South Africa
171,Tyler Mahlangu,Male,63,Coventry,UK
172,Sibongile Buthelezi,Female,49,Glasgow,UK
173,Sharon Zulu,Female,46,Soweto,South Africa
174,Lesedi Cele,Male,44,Glasgow,UK
175,Mohammed Price,Male,39,Fort Worth,USA
176,Joseph Baker,Male,61,Coventry,UK
177,Bongiwe Masondo,Female,52,Durban,South Africa
178,Tebogo Clarke,Male,32,Columbus,USA
179,Nhlanhla Zulu,Male,46,Kimberley,South Africa
180,Harry Green,Male,68,Rustenburg,South Africa
181,Madison Cele,Female,33,Denver,USA
182,Sipho Govender,Male,23,Fort Worth,USA
183,Yusuf Cele,Male,32,Dallas,USA
184,Ayanda Johnson,Female,69,San Jose,USA
185,Jack Thompson,Male,40,Bristol,UK
186,Phindile Hughes,Female,47,Bradford,UK
187,Rebecca Shabalala,Female,24,Boksburg,South Africa
188,Grace Walker,Female,62,George,South Africa
189,Sophia Miller,Female,56,San Jose,USA
190,Lucas Carter,Male,32,Boston,USA
191,Nobuhle Mkhize,Female,58,Cape Town,South Africa
192,Jennifer Thompson,Female,20,Memphis,USA
193,George Walker,Male,38,Philadelphia,USA
194,Mason Vilakazi,Male,41,Dallas,USA
195,Mandla Shabalala,Male,69,Pietermaritzburg,South Africa
196,Jordan Taylor,Male,27,San Diego,USA
197,Rebecca Mitchell,Female,23,New York,USA
198,Neha Mthembu,Female,47,Nelspruit,South Africa
199,Melissa Perez,Female,24,Atlanta,USA
200,Henry Green,Male,57,Durban,South Africa
201,Barbara Hall,Female,59,Port Elizabeth,South Africa
202,Harry Hall,Male,49,Polokwane,South Africa
203,Elijah Martinez,Male,41,Memphis,USA
204,Hannah Buthelezi,Female,44,Atlanta,USA
205,Palesa Brown,Female,62,Soweto,South Africa
206,Nompumelelo Mitchell,Female,24,Leicester,UK
207,Emily Anderson,Female,35,Pretoria,South Africa
208,Ava Mokoena,Female,59,New York,USA
209,William Baker,Male,33,Wolverhampton,UK
210,Jack Khan,Male,55,Polokwane,South Africa
211,Khanyisile Cele,Female,68,London,UK
212,Rebecca Cele,Female,26,Philadelphia,USA
213,Kabelo Jones,Male,26,Polokwane,South Africa
214,Olivia Govender,Female,34,Witbank,South Africa
215,Khulekani Moore,Male,48,Rustenburg,South Africa
216,Nathan Majola,Male,32,Birmingham,UK
217,Brianna Jones,Female,21,Coventry,UK
218,Nobuhle Ndlovu,Female,49,Charlotte,USA
219,Christopher Dlamini,Male,38,Chicago,USA
220,Thabo Green,Male,42,Plymouth,UK
221,Brianna Majola,Female,56,Pretoria,South Africa
222,Dylan Garcia,Male,32,Soweto,South Africa
223,Alexis Zulu,Female,38,Nelspruit,South Africa
224,Ella Mahlangu,Female,22,Durban,South Africa
225,Dylan Zulu,Male,65,Phoenix,USA
226,Benjamin Baker,Male,60,Rustenburg,South Africa
227,Sharon Miller,Female,36,Jacksonville,USA
228,Samuel Majola,Male,31,Sandton,South Africa
229,Joseph Ndlovu,Male,40,Leicester,UK
230,Nhlanhla Lewis,Male,54,Witbank,South Africa
231,Lucas Roberts,Male,19,Kimberley,South Africa
232,Lauren Smith,Female,29,Wolverhampton,UK
233,Isabella Cele,Female,65,New York,USA
234,Khulekani Mnguni,Male,31,Soweto,South Africa
235,Nomsa Perez,Female,37,Louisville,USA
236,Thomas Miller,Male,27,Benoni,South Africa
237,Tshepo Dlamini,Male,35,Witbank,South Africa
238,Sofia Thompson,Female,44,Randburg,South Africa
239,Marcus Martin,Male,25,Boksburg,South Africa
240,Anisha Wood,Female,20,Benoni,South Africa
241,James Khan,Male,37,Glasgow,UK
242,Nandi Green,Female,25,Witbank,South Africa
243,Mason Turner,Male,52,Miami,USA
244,Isabella Anderson,Female,65,Johannesburg,South Africa
245,Barbara Taylor,Female,38,Denver,USA
246,Ntombi White,Female,36,Johannesburg,South Africa
247,Nomsa Martinez,Female,62,Manchester,UK
248,Rebecca Ndlovu,Female,33,George,South Africa
249,Caleb Wood,Male,65,Pietermaritzburg,South Africa
250,Jack Kunene,Male,58,Randburg,South Africa
251,Christopher Nelson,Male,40,Nashville,USA
252,Nkosi Ndlovu,Male,27,Bloemfontein,South Africa
253,Nhlanhla Taylor,Male,29,Belfast,UK
254,Nozipho Garcia,Female,61,Wolverhampton,UK
255,Sharon Scott,Female,27,Sandton,South Africa
256,Bongiwe Hall,Female,68,Cape Town,South Africa
257,Priya Taylor,Female,37,Los Angeles,USA
258,Jayden Clarke,Male,22,Chicago,USA
259,Brianna Davis,Female,46,Wolverhampton,UK
260,Tyler Mahlangu,Male,50,Cape Town,South Africa
261,Mia Adams,Female,63,Bloemfontein,South Africa
262,Nkosi Thompson,Male,46,Boston,USA
263,Jayden Perez,Male,36,Pietermaritzburg,South Africa
264,William Baker,Male,22,Roodepoort,South Africa
265,Nandi Hughes,Female,64,Derby,UK
266,Brandon Dlamini,Male,55,Jacksonville,USA
267,Ntombifuthi Anderson,Female,26,Chicago,USA
268,Emma Turner,Female,59,Phoenix,USA
269,Lehlohonolo Harris,Male,50,Rustenburg,South Africa
270,Zanele Mokoena,Female,39,Belfast,UK
271,Sandile Mkhize,Male,27,Pretoria,South Africa
272,Kabelo Adams,Male,67,Boston,USA
273,Ella Naidoo,Female,29,Derby,UK
274,Lesedi Thompson,Male,20,Polokwane,South Africa
275,Victoria Clarke,Female,66,Charlotte,USA
276,Arjun Evans,Male,37,Belfast,UK
277,Jayden Thompson,Male,47,Louisville,USA
278,Priya Mnguni,Female,44,Bradford,UK
279,Charles Hughes,Male,21,Jacksonville,USA
280,Karabo Zwane,Male,25,Bloemfontein,South Africa
281,Samantha Kunene,Female,27,Manchester,UK
282,Michael Garcia,Male,40,Nottingham,UK
283,Caleb Majola,Male,41,Durban,South Africa
284,Lindiwe Jones,Female,38,Cardiff,UK
285,Mason Brown,Male,36,Belfast,UK
286,Nhlanhla Mahlangu,Male,46,Chicago,USA
287,Mandla Mokoena,Male,27,Memphis,USA
288,Charlotte Clarke,Female,33,Cape Town,South Africa
289,Ryan Martinez,Male,22,Sandton,South Africa
290,Tebogo Kunene,Male,54,Port Elizabeth,South Africa
291,Madison Smith,Female,57,Boksburg,South Africa
292,Zanele Dlamini,Female,51,Manchester,UK
293,Elijah Mahlangu,Male,20,Jacksonville,USA
294,Nokukhanya Williams,Female,40,Jacksonville,USA
295,Lesedi Ndlovu,Male,67,Louisville,USA
296,Harper Davis,Female,40,Nashville,USA
297,David Robinson,Male,62,Philadelphia,USA
298,Jack Martinez,Male,20,Cape Town,South Africa
299,Thomas Davis,Male,38,Plymouth,UK
300,Melissa Vilakazi,Female,48,East London,South Africa
301,Lauren Miller,Female,59,Pretoria,South Africa
302,Madison Thomas,Female,65,George,South Africa
303,Zanele Ngcobo,Female,62,Miami,USA
304,Amanda Dlamini,Female,64,Witbank,South Africa
305,Arjun Walker,Male,38,Pietermaritzburg,South Africa
306,Lerato Garcia,Female,56,Philadelphia,USA
307,Lauren Garcia,Female,20,Jacksonville,USA
308,Palesa Wilson,Female,22,Fort Worth,USA
309,Priya Naidoo,Female,19,Benoni,South Africa
310,Amelia Ntuli,Female,22,Rustenburg,South Africa
311,Destiny Brown,Female,56,Soweto,South Africa
312,Jasmine Thompson,Female,66,Port Elizabeth,South Africa
313,Kayla Scott,Female,59,Pretoria,South Africa
314,Khulekani Reddy,Male,49,Seattle,USA
315,Mandla Price,Male,63,Benoni,South Africa
316,Phindile Masondo,Female,30,Durban,South Africa
317,Zanele Thompson,Female,23,Cardiff,UK
318,Ntombi Moore,Female,53,San Jose,USA
319,Karabo Govender,Male,68,Polokwane,South Africa
320,Bongani Mkhize,Male,33,New York,USA
321,Emma Perez,Female,47,Stoke-on-Trent,UK
322,Henry Nkosi,Male,22,Sandton,South Africa
323,Khanyisile Jackson,Female,70,Phoenix,USA
324,Ntombifuthi Taylor,Female,46,Miami,USA
325,Harper Reddy,Female,67,Nottingham,UK
326,David Mthembu,Male,51,Bloemfontein,South Africa
327,Tyler Molefe,Male,40,Plymouth,UK
328,Rebecca Dlamini,Female,34,Roodepoort,South Africa
329,Harper Hall,Female,57,Miami,USA
330,Benjamin Buthelezi,Male,28,Memphis,USA
331,Stephanie Davis,Female,70,Manchester,UK
332,Lehlohonolo Price,Male,59,Boksburg,South Africa
333,Victoria Jones,Female,49,Stoke-on-Trent,UK
334,Ntombifuthi Hall,Female,48,George,South Africa
335,Brianna Taylor,Female,62,Soweto,South Africa
336,Aisha Robinson,Female,31,Port Elizabeth,South Africa
337,Sharon Scott,Female,64,Leicester,UK
338,Harper Perez,Female,50,Austin,USA
339,Jordan Mthembu,Male,35,Port Elizabeth,South Africa
340,Noah Walker,Male,42,Nottingham,UK
341,Charles Naidoo,Male,70,Boksburg,South Africa
342,Nokwanda Naidoo,Female,49,Newcastle,UK
343,Patricia Wood,Female,49,George,South Africa
344,Nompumelelo Mokoena,Female,55,Cape Town,South Africa
345,Fatima Mahlangu,Female,36,Houston,USA
346,Harper Price,Female,64,George,South Africa
347,Amelia Thomas,Female,21,San Antonio,USA
348,Emma Clarke,Female,22,Soweto,South Africa
349,Melissa Mthembu,Female,26,Coventry,UK
350,Jennifer Adams,Female,53,Glasgow,UK
351,Lucas Kunene,Male,43,Los Angeles,USA
352,Mason Baker,Male,69,Charlotte,USA
353,Lucas Kunene,Male,26,Benoni,South Africa
354,Nomsa Anderson,Female,57,San Jose,USA
355,Priya Kunene,Female,52,Denver,USA
356,Aisha Williams,Female,41,Pretoria,South Africa
357,Hannah Wood,Female,68,London,UK
358,Ayanda Sithole,Female,64,Sandton,South Africa
359,Vikram Turner,Male,27,Edinburgh,UK
360,Samuel Khumalo,Male,30,Pietermaritzburg,South Africa
361,Ella Jackson,Female,62,Randburg,South Africa
362,Sharon Wilson,Female,63,East London,South Africa
363,Sibongile Shabalala,Female,51,Bloemfontein,South Africa
364,Barbara Hlongwane,Female,39,Portland,USA
365,Victoria Shabalala,Female,30,Liverpool,UK
366,Lindiwe Hall,Female,67,East London,South Africa
367,Ashley Shabalala,Female,40,Memphis,USA
368,Nandi Mthembu,Female,54,Fort Worth,USA
369,Melissa Nelson,Female,67,Bristol,UK
370,Siyanda Dlamini,Male,40,Liverpool,UK
371,Thandeka Singh,Female,70,Seattle,USA
372,Harper Ndlovu,Female,57,San Diego,USA
373,Noah Mnguni,Male,32,Los Angeles,USA
374,Ryan Baker,Male,63,Portland,USA
375,James Naidoo,Male,44,Atlanta,USA
376,Ntombifuthi Singh,Female,66,Cardiff,UK
377,Ntombifuthi Wilson,Female,67,Boksburg,South Africa
378,Arjun Brown,Male,29,Bloemfontein,South Africa
379,David Anderson,Male,68,Memphis,USA
380,Patricia Brown,Female,18,Benoni,South Africa
381,Matthew Baker,Male,36,Nashville,USA
382,Patricia Mkhize,Female,50,San Antonio,USA
383,Brandon Naidoo,Male,64,Dallas,USA
384,James Adams,Male,68,East London,South Africa
385,Henry Thomas,Male,70,Pietermaritzburg,South Africa
386,Caleb Zulu,Male,29,Belfast,UK
387,Susan Davies,Female,18,Polokwane,South Africa
388,Nozipho Roberts,Female,39,Boksburg,South Africa
389,Mandla Mitchell,Male,62,Pretoria,South Africa
390,Lerato Naidoo,Female,43,Las Vegas,USA
391,Phindile Mthembu,Female,58,Bristol,UK
392,Victoria Molefe,Female,32,Belfast,UK
393,Jordan Perez,Male,44,Atlanta,USA
394,Nhlanhla Davies,Male,61,Chicago,USA
395,Anisha Mitchell,Female,22,Leeds,UK
396,David Majola,Male,30,Phoenix,USA
397,Tyler Zwane,Male,46,East London,South Africa
398,Ava Kunene,Female,46,Newcastle,UK
399,Ravi White,Male,47,Seattle,USA
400,Nobuhle Wood,Female,64,Nelspruit,South Africa
401,Khulekani Mokoena,Male,55,Witbank,South Africa
402,Phindile Moore,Female,52,Manchester,UK
403,Amelia Clarke,Female,44,Port Elizabeth,South Africa
404,Jasmine Turner,Female,46,Coventry,UK
405,Ava Vilakazi,Female,26,Jacksonville,USA
406,Themba Hlongwane,Male,43,Memphis,USA
407,David Smith,Male,66,Kimberley,South Africa
408,Nobuhle Vilakazi,Female,45,San Diego,USA
409,Jordan Nelson,Male,27,Pretoria,South Africa
410,Alexander White,Male,57,New York,USA
411,Lungelo Moore,Male,24,Charlotte,USA
412,Nkosi Davis,Male,43,Roodepoort,South Africa
413,Nhlanhla Wilson,Male,26,San Jose,USA
414,Michael Scott,Male,54,Portland,USA
415,Nompumelelo Hall,Female,27,Plymouth,UK
416,Ryan Hall,Male,35,Boksburg,South Africa
417,Tebogo Harris,Male,53,Jacksonville,USA
418,Jennifer Mnguni,Female,38,Columbus,USA
419,Musa Turner,Male,29,Atlanta,USA
420,Joseph Molefe,Male,37,Glasgow,UK
421,Barbara Wilson,Female,53,Witbank,South Africa
422,Elijah Davies,Male,34,Durban,South Africa
423,Rebecca Perez,Female,23,San Antonio,USA
424,Thabo Turner,Male,61,Los Angeles,USA
425,Bongani Mokoena,Male,48,Pietermaritzburg,South Africa
426,Barbara Johnson,Female,31,Leeds,UK
427,Barbara Davies,Female,62,San Antonio,USA
428,Barbara Evans,Female,53,Kimberley,South Africa
429,Brianna Hlongwane,Female,59,Nelspruit,South Africa
430,Priya Ngcobo,Female,47,Sandton,South Africa
431,Barbara Khan,Female,41,Cape Town,South Africa
432,Khulekani Cele,Male,19,Boksburg,South Africa
433,Nandi Buthelezi,Female,30,George,South Africa
434,Yusuf Adams,Male,34,Atlanta,USA
435,Brianna Pillay,Female,64,Philadelphia,USA
436,Lesedi Vilakazi,Male,49,Roodepoort,South Africa
437,Vikram Brown,Male,22,Birmingham,UK
438,Ryan Mkhize,Male,58,Port Elizabeth,South Africa
439,Lungelo Majola,Male,47,Benoni,South Africa
440,Sibongile Masondo,Female,19,Roodepoort,South Africa
441,Sophia Williams,Female,51,Seattle,USA
442,Olivia Majola,Female,70,Columbus,USA
443,Leo Zulu,Male,51,East London,South Africa
444,Melissa Carter,Female,35,Chicago,USA
445,Kayla Martinez,Female,54,Polokwane,South Africa
446,Nobuhle Dlamini,Female,59,Birmingham,UK
447,Caleb Turner,Male,42,Los Angeles,USA
448,Mpho Pillay,Male,23,Columbus,USA
449,Grace Zulu,Female,51,Edinburgh,UK
450,Christopher Mahlangu,Male,35,Durban,South Africa
451,Linda Vilakazi,Female,54,Philadelphia,USA
452,Olivia Khan,Female,55,George,South Africa
453,Musa Naidoo,Male,54,George,South Africa
454,Destiny Mkhize,Female,68,Manchester,UK
455,Emily Zulu,Female,45,Durban,South Africa
456,Sofia Anderson,Female,67,Nelspruit,South Africa
457,Fatima Sithole,Female,40,Fort Worth,USA
458,Zanele Turner,Female,23,San Jose,USA
459,Karabo Taylor,Male,23,George,South Africa
460,Khulekani Phillips,Male,38,Durban,South Africa
461,Musa Thompson,Male,41,Houston,USA
462,George Reddy,Male,45,Roodepoort,South Africa
463,Mia Jones,Female,23,Durban,South Africa
464,Sharon Phillips,Female,18,George,South Africa
465,Lesedi Davies,Male,54,Portland,USA
466,Nomsa Mkhize,Female,35,Sandton,South Africa
467,Jack Pillay,Male,45,Kimberley,South Africa
468,Jennifer Taylor,Female,41,Polokwane,South Africa
469,Sofia Singh,Female,47,Kimberley,South Africa
470,Caleb Baker,Male,57,Pietermaritzburg,South Africa
471,Brittany Martin,Female,70,Derby,UK
472,Musa Green,Male,56,Bradford,UK
473,Ashley Govender,Female,43,Bristol,UK
474,Grace Davies,Female,38,George,South Africa
475,Charlotte Singh,Female,55,Sheffield,UK
476,Lesedi Robinson,Male,63,Kimberley,South Africa
477,Michael Jackson,Male,61,Nashville,USA
478,Nompumelelo Hughes,Female,60,Witbank,South Africa
479,Isabella Garcia,Female,56,Fort Worth,USA
480,Neha Brown,Female,68,Stoke-on-Trent,UK
481,Leo Davies,Male,60,Philadelphia,USA
482,Samuel Thomas,Male,66,Witbank,South Africa
483,James Zulu,Male,34,Randburg,South Africa
484,Nathan Perez,Male,43,Portland,USA
485,Marcus Jones,Male,48,Witbank,South Africa
486,Liam Cele,Male,40,Soweto,South Africa
487,Vikram Shabalala,Male,40,Charlotte,USA
488,Ashley Moore,Female,37,Pretoria,South Africa
489,Joseph Adams,Male,59,Bloemfontein,South Africa
490,Vikram Govender,Male,53,Roodepoort,South Africa
491,Brianna Sithole,Female,69,Bloemfontein,South Africa
492,Tebogo Martin,Male,43,Benoni,South Africa
493,Nathan Harris,Male,42,East London,South Africa
494,Thabo Moore,Male,54,Roodepoort,South Africa
495,Jayden Green,Male,30,Dallas,USA
496,Anisha Scott,Female,56,George,South Africa
497,Marcus Carter,Male,47,Portland,USA
498,Barbara Dlamini,Female,61,Pretoria,South Africa
499,Musa Khumalo,Male,29,Port Elizabeth,South Africa
500,Alexis Mkhize,Female,54,Bloemfontein,South Africa
501,Bongiwe Hlongwane,Female,62,Sheffield,UK
502,Yusuf Clarke,Male,26,Soweto,South Africa
503,Charles Carter,Male,18,San Antonio,USA
504,Emma Majola,Female,59,Portland,USA
505,Alexis Thompson,Female,49,Boksburg,South Africa
506,William Molefe,Male,36,Polokwane,South Africa
507,Nomsa Martinez,Female,54,Louisville,USA
508,Emma Kunene,Female,25,Dallas,USA
509,Neha Davis,Female,66,Seattle,USA
510,Dylan Ndlovu,Male,65,Edinburgh,UK
511,Sharon Brown,Female,46,Durban,South Africa
512,Sharon Mthembu,Female,67,Bradford,UK
513,Sharon Harris,Female,28,San Antonio,USA
514,Alexander Wilson,Male,54,Nelspruit,South Africa
515,Tyler Walker,Male,36,Miami,USA
516,Mason Jackson,Male,21,Glasgow,UK
517,Nkosi Cele,Male,63,Polokwane,South Africa
518,Fatima Cele,Female,54,Nashville,USA
519,Destiny Garcia,Female,22,Louisville,USA
520,Caleb Kunene,Male,65,Rustenburg,South Africa
521,Fatima Green,Female,55,Durban,South Africa
522,Bongiwe Carter,Female,22,Fort Worth,USA
523,Dylan Mokoena,Male,49,Kimberley,South Africa
524,Emma Ntuli,Female,54,Cardiff,UK
525,Harry Zulu,Male,58,Charlotte,USA
526,Liam Naidoo,Male,46,Columbus,USA
527,Mpho Ntuli,Male,59,Nelspruit,South Africa
528,Lehlohonolo Mitchell,Male,34,Bloemfontein,South Africa
529,Caleb Wood,Male,64,San Diego,USA
530,Ntombifuthi Nkosi,Female,63,East London,South Africa
531,Isabella Ntuli,Female,55,Soweto,South Africa
532,James Adams,Male,70,Witbank,South Africa
533,Mohammed Taylor,Male,32,Pretoria,South Africa
534,Tyler Perez,Male,37,Port Elizabeth,South Africa
535,Jack Mnguni,Male,54,Bloemfontein,South Africa
536,Lauren Mokoena,Female,58,Columbus,USA
537,Sharon Mokoena,Female,23,Glasgow,UK
538,Benjamin Phillips,Male,40,Cardiff,UK
539,Nkosi Lewis,Male,59,Roodepoort,South Africa
540,Khanyisile Jones,Female,60,Bradford,UK
541,Khulekani Anderson,Male,36,San Diego,USA
542,Destiny Khumalo,Female,33,Boston,USA
543,Vikram Johnson,Male,41,Glasgow,UK
544,Sharon White,Female,41,Philadelphia,USA
545,Khanyisile Taylor,Female,19,New York,USA
546,Thandeka Davis,Female,21,Coventry,UK
547,Bongiwe Majola,Female,67,George,South Africa
548,Tebogo Hlongwane,Male,52,Dallas,USA
549,Musa Dlamini,Male,50,Glasgow,UK
550,Kayla Moore,Female,37,Memphis,USA
551,Noah Davies,Male,23,Leeds,UK
552,Victoria Wilson,Female,37,Portland,USA
553,Liam Johnson,Male,63,Johannesburg,South Africa
554,Yusuf Nelson,Male,51,Memphis,USA
555,Nomsa Perez,Female,26,Dallas,USA
556,Sibusiso Jones,Male,39,Liverpool,UK
557,Mandla Taylor,Male,49,Jacksonville,USA
558,Yusuf Pillay,Male,41,Pretoria,South Africa
559,Sandile Kunene,Male,18,Johannesburg,South Africa
560,Harry Mahlangu,Male,41,Port Elizabeth,South Africa
561,Matthew Brown,Male,53,Nottingham,UK
562,Tyler Davies,Male,44,Cardiff,UK
563,Melissa Taylor,Female,54,Randburg,South Africa
564,Themba Molefe,Male,69,Los Angeles,USA
565,Isabella Robinson,Female,36,San Jose,USA
566,Ava Martinez,Female,18,Kimberley,South Africa
567,Nokukhanya Davies,Female,47,Sandton,South Africa
568,Lesedi Vilakazi,Male,66,Phoenix,USA
569,Matthew Jackson,Male,19,Rustenburg,South Africa
570,Brandon Smith,Male,66,Memphis,USA
571,Mia Khan,Female,51,Nottingham,UK
572,Emily Cele,Female,63,Cape Town,South Africa
573,Christopher Zwane,Male,44,Jacksonville,USA
574,Nokukhanya Dlamini,Female,55,Port Elizabeth,South Africa
575,Isabella Wilson,Female,45,Phoenix,USA
576,Siyanda Price,Male,38,Coventry,UK
577,Ashley Garcia,Female,35,East London,South Africa
578,Sibusiso Ndlovu,Male,27,Soweto,South Africa
579,Ashley Jackson,Female,25,Louisville,USA
580,Nathan Wood,Male,47,Pretoria,South Africa
581,Sipho Hall,Male,70,Boston,USA
582,Lungelo Green,Male,27,Polokwane,South Africa
583,Kayla Kunene,Female,21,Dallas,USA
584,Oliver Thomas,Male,46,Seattle,USA
585,Leo Robinson,Male,24,Glasgow,UK
586,James Wilson,Male,67,Glasgow,UK
587,Michael Thomas,Male,41,Nashville,USA
588,Benjamin Price,Male,70,Durban,South Africa
589,Christopher Thompson,Male,69,Pietermaritzburg,South Africa
590,Harry Robinson,Male,21,Boksburg,South Africa
591,Melissa Anderson,Female,49,Witbank,South Africa
592,Marcus Mokoena,Male,29,Soweto,South Africa
593,Harry Davies,Male,59,Witbank,South Africa
594,Emily Nkosi,Female,35,Witbank,South Africa
595,Lehlohonolo Mnguni,Male,33,Seattle,USA
596,Elijah Carter,Male,48,Atlanta,USA
597,Barbara Majola,Female,38,Bloemfontein,South Africa
598,Tyler Molefe,Male,19,Liverpool,UK
599,Alexander Mahlangu,Male,51,Boksburg,South Africa
600,Sipho Zulu,Male,33,Dallas,USA
601,Nhlanhla Molefe,Male,54,Coventry,UK
602,Susan Govender,Female,29,Pietermaritzburg,South Africa
603,Barbara Jones,Female,63,Denver,USA
604,Samuel Patel,Male,69,Belfast,UK
605,Zanele Masondo,Female,20,Polokwane,South Africa
606,Oliver Mnguni,Male,48,Benoni,South Africa
607,Alexander Ntuli,Male,39,Austin,USA
608,Oliver Cele,Male,55,Phoenix,USA
609,Joseph Mnguni,Male,41,Leicester,UK
610,Hannah Zulu,Female,39,Port Elizabeth,South Africa
611,Lesedi Martin,Male,68,Atlanta,USA
612,Zanele Carter,Female,32,Philadelphia,USA
613,Lerato Walker,Female,26,Johannesburg,South Africa
614,Rebecca Brown,Female,29,Boston,USA
615,Tebogo Ndlovu,Male,49,Durban,South Africa
616,Marcus Scott,Male,28,Chicago,USA
617,Samantha Johnson,Female,34,Durban,South Africa
618,Ayanda Ndlovu,Female,64,George,South Africa
619,Busisiwe White,Female,28,Belfast,UK
620,Lauren Vilakazi,Female,42,Sandton,South Africa
621,Sipho Garcia,Male,22,Los Angeles,USA
622,Olivia Scott,Female,34,Manchester,UK
623,Nomsa Turner,Female,28,Seattle,USA
624,Brandon Shabalala,Male,63,Bloemfontein,South Africa
625,Nomsa Miller,Female,24,East London,South Africa
626,Phindile Vilakazi,Female,34,San Jose,USA
627,Leo Miller,Male,43,Atlanta,USA
628,Noah Mitchell,Male,18,Kimberley,South Africa
629,Nokwanda Zulu,Female,19,Kimberley,South Africa
630,Mohammed Khumalo,Male,37,Atlanta,USA
631,Linda Price,Female,23,Fort Worth,USA
632,Jayden Turner,Male,41,Cape Town,South Africa
633,Samantha Robinson,Female,34,Nelspruit,South Africa
634,Ethan Zulu,Male,23,Seattle,USA
635,Nozipho Sithole,Female,53,George,South Africa
636,Neha Mahlangu,Female,54,Belfast,UK
637,Ava Anderson,Female,63,Boksburg,South Africa
638,Liam Garcia,Male,29,Sheffield,UK
639,Alexander Patel,Male,26,Durban,South Africa
640,Nokwanda Cele,Female,56,Durban,South Africa
641,Elijah Anderson,Male,53,Nelspruit,South Africa
642,Barbara Johnson,Female,68,Denver,USA
643,Charlotte White,Female,27,Boksburg,South Africa
644,Matthew Ndlovu,Male,54,San Jose,USA
645,Patricia Jackson,Female,34,Sandton,South Africa
646,Amelia Govender,Female,35,Benoni,South Africa
647,Amelia Anderson,Female,39,Los Angeles,USA
648,Barbara Roberts,Female,41,Kimberley,South Africa
649,Palesa Masondo,Female,62,San Diego,USA
650,Musa Thompson,Male,67,Liverpool,UK
651,Sofia Nkosi,Female,30,Witbank,South Africa
652,Nozipho Zwane,Female,41,Plymouth,UK
653,Jack Wood,Male,63,Phoenix,USA
654,Themba Patel,Male,30,Edinburgh,UK
655,Jordan Miller,Male,41,Dallas,USA
656,Melissa Robinson,Female,50,Pretoria,South Africa
657,Nkosi Perez,Male,49,Philadelphia,USA
658,Hannah Nelson,Female,40,Nelspruit,South Africa
659,Siyanda Jones,Male,42,Boksburg,South Africa
660,Joseph Molefe,Male,59,East London,South Africa
661,Ntombifuthi Jackson,Female,50,Johannesburg,South Africa
662,Barbara Ntuli,Female,59,Johannesburg,South Africa
663,Mandla Wood,Male,63,Liverpool,UK
664,Linda Turner,Female,40,San Antonio,USA
665,Lerato Zwane,Female,70,Denver,USA
666,James Kunene,Male,60,Leicester,UK
667,Lerato Ndlovu,Female,48,Nelspruit,South Africa
668,Sharon Lewis,Female,34,Nashville,USA
669,Nokwanda Buthelezi,Female,51,Los Angeles,USA
670,Sibongile Scott,Female,61,Johannesburg,South Africa
671,Nandi Price,Female,44,Cape Town,South Africa
672,Brandon Molefe,Male,61,Atlanta,USA
673,Priya Hall,Female,28,Stoke-on-Trent,UK
674,Siyanda Zulu,Male,48,Nelspruit,South Africa
675,Tshepo Baker,Male,59,Rustenburg,South Africa
676,Khulekani Wood,Male,44,Austin,USA
677,Ayanda Walker,Female,47,Belfast,UK
678,Charles Taylor,Male,48,Plymouth,UK
679,Charles Turner,Male,51,Cape Town,South Africa
680,Mason Singh,Male,39,Boksburg,South Africa
681,Ella Scott,Female,63,Durban,South Africa
682,Brittany Govender,Female,38,New York,USA
683,Palesa Khan,Female,66,Denver,USA
684,Yusuf Nkosi,Male,26,Nashville,USA
685,Kayla Harris,Female,48,Cape Town,South Africa
686,Lesedi Perez,Male,18,Plymouth,UK
687,Oliver Smith,Male,58,San Diego,USA
688,Lerato Ntuli,Female,24,Boksburg,South Africa
689,Nomsa Moore,Female,70,Kimberley,South Africa
690,Busisiwe Zwane,Female,56,Columbus,USA
691,Brandon Masondo,Male,40,Philadelphia,USA
692,Olivia Sithole,Female,32,Phoenix,USA
693,Lesedi Williams,Male,55,Houston,USA
694,Ntombi Brown,Female,42,Liverpool,UK
695,Lucas Miller,Male,60,Johannesburg,South Africa
696,Mpho Khumalo,Male,44,Pretoria,South Africa
697,Aisha Buthelezi,Female,31,Nashville,USA
698,Musa White,Male,60,Randburg,South Africa
699,Victoria Mkhize,Female,44,Leeds,UK
700,Siyanda Khumalo,Male,68,East London,South Africa
701,Sibusiso Price,Male,51,Leicester,UK
702,Nandi Naidoo,Female,20,San Antonio,USA
703,Brittany Evans,Female,18,Durban,South Africa
704,David Ngcobo,Male,27,Plymouth,UK
705,Lesedi Zulu,Male,34,Charlotte,USA
706,Ayanda Robinson,Female,21,Bloemfontein,South Africa
707,Joseph Walker,Male,41,Cardiff,UK
708,Nokukhanya Khumalo,Female,24,Birmingham,UK
709,Joseph Mkhize,Male,60,Austin,USA
710,Linda Thompson,Female,57,Durban,South Africa
711,Melissa Adams,Female,29,George,South Africa
712,Palesa Phillips,Female,62,Nottingham,UK
713,Liam Ntuli,Male,62,Philadelphia,USA
714,Ryan Shabalala,Male,69,Charlotte,USA
715,Henry Turner,Male,67,Johannesburg,South Africa
716,Mohammed Masondo,Male,25,Newcastle,UK
717,Jack Price,Male,59,Randburg,South Africa
718,Kabelo Adams,Male,51,Las Vegas,USA
719,Dylan Davies,Male,48,George,South Africa
720,David Miller,Male,18,Philadelphia,USA
721,Rebecca Ngcobo,Female,28,Sandton,South Africa
722,Nompumelelo Baker,Female,35,Polokwane,South Africa
723,Kayla Evans,Female,23,Denver,USA
724,Ava Ngcobo,Female,46,Sandton,South Africa
725,Leo Thomas,Male,44,Roodepoort,South Africa
726,Michael Nkosi,Male,68,Boston,USA
727,Patricia Kunene,Female,53,Soweto,South Africa
728,Jasmine Miller,Female,70,Soweto,South Africa
729,Emma Mahlangu,Female,63,Las Vegas,USA
730,Charlotte Zulu,Female,66,New York,USA
731,Lauren Walker,Female,53,Las Vegas,USA
732,Harry Pillay,Male,49,Witbank,South Africa
733,Mandla Singh,Male,30,George,South Africa
734,Jordan Patel,Male,63,Witbank,South Africa
735,Matthew Mthembu,Male,67,Newcastle,UK
736,Yusuf Smith,Male,51,Seattle,USA
737,Stephanie Shabalala,Female,50,Philadelphia,USA
738,Lesedi Ntuli,Male,24,Benoni,South Africa
739,Priya Phillips,Female,44,Edinburgh,UK
740,Kayla Adams,Female,36,Phoenix,USA
741,Ryan Kunene,Male,37,Stoke-on-Trent,UK
742,Ntombi Mokoena,Female,30,Kimberley,South Africa
743,Barbara Ntuli,Female,63,Philadelphia,USA
744,Ntombi Khumalo,Female,66,Sandton,South Africa
745,Nobuhle Hlongwane,Female,36,Nottingham,UK
746,Vikram Ndlovu,Male,19,Cape Town,South Africa
747,Bongani Roberts,Male,66,San Jose,USA
748,Ella Wilson,Female,62,San Antonio,USA
749,Marcus Garcia,Male,24,Portland,USA
750,Khulekani Phillips,Male,33,Las Vegas,USA
751,Phindile Miller,Female,42,Pietermaritzburg,South Africa
752,James Hughes,Male,30,Louisville,USA
753,Stephanie Molefe,Female,58,Nashville,USA
754,Nozipho Vilakazi,Female,65,Louisville,USA
755,Siyanda Garcia,Male,29,Manchester,UK
756,Themba Kunene,Male,25,Witbank,South Africa
757,Emma Price,Female,26,Nelspruit,South Africa
758,Brandon Robinson,Male,63,Birmingham,UK
759,Matthew Green,Male,56,Benoni,South Africa
760,Fatima Carter,Female,22,Austin,USA
761,Themba Zwane,Male,22,Philadelphia,USA
762,Neha Hlongwane,Female,43,Polokwane,South Africa
763,Kabelo Baker,Male,39,East London,South Africa
764,Emma Johnson,Female,25,Charlotte,USA
765,Christopher Davies,Male,20,Austin,USA
766,Barbara Khumalo,Female,42,Kimberley,South Africa
767,Andrew Zwane,Male,70,Miami,USA
768,Fatima Davis,Female,36,Bradford,UK
769,Priya Dlamini,Female,24,Roodepoort,South Africa
770,Tebogo Moore,Male,31,Louisville,USA
771,Charles Harris,Male,24,Witbank,South Africa
772,Khulekani Buthelezi,Male,19,Austin,USA
773,George Taylor,Male,21,Nelspruit,South Africa
774,Samuel Sithole,Male,34,Soweto,South Africa
775,Madison Scott,Female,19,Pretoria,South Africa
776,Lehlohonolo Moore,Male,66,Los Angeles,USA
777,Marcus Majola,Male,24,Kimberley,South Africa
778,Siyanda Thompson,Male,42,Johannesburg,South Africa
779,Nomsa Hlongwane,Female,32,George,South Africa
780,Bongiwe Cele,Female,37,Memphis,USA
781,Sophia Cele,Female,25,Boksburg,South Africa
782,Neha Dlamini,Female,37,Rustenburg,South Africa
783,Ryan Kunene,Male,27,Polokwane,South Africa
784,Nokwanda Khumalo,Female,29,Denver,USA
785,Joseph Robinson,Male,59,San Jose,USA
786,Mandla Zulu,Male,30,Atlanta,USA
787,Lauren Ntuli,Female,60,Houston,USA
788,Victoria Moore,Female,30,Soweto,South Africa
789,Victoria Wood,Female,62,Denver,USA
790,Amanda Scott,Female,45,Pietermaritzburg,South Africa
791,William Molefe,Male,63,Columbus,USA
792,Stephanie Mitchell,Female,26,Austin,USA
793,Brianna Garcia,Female,40,Atlanta,USA
794,Themba Dlamini,Male,35,Glasgow,UK
795,Mandla Taylor,Male,64,Johannesburg,South Africa
796,Michael Thomas,Male,67,Los Angeles,USA
797,Neha Vilakazi,Female,48,Phoenix,USA
798,Kayla Molefe,Female,67,San Jose,USA
799,Jordan Majola,Male,50,Rustenburg,South Africa
800,Kabelo Evans,Male,69,Sheffield,UK
801,Nathan Naidoo,Male,29,Denver,USA
802,Khulekani Shabalala,Male,40,Sandton,South Africa
803,Jack Price,Male,41,East London,South Africa
804,Destiny Mahlangu,Female,47,Birmingham,UK
805,Mia Zwane,Female,58,Liverpool,UK
806,Elijah Turner,Male,41,Chicago,USA
807,Destiny Molefe,Female,51,Rustenburg,South Africa
808,Jennifer Shabalala,Female,56,Port Elizabeth,South Africa
809,Nomsa Sithole,Female,22,Dallas,USA
810,Ethan Reddy,Male,28,Pretoria,South Africa
811,Ryan Baker,Male,64,Sandton,South Africa
812,Thandeka Naidoo,Female,59,London,UK
813,Harry Ntuli,Male,54,Phoenix,USA
814,Christopher Cele,Male,21,Bloemfontein,South Africa
815,Sofia Williams,Female,64,San Jose,USA
816,Lungelo Garcia,Male,56,Belfast,UK
817,Sandile Jackson,Male,56,Boksburg,South Africa
818,Henry Kunene,Male,34,Pietermaritzburg,South Africa
819,Sofia Moore,Female,32,Port Elizabeth,South Africa
820,Oliver Singh,Male,51,Plymouth,UK
821,Melissa Buthelezi,Female,56,Sandton,South Africa
822,Thomas Hlongwane,Male,50,Chicago,USA
823,Sibongile Ntuli,Female,56,New York,USA
824,Anisha White,Female,41,Plymouth,UK
825,Lindiwe Shabalala,Female,68,Jacksonville,USA
826,Dylan Mkhize,Male,34,San Diego,USA
827,Siyanda Vilakazi,Male,44,Johannesburg,South Africa
828,Samuel Zwane,Male,25,Fort Worth,USA
829,Mpho Scott,Male,44,Port Elizabeth,South Africa
830,Ntombifuthi Hughes,Female,34,Nottingham,UK
831,Victoria Lewis,Female,61,East London,South Africa
832,Emma Shabalala,Female,29,Roodepoort,South Africa
833,Ayanda Wood,Female,54,George,South Africa
834,Joseph Mthembu,Male,65,Bloemfontein,South Africa
835,Lungelo Kunene,Male,43,Seattle,USA
836,Sipho Phillips,Male,58,Durban,South Africa
837,Mohammed Martin,Male,23,Polokwane,South Africa
838,Ava Brown,Female,64,George,South Africa
839,Ntombi Wilson,Female,67,Belfast,UK
840,Sophia Singh,Female,60,Plymouth,UK
841,Nokwanda Brown,Female,68,Miami,USA
842,Henry Pillay,Male,61,Polokwane,South Africa
843,Sipho Nkosi,Male,35,Jacksonville,USA
844,Kayla Singh,Female,51,Durban,South Africa
845,Daniel Clarke,Male,64,Wolverhampton,UK
846,Lauren Lewis,Female,32,San Antonio,USA
847,Susan Thomas,Female,54,Bloemfontein,South Africa
848,Priya Ndlovu,Female,53,Kimberley,South Africa
849,Charlotte Kunene,Female,34,Wolverhampton,UK
850,Phindile Thompson,Female,42,Louisville,USA
851,Nhlanhla Adams,Male,67,Charlotte,USA
852,Mohammed Khumalo,Male,34,Polokwane,South Africa
853,Alexander Scott,Male,44,Plymouth,UK
854,Mpho Price,Male,33,George,South Africa
855,Isabella Govender,Female,48,East London,South Africa
856,Zanele Patel,Female,49,San Diego,USA
857,Charles Price,Male,31,Polokwane,South Africa
858,Ella Ndlovu,Female,25,Belfast,UK
859,Nhlanhla Vilakazi,Male,20,Leicester,UK
860,Fatima Lewis,Female,49,Randburg,South Africa
861,Kayla Molefe,Female,66,Los Angeles,USA
862,Aisha Vilakazi,Female,20,Fort Worth,USA
863,Jordan Mthembu,Male,62,Austin,USA
864,James Khan,Male,42,Austin,USA
865,Victoria Price,Female,29,San Diego,USA
866,Aisha Adams,Female,41,Witbank,South Africa
867,Ryan Perez,Male,41,Liverpool,UK
868,Zanele Ntuli,Female,54,Houston,USA
869,Amanda Evans,Female,53,George,South Africa
870,Ethan Buthelezi,Male,48,Sheffield,UK
871,Fatima Mkhize,Female,58,Memphis,USA
872,Jennifer Masondo,Female,37,Boksburg,South Africa
873,Caleb Zulu,Male,62,East London,South Africa
874,Aisha Zulu,Female,46,Dallas,USA
875,Jasmine Hughes,Female,40,Pretoria,South Africa
876,Sharon Singh,Female,54,Nashville,USA
877,Sibusiso Clarke,Male,40,Randburg,South Africa
878,Khanyisile Garcia,Female,23,Kimberley,South Africa
879,Bongiwe Cele,Female,28,Austin,USA
880,Bongiwe Thomas,Female,22,Pietermaritzburg,South Africa
881,Tyler Scott,Male,59,Nelspruit,South Africa
882,Palesa Thompson,Female,67,Leicester,UK
883,Alexis Pillay,Female,29,Glasgow,UK
884,Kabelo Hughes,Male,65,Chicago,USA
885,Sipho Anderson,Male,24,Sandton,South Africa
886,Oliver Anderson,Male,51,Chicago,USA
887,Mandla Buthelezi,Male,23,Fort Worth,USA
888,Lindiwe Davies,Female,65,Port Elizabeth,South Africa
889,Vikram Pillay,Male,19,Rustenburg,South Africa
890,Sharon Mahlangu,Female,47,Stoke-on-Trent,UK
891,Emma Thompson,Female,26,Stoke-on-Trent,UK
892,Benjamin Martinez,Male,58,Denver,USA
893,Anisha Hlongwane,Female,37,Belfast,UK
894,Alexander Nkosi,Male,46,Witbank,South Africa
895,Ella Hall,Female,18,Port Elizabeth,South Africa
896,Nandi Mahlangu,Female,52,Sandton,South Africa
897,Lerato Johnson,Female,67,Kimberley,South Africa
898,William Smith,Male,53,Witbank,South Africa
899,Kayla Davies,Female,28,Nashville,USA
900,Stephanie Turner,Female,32,Witbank,South Africa
901,Vikram Roberts,Male,36,Seattle,USA
902,Alexis Patel,Female,22,Kimberley,South Africa
903,Tebogo Martinez,Male,57,Las Vegas,USA
904,Nokwanda Green,Female,19,Roodepoort,South Africa
905,Themba Ndlovu,Male,36,Soweto,South Africa
906,Sandile Nkosi,Male,27,East London,South Africa
907,Alexis Wood,Female,68,Jacksonville,USA
908,Phindile Brown,Female,39,Port Elizabeth,South Africa
909,Thabo Anderson,Male,22,Philadelphia,USA
910,Christopher Hughes,Male,70,Johannesburg,South Africa
911,Sibusiso Davies,Male,42,Charlotte,USA
912,Khulekani Brown,Male,30,Louisville,USA
913,Vikram Khan,Male,48,Kimberley,South Africa
914,Nomsa Davis,Female,65,Plymouth,UK
915,Mandla Shabalala,Male,58,Rustenburg,South Africa
916,Charles Mokoena,Male,25,Witbank,South Africa
917,Sophia Pillay,Female,68,Pretoria,South Africa
918,Jennifer Davies,Female,18,Wolverhampton,UK
919,Phindile Buthelezi,Female,41,San Diego,USA
920,Yusuf Nkosi,Male,61,Louisville,USA
921,Noah Carter,Male,59,Roodepoort,South Africa
922,Mason Masondo,Male,32,Roodepoort,South Africa
923,Amanda Thompson,Female,64,George,South Africa
924,Busisiwe Mkhize,Female,34,Belfast,UK
925,Emma Walker,Female,52,San Antonio,USA
926,Arjun Nelson,Male,38,Dallas,USA
927,Jack Mnguni,Male,27,Nelspruit,South Africa
928,Brianna Smith,Female,67,Fort Worth,USA
929,Thomas Williams,Male,57,Derby,UK
930,Tyler Moore,Male,60,Coventry,UK
931,Vikram Ngcobo,Male,67,Boston,USA
932,Ashley Jackson,Female,59,Pretoria,South Africa
933,Harry Ntuli,Male,29,Bradford,UK
934,Yusuf Patel,Male,24,George,South Africa
935,Anisha Hughes,Female,21,Benoni,South Africa
936,James Khan,Male,59,Chicago,USA
937,Amanda Wilson,Female,41,Columbus,USA
938,Jennifer Wilson,Female,70,Miami,USA
939,Lesedi Taylor,Male,37,East London,South Africa
940,Leo Sithole,Male,52,East London,South Africa
941,Samuel Govender,Male,53,Columbus,USA
942,Sibusiso Carter,Male,61,Portland,USA
943,Patricia Ndlovu,Female,28,Seattle,USA
944,Priya Adams,Female,60,Benoni,South Africa
945,Susan Carter,Female,38,Austin,USA
946,Alexis Martin,Female,70,Boston,USA
947,Samuel Vilakazi,Male,31,Roodepoort,South Africa
948,Jasmine Garcia,Female,46,London,UK
949,Siyanda Williams,Male,51,Kimberley,South Africa
950,Musa Molefe,Male,31,London,UK
951,Barbara Kunene,Female,53,Denver,USA
952,Leo Brown,Male,47,Port Elizabeth,South Africa
953,Jasmine Davies,Female,32,Kimberley,South Africa
954,Samuel Thomas,Male,54,Manchester,UK
955,Jennifer Shabalala,Female,29,Las Vegas,USA
956,Lucas Hall,Male,20,Denver,USA
957,Ava Wilson,Female,67,Witbank,South Africa
958,Susan Mthembu,Female,67,Benoni,South Africa
959,Tebogo Turner,Male,21,Cape Town,South Africa
960,Neha Buthelezi,Female,38,San Diego,USA
961,Noah Anderson,Male,46,Denver,USA
962,Sandile Martin,Male,36,Phoenix,USA
963,Brandon Dlamini,Male,48,Los Angeles,USA
964,Ayanda Dlamini,Female,43,Louisville,USA
965,Nhlanhla Mkhize,Male,48,Atlanta,USA
966,Ntombifuthi Singh,Female,53,Memphis,USA
967,Nkosi Taylor,Male,35,Austin,USA
968,Liam Jackson,Male,45,East London,South Africa
969,Lauren Jones,Female,67,Rustenburg,South Africa
970,Victoria Cele,Female,46,Polokwane,South Africa
971,Tshepo Perez,Male,27,Chicago,USA
972,Khulekani Miller,Male,33,Glasgow,UK
973,Sophia Adams,Female,62,Bristol,UK
974,Aisha Williams,Female,39,Roodepoort,South Africa
975,Lungelo Vilakazi,Male,51,Seattle,USA
976,Victoria Cele,Female,62,New York,USA
977,Hannah Mnguni,Female,20,Cape Town,South Africa
978,Nokwanda Roberts,Female,21,New York,USA
979,Elijah Roberts,Male,60,Leicester,UK
980,Oliver Walker,Male,59,George,South Africa
981,Christopher Scott,Male,49,Stoke-on-Trent,UK
982,Themba Singh,Male,50,Stoke-on-Trent,UK
983,Harry Davies,Male,51,Sandton,South Africa
984,Nokukhanya Naidoo,Female,19,Rustenburg,South Africa
985,Bongiwe Hall,Female,33,Plymouth,UK
986,Amanda Wilson,Female,58,George,South Africa
987,Daniel Lewis,Male,32,George,South Africa
988,George Turner,Male,51,Derby,UK
989,Ryan Evans,Male,54,Kimberley,South Africa
990,Samantha Vilakazi,Female,26,Port Elizabeth,South Africa
991,Charles Mkhize,Male,37,Miami,USA
992,Dylan Cele,Male,59,Sheffield,UK
993,Isabella Hlongwane,Female,64,Pietermaritzburg,South Africa
994,Lesedi Jones,Male,66,Witbank,South Africa
995,Lerato Thompson,Female,65,Liverpool,UK
996,Sibusiso Patel,Male,24,Johannesburg,South Africa
997,Sofia Sithole,Female,56,Johannesburg,South Africa
998,Ava Shabalala,Female,26,Boston,USA
999,Ntombi Perez,Female,29,Belfast,UK
1000,Harper Naidoo,Female,30,Witbank,South Africa
1001,Matthew Roberts,Male,44,East London,South Africa
1002,Jack Govender,Male,46,Belfast,UK
1003,Sharon Martinez,Female,33,Cape Town,South Africa
1004,Busisiwe Scott,Female,43,Memphis,USA
1005,Vikram Ndlovu,Male,46,Los Angeles,USA
1006,Vikram Hlongwane,Male,43,Birmingham,UK
1007,Anisha Miller,Female,30,George,South Africa
1008,Khanyisile Clarke,Female,47,Kimberley,South Africa
1009,Mpho Zwane,Male,27,Nashville,USA
1010,Ava Majola,Female,25,Boksburg,South Africa
1011,Caleb Jackson,Male,38,Philadelphia,USA
1012,Hannah Singh,Female,47,Pietermaritzburg,South Africa
1013,Karabo Mthembu,Male,23,Soweto,South Africa
1014,Ava Mnguni,Female,63,Randburg,South Africa
1015,Elijah Turner,Male,20,Austin,USA
1016,Sipho Cele,Male,29,Los Angeles,USA
1017,Lerato Wood,Female,64,Charlotte,USA
1018,Bongiwe Reddy,Female,25,Bradford,UK
1019,Henry Hughes,Male,18,Atlanta,USA
1020,Lucas Ngcobo,Male,33,Sandton,South Africa
1021,Alexis Thompson,Female,23,New York,USA
1022,Thomas Lewis,Male,57,San Antonio,USA
1023,Themba Cele,Male,21,Los Angeles,USA
1024,Joseph Brown,Male,60,Boston,USA
1025,Brittany Nkosi,Female,21,Bloemfontein,South Africa
1026,Tshepo Clarke,Male,57,Las Vegas,USA
1027,Jordan Mitchell,Male,20,Kimberley,South Africa
1028,Jasmine Turner,Female,70,Witbank,South Africa
1029,Siyanda Mahlangu,Male,26,Nelspruit,South Africa
1030,Anisha Jackson,Female,51,East London,South Africa
1031,Leo Mnguni,Male,23,Las Vegas,USA
1032,Madison Scott,Female,34,Boston,USA
1033,Susan Ntuli,Female,57,Miami,USA
1034,Fatima Reddy,Female,57,Kimberley,South Africa
1035,James Mthembu,Male,19,Houston,USA
1036,Alexander White,Male,44,Rustenburg,South Africa
1037,James Singh,Male,62,Durban,South Africa
1038,Lerato Majola,Female,53,Johannesburg,South Africa
1039,Tshepo Baker,Male,39,Boksburg,South Africa
1040,David Govender,Male,30,Pietermaritzburg,South Africa
1041,Barbara Mahlangu,Female,69,Port Elizabeth,South Africa
1042,Ella Martinez,Female,52,Newcastle,UK
1043,Susan Wilson,Female,51,Pietermaritzburg,South Africa
1044,Lungelo Baker,Male,69,Leicester,UK
1045,Ethan Lewis,Male,19,George,South Africa
1046,Samuel Phillips,Male,29,Louisville,USA
1047,Ntombi Scott,Female,63,Witbank,South Africa
1048,Yusuf Evans,Male,41,San Jose,USA
1049,Vikram Hall,Male,29,Cape Town,South Africa
1050,Andrew Nkosi,Male,46,Atlanta,USA
1051,Bongani Adams,Male,48,Miami,USA
1052,Khanyisile Green,Female,27,Houston,USA
1053,Lungelo Brown,Male,47,Randburg,South Africa
1054,James Wood,Male,20,Boston,USA
1055,Brandon Robinson,Male,20,Kimberley,South Africa
1056,Samuel Wood,Male,58,Cardiff,UK
1057,Bongani Clarke,Male,35,Louisville,USA
1058,Sibongile Mthembu,Female,35,Nelspruit,South Africa
1059,James Kunene,Male,24,Rustenburg,South Africa
1060,Palesa Cele,Female,63,Wolverhampton,UK
1061,Sipho Taylor,Male,37,Austin,USA
1062,Emily Ntuli,Female,19,Portland,USA
1063,Leo Phillips,Male,21,George,South Africa
1064,Karabo Garcia,Male,57,Pietermaritzburg,South Africa
1065,Karabo Hlongwane,Male,23,Newcastle,UK
1066,George Robinson,Male,24,Portland,USA
1067,Aisha Sithole,Female,32,Benoni,South Africa
1068,Barbara Mitchell,Female,43,Pietermaritzburg,South Africa
1069,Brianna Masondo,Female,19,Pretoria,South Africa
1070,Aisha Robinson,Female,28,Rustenburg,South Africa
1071,Ravi Ndlovu,Male,43,Leeds,UK
1072,Emma Taylor,Female,68,Soweto,South Africa
1073,Hannah Jackson,Female,33,Seattle,USA
1074,Mohammed Phillips,Male,22,Boksburg,South Africa
1075,Jennifer Martin,Female,54,Seattle,USA
1076,Themba Taylor,Male,65,Wolverhampton,UK
1077,Charlotte Robinson,Female,38,Charlotte,USA
1078,Musa Thomas,Male,22,Portland,USA
1079,Ashley Ngcobo,Female,59,Chicago,USA
1080,Michael Mkhize,Male,55,London,UK
1081,Kabelo Buthelezi,Male,46,Fort Worth,USA
1082,Nokwanda Khan,Female,61,Bristol,UK
1083,Barbara Martin,Female,63,Leicester,UK
1084,Benjamin Johnson,Male,57,Coventry,UK
1085,Joseph Walker,Male,21,Roodepoort,South Africa
1086,James Carter,Male,25,London,UK
1087,Dylan Anderson,Male,58,George,South Africa
1088,Destiny Martin,Female,52,Bloemfontein,South Africa
1089,Harper Patel,Female,53,Rustenburg,South Africa
1090,Ella Clarke,Female,60,Johannesburg,South Africa
1091,Lehlohonolo Williams,Male,27,Atlanta,USA
1092,Harper Dlamini,Female,26,Columbus,USA
1093,Linda Harris,Female,57,Randburg,South Africa
1094,Emma Garcia,Female,42,Bloemfontein,South Africa
1095,Sofia Smith,Female,54,Memphis,USA
1096,Karabo Majola,Male,35,Roodepoort,South Africa
1097,Amelia Brown,Female,54,Jacksonville,USA
1098,Benjamin Shabalala,Male,62,Randburg,South Africa
1099,Brianna Zwane,Female,23,Boston,USA
1100,Nkosi Mahlangu,Male,58,Portland,USA
1101,Tshepo Vilakazi,Male,69,Boston,USA
1102,Christopher Adams,Male,52,Atlanta,USA
1103,Priya Mahlangu,Female,54,Columbus,USA
1104,Amanda Walker,Female,36,Benoni,South Africa
1105,Busisiwe Price,Female,21,Denver,USA
1106,Samuel Miller,Male,60,Derby,UK
1107,Siyanda Masondo,Male,23,Durban,South Africa
1108,Ayanda Ntuli,Female,57,Nelspruit,South Africa
1109,Khulekani Khumalo,Male,56,Boksburg,South Africa
1110,Kabelo Garcia,Male,41,Liverpool,UK
1111,Yusuf Reddy,Male,69,Los Angeles,USA
1112,Ava Cele,Female,56,Glasgow,UK
1113,Nozipho Jackson,Female,67,Soweto,South Africa
1114,Lungelo Nelson,Male,21,Louisville,USA
1115,Noah Pillay,Male,47,Kimberley,South Africa
1116,Nokukhanya Hlongwane,Female,32,George,South Africa
1117,Ayanda Cele,Female,51,London,UK
1118,Susan Garcia,Female,42,Miami,USA
1119,Leo Hlongwane,Male,58,Witbank,South Africa
1120,Brittany Roberts,Female,35,Liverpool,UK
1121,Brianna Evans,Female,64,Louisville,USA
1122,Vikram Adams,Male,61,Philadelphia,USA
1123,Emma Johnson,Female,61,Durban,South Africa
1124,Ryan Zulu,Male,51,Soweto,South Africa
1125,Lindiwe Clarke,Female,34,Johannesburg,South Africa
1126,Noah Mokoena,Male,56,Las Vegas,USA
1127,George Ntuli,Male,42,Nashville,USA
1128,Christopher Khumalo,Male,62,Kimberley,South Africa
1129,Sibongile Taylor,Female,58,Dallas,USA
1130,Phindile Green,Female,34,Durban,South Africa
1131,Khanyisile Wilson,Female,42,Cape Town,South Africa
1132,Melissa Price,Female,29,Sandton,South Africa
1133,Henry Anderson,Male,29,Houston,USA
1134,Arjun Martin,Male,31,Houston,USA
1135,Ntombi Price,Female,24,Durban,South Africa
1136,Khanyisile Garcia,Female,19,Glasgow,UK
1137,Matthew Brown,Male,60,Port Elizabeth,South Africa
1138,Linda Anderson,Female,54,Sandton,South Africa
1139,Madison Thomas,Female,64,Chicago,USA
1140,James Phillips,Male,62,Belfast,UK
1141,Samuel Hlongwane,Male,40,Kimberley,South Africa
1142,Emily Nkosi,Female,41,Austin,USA
1143,David Martinez,Male,66,Nashville,USA
1144,Themba Davis,Male,42,San Jose,USA
1145,Linda Ndlovu,Female,58,Atlanta,USA
1146,Thomas Thompson,Male,65,Cape Town,South Africa
1147,Oliver Evans,Male,49,Roodepoort,South Africa
1148,Fatima Hlongwane,Female,69,Johannesburg,South Africa
1149,Brandon Wilson,Male,39,Los Angeles,USA
1150,Charlotte Mokoena,Female,69,Miami,USA
1151,Nobuhle Hlongwane,Female,27,San Diego,USA
1152,Harry Cele,Male,49,Atlanta,USA
1153,Nkosi Ntuli,Male,18,Cape Town,South Africa
1154,Melissa Zulu,Female,47,Denver,USA
1155,Michael Ndlovu,Male,25,Boston,USA
1156,Jack Singh,Male,45,George,South Africa
1157,Charlotte Vilakazi,Female,26,East London,South Africa
1158,Benjamin Govender,Male,39,Nelspruit,South Africa
1159,Nhlanhla White,Male,28,Seattle,USA
1160,Nathan Davies,Male,55,Pretoria,South Africa
1161,Khanyisile Naidoo,Female,19,Manchester,UK
1162,James Govender,Male,23,Denver,USA
1163,Alexis Mahlangu,Female,62,Port Elizabeth,South Africa
1164,Anisha Garcia,Female,44,Bloemfontein,South Africa
1165,Lucas Reddy,Male,63,Chicago,USA
1166,Lauren White,Female,18,San Antonio,USA
1167,Vikram Zulu,Male,57,Roodepoort,South Africa
1168,Jordan Khan,Male,35,Pretoria,South Africa
1169,Tshepo Mahlangu,Male,49,Cape Town,South Africa
1170,Lehlohonolo Mitchell,Male,36,Nelspruit,South Africa
1171,Victoria Martinez,Female,20,Cape Town,South Africa
1172,Sipho Jones,Male,49,Chicago,USA
1173,Lesedi Thompson,Male,55,Columbus,USA
1174,Khulekani Green,Male,32,Austin,USA
1175,Leo Evans,Male,65,East London,South Africa
1176,Linda Molefe,Female,22,Atlanta,USA
1177,Thomas Martin,Male,27,Benoni,South Africa
1178,Zanele Phillips,Female,41,East London,South Africa
1179,Palesa Singh,Female,39,Boksburg,South Africa
1180,Thabo Mkhize,Male,25,Newcastle,UK
1181,Nomsa Adams,Female,32,Derby,UK
1182,William Pillay,Male,54,Edinburgh,UK
1183,Ryan Zwane,Male,49,Bradford,UK
1184,Stephanie Robinson,Female,35,Witbank,South Africa
1185,Nkosi Green,Male,45,Denver,USA
1186,Andrew Smith,Male,44,Birmingham,UK
1187,Busisiwe Majola,Female,20,George,South Africa
1188,Amanda Zulu,Female,46,Chicago,USA
1189,Mpho Jackson,Male,31,Kimberley,South Africa
1190,Lehlohonolo Nkosi,Male,19,San Jose,USA
1191,Karabo Martinez,Male,54,New York,USA
1192,Brianna Mkhize,Female,63,Rustenburg,South Africa
1193,Ntombi Smith,Female,58,Pietermaritzburg,South Africa
1194,Siyanda Harris,Male,66,Benoni,South Africa
1195,William Dlamini,Male,57,Birmingham,UK
1196,Patricia Miller,Female,25,Soweto,South Africa
1197,Jayden Mitchell,Male,29,Las Vegas,USA
1198,Daniel Khan,Male,26,Edinburgh,UK
1199,Lehlohonolo Shabalala,Male,65,Wolverhampton,UK
1200,Nhlanhla Molefe,Male,38,Nelspruit,South Africa
1201,Palesa Miller,Female,22,Soweto,South Africa
1202,Priya Mnguni,Female,25,Seattle,USA
1203,Samantha Perez,Female,69,Las Vegas,USA
1204,Bongani Martinez,Male,23,Bloemfontein,South Africa
1205,Isabella Ndlovu,Female,28,Port Elizabeth,South Africa
1206,Ella Khan,Female,51,London,UK
1207,Alexis Vilakazi,Female,26,Columbus,USA
1208,Nokukhanya Williams,Female,36,Johannesburg,South Africa
1209,David Zwane,Male,59,Boksburg,South Africa
1210,Ntombifuthi Green,Female,49,Las Vegas,USA
1211,Brianna Hall,Female,54,Kimberley,South Africa
1212,William Price,Male,32,San Jose,USA
1213,Ethan Carter,Male,36,Philadelphia,USA
1214,Karabo Hlongwane,Male,36,Bloemfontein,South Africa
1215,Sipho Evans,Male,25,Pietermaritzburg,South Africa
1216,Nathan Price,Male,41,Roodepoort,South Africa
1217,Kabelo Scott,Male,40,Soweto,South Africa
1218,Arjun Hall,Male,25,Coventry,UK
1219,Khanyisile Cele,Female,47,Glasgow,UK
1220,Khulekani Vilakazi,Male,50,Kimberley,South Africa
1221,Linda Walker,Female,66,Wolverhampton,UK
1222,Alexander Thompson,Male,39,Memphis,USA
1223,Linda Davis,Female,26,Houston,USA
1224,Olivia Thomas,Female,57,Newcastle,UK
1225,Ava Green,Female,21,San Antonio,USA
1226,William Lewis,Male,30,Roodepoort,South Africa
1227,Nobuhle Nkosi,Female,50,Sandton,South Africa
1228,Sofia Kunene,Female,21,Leicester,UK
1229,Ella Harris,Female,41,Johannesburg,South Africa
1230,Lauren Nelson,Female,37,Stoke-on-Trent,UK
1231,Lungelo Thompson,Male,65,Newcastle,UK
1232,Nomsa Harris,Female,64,Glasgow,UK
1233,Ethan Khan,Male,37,Miami,USA
1234,Isabella Turner,Female,23,Nelspruit,South Africa
1235,Zanele Robinson,Female,63,Phoenix,USA
1236,Themba Turner,Male,36,Los Angeles,USA
1237,Stephanie Hall,Female,49,Charlotte,USA
1238,Oliver Smith,Male,27,Sandton,South Africa
1239,Lehlohonolo Clarke,Male,44,Polokwane,South Africa
1240,Liam Lewis,Male,49,Manchester,UK
1241,Hannah Shabalala,Female,54,Nelspruit,South Africa
1242,Phindile Mthembu,Female,41,Denver,USA
1243,Joseph Price,Male,28,Phoenix,USA
1244,Brianna Mkhize,Female,40,Nelspruit,South Africa
1245,Alexis Carter,Female,21,Randburg,South Africa
1246,Ravi Patel,Male,67,Louisville,USA
1247,Lucas Pillay,Male,52,Pietermaritzburg,South Africa
1248,Palesa Mitchell,Female,24,Jacksonville,USA
1249,James Mkhize,Male,51,Sandton,South Africa
1250,Brittany Naidoo,Female,24,Randburg,South Africa
1251,David Patel,Male,68,Derby,UK
1252,Ryan Martinez,Male,22,Port Elizabeth,South Africa
1253,Mohammed Nelson,Male,37,Phoenix,USA
1254,Patricia Zwane,Female,66,Sheffield,UK
1255,Olivia Mthembu,Female,32,Port Elizabeth,South Africa
1256,Musa Ntuli,Male,31,Durban,South Africa
1257,Phindile Khumalo,Female,22,Sandton,South Africa
1258,Amelia Singh,Female,24,Randburg,South Africa
1259,Mohammed Mthembu,Male,34,Kimberley,South Africa
1260,Nhlanhla Zulu,Male,68,Benoni,South Africa
1261,Benjamin Singh,Male,29,New York,USA
1262,Ethan Lewis,Male,55,Bloemfontein,South Africa
1263,Ravi Moore,Male,24,London,UK
1264,Karabo Patel,Male,36,Roodepoort,South Africa
1265,Lesedi Zulu,Male,31,Belfast,UK
1266,Phindile Reddy,Female,46,Houston,USA
1267,David Carter,Male,42,Randburg,South Africa
1268,Ryan Khumalo,Male,66,Leeds,UK
1269,Charlotte Zwane,Female,26,Jacksonville,USA
1270,Emma Davis,Female,23,Pretoria,South Africa
1271,Nandi Martinez,Female,56,Portland,USA
1272,Lindiwe Jackson,Female,36,Nottingham,UK
1273,Joseph Moore,Male,69,Portland,USA
1274,Zanele Johnson,Female,61,Houston,USA
1275,Samantha Zwane,Female,60,Houston,USA
1276,Caleb Thomas,Male,62,Houston,USA
1277,Jack Mitchell,Male,30,Benoni,South Africa
1278,Charlotte Sithole,Female,45,Dallas,USA
1279,Nozipho Thomas,Female,40,Boston,USA
1280,Fatima Kunene,Female,35,Soweto,South Africa
1281,Liam Hughes,Male,49,Nashville,USA
1282,Oliver Zulu,Male,65,Durban,South Africa
1283,Nobuhle Jones,Female,29,Pietermaritzburg,South Africa
1284,Musa Zulu,Male,66,Randburg,South Africa
1285,Jennifer Robinson,Female,30,Sandton,South Africa
1286,Priya Price,Female,52,Roodepoort,South Africa
1287,Nhlanhla Brown,Male,45,Leeds,UK
1288,Samantha Scott,Female,42,Cape Town,South Africa
1289,Themba Hall,Male,63,Witbank,South Africa
1290,Musa Phillips,Male,49,Denver,USA
1291,Sibongile Vilakazi,Female,54,Seattle,USA
1292,Ravi Wilson,Male,43,Boksburg,South Africa
1293,Victoria Carter,Female,67,Cardiff,UK
1294,Oliver Davis,Male,26,Leicester,UK
1295,Nhlanhla Adams,Male,42,Rustenburg,South Africa
1296,Alexis Nelson,Female,21,San Diego,USA
1297,Lehlohonolo Wood,Male,55,Durban,South Africa
1298,Charlotte Adams,Female,28,Pietermaritzburg,South Africa
1299,Jordan Harris,Male,54,Columbus,USA
1300,Olivia Mahlangu,Female,55,Pietermaritzburg,South Africa
1301,Grace Phillips,Female,38,Atlanta,USA
1302,Mpho Khan,Male,39,Louisville,USA
1303,Nomsa Hall,Female,41,Bradford,UK
1304,Bongiwe Taylor,Female,52,Nelspruit,South Africa
1305,Musa Thomas,Male,69,Durban,South Africa
1306,Benjamin Adams,Male,35,Randburg,South Africa
1307,Madison Khan,Female,40,Nashville,USA
1308,Priya Hall,Female,45,Austin,USA
1309,Ryan Thomas,Male,34,Charlotte,USA
1310,Thomas Williams,Male,58,Philadelphia,USA
1311,Thandeka Robinson,Female,35,Stoke-on-Trent,UK
1312,Susan Wilson,Female,51,Soweto,South Africa
1313,Nkosi Buthelezi,Male,65,San Jose,USA
1314,Alexis Scott,Female,22,Columbus,USA
1315,Melissa Clarke,Female,59,Benoni,South Africa
1316,Caleb Evans,Male,25,Johannesburg,South Africa
1317,Alexander Wood,Male,47,Columbus,USA
1318,Ntombifuthi Brown,Female,30,Port Elizabeth,South Africa
1319,Mandla Lewis,Male,60,Nashville,USA
1320,Lesedi Masondo,Male,68,Durban,South Africa
1321,Sofia Hall,Female,22,Nottingham,UK
1322,Sibongile Nkosi,Female,43,Glasgow,UK
1323,Liam Majola,Male,25,Denver,USA
1324,Fatima Nkosi,Female,33,Louisville,USA
1325,Brittany Phillips,Female,69,San Diego,USA
1326,Thandeka Cele,Female,24,Nelspruit,South Africa
1327,Alexis Hughes,Female,55,Roodepoort,South Africa
1328,Phindile Khumalo,Female,38,Atlanta,USA
1329,Thabo Cele,Male,41,Jacksonville,USA
1330,Olivia Brown,Female,65,Los Angeles,USA
1331,Mandla Phillips,Male,37,Las Vegas,USA
1332,Linda Mthembu,Female,52,Newcastle,UK
1333,Sophia Anderson,Female,34,Polokwane,South Africa
1334,Thandeka Naidoo,Female,46,Louisville,USA
1335,Jennifer Brown,Female,35,Belfast,UK
1336,Nokukhanya Jackson,Female,39,Houston,USA
1337,Mpho Price,Male,50,Witbank,South Africa
1338,Brianna Jones,Female,66,Bloemfontein,South Africa
1339,Jennifer Mkhize,Female,18,Kimberley,South Africa
1340,Grace Dlamini,Female,25,Randburg,South Africa
1341,Joseph Jackson,Male,68,Newcastle,UK
1342,Sharon Mkhize,Female,34,Boksburg,South Africa
1343,Amanda Clarke,Female,30,Rustenburg,South Africa
1344,Caleb Turner,Male,54,Johannesburg,South Africa
1345,Andrew Nkosi,Male,47,Bloemfontein,South Africa
1346,Caleb Harris,Male,56,Durban,South Africa
1347,Nomsa Mthembu,Female,18,Columbus,USA
1348,Melissa Ngcobo,Female,25,East London,South Africa
1349,Charles Roberts,Male,36,Fort Worth,USA
1350,Dylan Khan,Male,56,Kimberley,South Africa
1351,Ryan Reddy,Male,44,New York,USA
1352,Ayanda Evans,Female,57,San Diego,USA
1353,Hannah Martinez,Female,23,Port Elizabeth,South Africa
1354,Phindile Anderson,Female,61,George,South Africa
1355,Nokukhanya Hughes,Female,22,Cape Town,South Africa
1356,Brandon Evans,Male,48,Derby,UK
1357,James Hughes,Male,50,San Jose,USA
1358,Sibongile Perez,Female,26,Stoke-on-Trent,UK
1359,Benjamin Govender,Male,34,Sandton,South Africa
1360,Patricia Robinson,Female,26,Randburg,South Africa
1361,Ella Price,Female,25,Port Elizabeth,South Africa
1362,Sharon Lewis,Female,65,Witbank,South Africa
1363,Linda Price,Female,57,Liverpool,UK
1364,Madison Pillay,Female,38,Atlanta,USA
1365,Daniel Thompson,Male,21,Cape Town,South Africa
1366,Themba Brown,Male,48,Soweto,South Africa
1367,Charlotte Ngcobo,Female,20,Roodepoort,South Africa
1368,Brianna Ngcobo,Female,25,Glasgow,UK
1369,Marcus Nkosi,Male,31,Sheffield,UK
1370,Khulekani Kunene,Male,70,Boksburg,South Africa
1371,Benjamin Smith,Male,51,Philadelphia,USA
1372,Barbara Taylor,Female,33,Portland,USA
1373,Thomas Baker,Male,19,Pretoria,South Africa
1374,Jasmine Ndlovu,Female,38,Durban,South Africa
1375,Stephanie Shabalala,Female,47,Dallas,USA
1376,Brandon Davis,Male,59,Charlotte,USA
1377,Busisiwe Ntuli,Female,31,Bristol,UK
1378,Amanda Wilson,Female,65,Benoni,South Africa
1379,Ava Thomas,Female,34,George,South Africa
1380,Oliver Khan,Male,28,George,South Africa
1381,Ntombifuthi Buthelezi,Female,25,Witbank,South Africa
1382,Linda Ntuli,Female,40,Jacksonville,USA
1383,Yusuf Garcia,Male,42,Denver,USA
1384,Ava Harris,Female,69,Bloemfontein,South Africa
1385,Bongiwe Harris,Female,23,Pietermaritzburg,South Africa
1386,Nobuhle Molefe,Female,59,Phoenix,USA
1387,Anisha Mnguni,Female,23,Witbank,South Africa
1388,Andrew Shabalala,Male,37,Port Elizabeth,South Africa
1389,Stephanie Davies,Female,51,Boksburg,South Africa
1390,Daniel Taylor,Male,20,Miami,USA
1391,Alexis Zulu,Female,47,Denver,USA
1392,Lauren Hughes,Female,55,Randburg,South Africa
1393,Liam Robinson,Male,29,Fort Worth,USA
1394,George White,Male,63,Boksburg,South Africa
1395,Nozipho Garcia,Female,57,Cardiff,UK
1396,Lungelo Reddy,Male,23,Boston,USA
1397,Sharon Ndlovu,Female,45,New York,USA
1398,Charlotte Johnson,Female,28,Charlotte,USA
1399,Sharon Masondo,Female,37,Boston,USA
1400,Phindile Anderson,Female,69,Port Elizabeth,South Africa
1401,James Patel,Male,25,Bradford,UK
1402,Lungelo Shabalala,Male,59,Polokwane,South Africa
1403,Stephanie Hlongwane,Female,30,Soweto,South Africa
1404,Mohammed Harris,Male,19,Port Elizabeth,South Africa
1405,Fatima Mahlangu,Female,19,Wolverhampton,UK
1406,Bongani Walker,Male,54,Coventry,UK
1407,Brandon Johnson,Male,24,Las Vegas,USA
1408,Alexis Ngcobo,Female,65,Memphis,USA
1409,Amelia Masondo,Female,43,Denver,USA
1410,Lindiwe Wilson,Female,51,Boksburg,South Africa
1411,Emma Moore,Female,35,Nottingham,UK
1412,Charlotte Ngcobo,Female,57,Leicester,UK
1413,Phindile Martin,Female,19,East London,South Africa
1414,Lauren Thompson,Female,32,Denver,USA
1415,Barbara Robinson,Female,26,Coventry,UK
1416,Stephanie Mitchell,Female,68,Philadelphia,USA
1417,Siyanda Nkosi,Male,60,Philadelphia,USA
1418,Sipho Masondo,Male,24,Atlanta,USA
1419,Nompumelelo Khan,Female,53,Johannesburg,South Africa
1420,Patricia Price,Female,40,Philadelphia,USA
1421,Alexander Moore,Male,39,Benoni,South Africa
1422,Liam Molefe,Male,49,Pietermaritzburg,South Africa
1423,Khanyisile Davis,Female,67,Liverpool,UK
1424,Joseph Kunene,Male,56,Las Vegas,USA
1425,Matthew Thompson,Male,69,Louisville,USA
1426,Leo Ndlovu,Male,70,Miami,USA
1427,Sipho Mthembu,Male,31,Sheffield,UK
1428,Ntombi Thompson,Female,66,Memphis,USA
1429,Ethan Mitchell,Male,39,Leeds,UK
1430,Nathan White,Male,67,San Diego,USA
1431,Brittany Clarke,Female,50,Nelspruit,South Africa
1432,Ntombi White,Female,41,San Diego,USA
1433,Nhlanhla Mnguni,Male,44,Phoenix,USA
1434,Alexis Jackson,Female,47,Plymouth,UK
1435,Olivia Thompson,Female,27,Las Vegas,USA
1436,George Adams,Male,38,Bloemfontein,South Africa
1437,Emily Anderson,Female,66,Port Elizabeth,South Africa
1438,Tebogo Zwane,Male,36,Roodepoort,South Africa
1439,Busisiwe Scott,Female,40,Nelspruit,South Africa
1440,Mpho Thomas,Male,46,Seattle,USA
1441,Phindile Nelson,Female,69,Fort Worth,USA
1442,Thomas Hall,Male,23,Pietermaritzburg,South Africa
1443,Busisiwe Ntuli,Female,51,Bristol,UK
1444,George Kunene,Male,53,Pietermaritzburg,South Africa
1445,Oliver Jones,Male,68,Dallas,USA
1446,David Hall,Male,64,Randburg,South Africa
1447,Lesedi Wilson,Male,41,Randburg,South Africa
1448,Charlotte Miller,Female,66,Houston,USA
1449,Lerato Smith,Female,47,Polokwane,South Africa
1450,Marcus Hall,Male,36,Las Vegas,USA
1451,Karabo Turner,Male,51,Houston,USA
1452,Anisha Patel,Female,70,Charlotte,USA
1453,Ethan Harris,Male,44,Cape Town,South Africa
1454,Patricia Ntuli,Female,48,Durban,South Africa
1455,Nobuhle Mnguni,Female,43,Miami,USA
1456,Sharon Price,Female,55,Columbus,USA
1457,Phindile Masondo,Female,64,Sheffield,UK
1458,Ravi Ntuli,Male,49,Phoenix,USA
1459,Mpho Mokoena,Male,47,Memphis,USA
1460,Daniel Perez,Male,25,Columbus,USA
1461,Liam Perez,Male,54,Randburg,South Africa
1462,Liam Perez,Male,37,Bristol,UK
1463,Fatima Jones,Female,68,Boksburg,South Africa
1464,Emily Wood,Female,36,Sandton,South Africa
1465,Liam Nelson,Male,22,Nottingham,UK
1466,Grace Wood,Female,54,Austin,USA
1467,Aisha Ntuli,Female,66,Soweto,South Africa
1468,Sibongile Garcia,Female,27,Cardiff,UK
1469,Alexander Jackson,Male,42,George,South Africa
1470,Neha Davis,Female,60,Liverpool,UK
1471,Charles Pillay,Male,63,Kimberley,South Africa
1472,Lehlohonolo Dlamini,Male,30,Stoke-on-Trent,UK
1473,Samuel Zwane,Male,30,Miami,USA
1474,Liam Hlongwane,Male,29,Liverpool,UK
1475,Nkosi Thompson,Male,23,Derby,UK
1476,Kayla Davis,Female,49,London,UK
1477,Madison Reddy,Female,44,Randburg,South Africa
1478,Destiny Hughes,Female,23,Pretoria,South Africa
1479,Siyanda Cele,Male,29,Durban,South Africa
1480,Musa Jackson,Male,61,Benoni,South Africa
1481,Zanele Jones,Female,63,George,South Africa
1482,Tyler Cele,Male,44,Liverpool,UK
1483,Melissa Mthembu,Female,21,Benoni,South Africa
1484,Yusuf Kunene,Male,66,Houston,USA
1485,Emily Scott,Female,47,Chicago,USA
1486,Olivia Jackson,Female,58,Johannesburg,South Africa
1487,Emma Zulu,Female,33,Nashville,USA
1488,Musa Jackson,Male,46,Randburg,South Africa
1489,William Cele,Male,41,Philadelphia,USA
1490,Arjun Harris,Male,53,New York,USA
1491,Stephanie Walker,Female,59,London,UK
1492,Matthew Shabalala,Male,35,Portland,USA
1493,Lauren Mokoena,Female,55,Bristol,UK
1494,Sipho Hlongwane,Male,54,Durban,South Africa
1495,Phindile Mthembu,Female,26,Dallas,USA
1496,Thandeka Majola,Female,69,Pietermaritzburg,South Africa
1497,Nozipho Garcia,Female,35,Pietermaritzburg,South Africa
1498,Thandeka Martinez,Female,56,Port Elizabeth,South Africa
1499,Lucas Mahlangu,Male,18,Sheffield,UK
1500,Emma Masondo,Female,66,Durban,South Africa
1501,Arjun Jones,Male,70,Portland,USA
1502,Marcus Turner,Male,70,Fort Worth,USA
1503,David Johnson,Male,25,San Antonio,USA
1504,Sophia Molefe,Female,65,Nelspruit,South Africa
1505,Nokwanda Nkosi,Female,70,San Jose,USA
1506,Sandile Ngcobo,Male,41,Sandton,South Africa
1507,James Singh,Male,70,Houston,USA
1508,Grace Majola,Female,49,East London,South Africa
1509,Jack Ntuli,Male,65,Nelspruit,South Africa
1510,Thomas Zwane,Male,64,San Antonio,USA
1511,Mpho Hlongwane,Male,57,Roodepoort,South Africa
1512,Sophia Harris,Female,59,Nashville,USA
1513,Joseph Green,Male,45,Nottingham,UK
1514,Charlotte Zwane,Female,47,Miami,USA
1515,Thomas Molefe,Male,21,Witbank,South Africa
1516,Ashley Smith,Female,43,Durban,South Africa
1517,Khulekani Molefe,Male,62,Durban,South Africa
1518,Bongani Pillay,Male,39,Pretoria,South Africa
1519,Mohammed Martin,Male,69,Pietermaritzburg,South Africa
1520,Nompumelelo Ndlovu,Female,48,Pietermaritzburg,South Africa
1521,Michael Baker,Male,51,Chicago,USA
1522,Nozipho Zulu,Female,58,Pretoria,South Africa
1523,Noah Brown,Male,42,Durban,South Africa
1524,Noah Thompson,Male,21,Witbank,South Africa
1525,Leo Wilson,Male,53,George,South Africa
1526,Mia Jackson,Female,32,Derby,UK
1527,Jordan Phillips,Male,47,Boston,USA
1528,Brandon Jones,Male,47,Denver,USA
1529,Leo Ndlovu,Male,18,Chicago,USA
1530,Christopher Ntuli,Male,58,Jacksonville,USA
1531,Aisha Thompson,Female,29,Cape Town,South Africa
1532,Mason Wood,Male,55,Rustenburg,South Africa
1533,Hannah Vilakazi,Female,67,Sandton,South Africa
1534,Sofia Adams,Female,36,Johannesburg,South Africa
1535,Noah Evans,Male,50,Stoke-on-Trent,UK
1536,Dylan Nelson,Male,30,Bradford,UK
1537,Brandon Patel,Male,60,Las Vegas,USA
1538,Sofia Baker,Female,55,Austin,USA
1539,Alexis Baker,Female,28,Cape Town,South Africa
1540,Lindiwe Smith,Female,58,Polokwane,South Africa
1541,Victoria Mokoena,Female,33,Louisville,USA
1542,Amanda Turner,Female,31,Johannesburg,South Africa
1543,Sophia Taylor,Female,40,Pretoria,South Africa
1544,Siyanda Thompson,Male,30,Louisville,USA
1545,Amelia Jones,Female,30,Bloemfontein,South Africa
1546,Thomas Price,Male,64,Roodepoort,South Africa
1547,Themba Singh,Male,19,Nelspruit,South Africa
1548,Oliver Mkhize,Male,42,Houston,USA
1549,Susan Khan,Female,37,Jacksonville,USA
1550,Sibongile Pillay,Female,51,Derby,UK
1551,Patricia Moore,Female,25,Port Elizabeth,South Africa
1552,Bongani Hlongwane,Male,42,Austin,USA
1553,Bongiwe Davies,Female,20,Denver,USA
1554,Joseph Hlongwane,Male,36,Austin,USA
1555,Noah Lewis,Male,26,Wolverhampton,UK
1556,Thandeka Dlamini,Female,68,Portland,USA
1557,Sipho Kunene,Male,42,Nashville,USA
1558,Fatima Zwane,Female,47,Rustenburg,South Africa
1559,Ntombi Ngcobo,Female,48,George,South Africa
1560,Lungelo Molefe,Male,30,San Diego,USA
1561,Thandeka Wood,Female,45,Wolverhampton,UK
1562,Matthew Perez,Male,34,Phoenix,USA
1563,Siyanda Thompson,Male,51,Boksburg,South Africa
1564,Jordan Kunene,Male,57,Soweto,South Africa
1565,Madison Jackson,Female,41,Cardiff,UK
1566,Destiny Jones,Female,29,Nelspruit,South Africa
1567,Marcus Dlamini,Male,36,Plymouth,UK
1568,William Lewis,Male,32,Durban,South Africa
1569,Amelia Vilakazi,Female,30,Pietermaritzburg,South Africa
1570,Lerato Lewis,Female,30,Phoenix,USA
1571,Sophia Hall,Female,36,Coventry,UK
1572,Melissa Johnson,Female,48,Louisville,USA
1573,Charles Anderson,Male,32,East London,South Africa
1574,Lindiwe Zwane,Female,55,Louisville,USA
1575,Busisiwe Robinson,Female,39,Austin,USA
1576,Dylan White,Male,31,Roodepoort,South Africa
1577,Jayden Mkhize,Male,54,Bristol,UK
1578,Yusuf Carter,Male,39,Witbank,South Africa
1579,Nozipho Hlongwane,Female,37,Johannesburg,South Africa
1580,Matthew Mkhize,Male,27,Cardiff,UK
1581,Destiny Khan,Female,43,George,South Africa
1582,Mohammed Ndlovu,Male,39,Charlotte,USA
1583,Ava Pillay,Female,24,Philadelphia,USA
1584,Michael Masondo,Male,19,Durban,South Africa
1585,Nandi Khan,Female,32,Randburg,South Africa
1586,Jordan Wilson,Male,41,Philadelphia,USA
1587,Sharon Jackson,Female,43,Pretoria,South Africa
1588,Arjun White,Male,48,Fort Worth,USA
1589,Mason Khan,Male,37,Sandton,South Africa
1590,Lucas Wood,Male,55,Soweto,South Africa
1591,Nokwanda Smith,Female,27,George,South Africa
1592,Vikram Baker,Male,54,Newcastle,UK
1593,Grace Davis,Female,65,Soweto,South Africa
1594,Phindile Hall,Female,43,Philadelphia,USA
1595,Nompumelelo Govender,Female,57,Charlotte,USA
1596,Barbara Reddy,Female,62,Fort Worth,USA
1597,Nkosi Naidoo,Male,35,Stoke-on-Trent,UK
1598,Sibongile Moore,Female,62,San Antonio,USA
1599,Alexis Mthembu,Female,41,Pretoria,South Africa
1600,Alexis Garcia,Female,28,Randburg,South Africa
1601,Jordan Jones,Male,22,Portland,USA
1602,Destiny Adams,Female,65,East London,South Africa
1603,Amelia Johnson,Female,34,Port Elizabeth,South Africa
1604,Sibongile Robinson,Female,49,Chicago,USA
1605,Karabo Thompson,Male,26,Dallas,USA
1606,Sipho Williams,Male,56,Kimberley,South Africa
1607,Arjun Anderson,Male,28,Johannesburg,South Africa
1608,Ella Thompson,Female,40,Cape Town,South Africa
1609,Nathan Miller,Male,58,Leeds,UK
1610,Phindile Wood,Female,46,Johannesburg,South Africa
1611,Sibusiso Turner,Male,67,Polokwane,South Africa
1612,Barbara Evans,Female,30,Witbank,South Africa
1613,James Adams,Male,70,Durban,South Africa
1614,Thomas Zulu,Male,69,Sheffield,UK
1615,Harry White,Male,50,Pietermaritzburg,South Africa
1616,Emma Patel,Female,57,Roodepoort,South Africa
1617,Madison Mthembu,Female,32,Rustenburg,South Africa
1618,Zanele Johnson,Female,43,New York,USA
1619,Thandeka Martinez,Female,32,Nelspruit,South Africa
1620,Amelia Moore,Female,31,Benoni,South Africa
1621,Mia Hlongwane,Female,68,Wolverhampton,UK
1622,Mandla Zulu,Male,56,George,South Africa
1623,Brandon Govender,Male,58,Las Vegas,USA
1624,Rebecca Shabalala,Female,22,Benoni,South Africa
1625,Destiny Kunene,Female,58,Miami,USA
1626,Sandile Williams,Male,57,Houston,USA
1627,Nompumelelo Harris,Female,66,Durban,South Africa
1628,Mason Perez,Male,49,Port Elizabeth,South Africa
1629,Thandeka Brown,Female,33,Derby,UK
1630,Nokukhanya Baker,Female,26,Cape Town,South Africa
1631,Ntombifuthi Clarke,Female,66,Pietermaritzburg,South Africa
1632,Nompumelelo Khan,Female,52,Polokwane,South Africa
1633,Lucas Turner,Male,51,Soweto,South Africa
1634,Jack Masondo,Male,22,Birmingham,UK
1635,Lungelo Ntuli,Male,23,Roodepoort,South Africa
1636,Nkosi Majola,Male,23,Soweto,South Africa
1637,Nomsa Singh,Female,33,Benoni,South Africa
1638,Musa Clarke,Male,54,East London,South Africa
1639,Sharon Shabalala,Female,23,Leicester,UK
1640,Destiny Pillay,Female,48,Randburg,South Africa
1641,Nozipho Buthelezi,Female,70,Belfast,UK
1642,Nhlanhla Turner,Male,45,Bristol,UK
1643,Daniel Govender,Male,34,Kimberley,South Africa
1644,Nandi Turner,Female,53,Chicago,USA
1645,Harper Mahlangu,Female,30,East London,South Africa
1646,James Majola,Male,64,Atlanta,USA
1647,Susan White,Female,43,Leicester,UK
1648,Fatima Wood,Female,59,Manchester,UK
1649,Patricia Brown,Female,25,Boksburg,South Africa
1650,Bongani Martin,Male,34,Louisville,USA
1651,Priya Masondo,Female,58,Las Vegas,USA
1652,Lehlohonolo Phillips,Male,45,San Diego,USA
1653,Amelia Mitchell,Female,58,New York,USA
1654,Mandla Martinez,Male,61,Polokwane,South Africa
1655,James Khumalo,Male,67,George,South Africa
1656,Ntombi Dlamini,Female,51,Nottingham,UK
1657,David Harris,Male,34,Miami,USA
1658,Hannah Wood,Female,64,Durban,South Africa
1659,Tebogo Nelson,Male,70,East London,South Africa
1660,Phindile Wood,Female,18,Belfast,UK
1661,Leo Moore,Male,67,Miami,USA
1662,Ntombifuthi Clarke,Female,64,Bloemfontein,South Africa
1663,Zanele Mkhize,Female,30,Miami,USA
1664,Nathan Mokoena,Male,29,Bloemfontein,South Africa
1665,Mandla Jackson,Male,46,Boston,USA
1666,Charles Pillay,Male,23,George,South Africa
1667,Thabo Moore,Male,39,Polokwane,South Africa
1668,Fatima Zulu,Female,18,Johannesburg,South Africa
1669,Leo Mokoena,Male,51,Fort Worth,USA
1670,Susan Masondo,Female,48,Boston,USA
1671,Brittany Perez,Female,61,Cardiff,UK
1672,Jayden Thomas,Male,42,Jacksonville,USA
1673,Amanda Zulu,Female,18,Las Vegas,USA
1674,Busisiwe Mkhize,Female,19,Miami,USA
1675,Phindile Davies,Female,41,Portland,USA
1676,Priya Jackson,Female,60,Pietermaritzburg,South Africa
1677,Tebogo Mitchell,Male,20,Cardiff,UK
1678,Lindiwe Masondo,Female,43,Chicago,USA
1679,Madison Mahlangu,Female,60,Leeds,UK
1680,Nandi Patel,Female,63,Randburg,South Africa
1681,Mason Ngcobo,Male,68,Roodepoort,South Africa
1682,Nomsa Garcia,Female,25,Seattle,USA
1683,Nkosi Mokoena,Male,28,Portland,USA
1684,Leo Martin,Male,63,Pietermaritzburg,South Africa
1685,Khanyisile Lewis,Female,32,Portland,USA
1686,Linda Mthembu,Female,60,Roodepoort,South Africa
1687,Ava Baker,Female,32,Derby,UK
1688,Lehlohonolo Adams,Male,42,Coventry,UK
1689,Amanda Sithole,Female,32,Kimberley,South Africa
1690,Liam Nkosi,Male,39,San Antonio,USA
1691,Samuel Perez,Male,26,Coventry,UK
1692,Musa Wilson,Male,55,Fort Worth,USA
1693,Ashley Mitchell,Female,69,Phoenix,USA
1694,Leo Anderson,Male,18,Charlotte,USA
1695,Ella Walker,Female,32,Charlotte,USA
1696,Lucas Clarke,Male,27,Las Vegas,USA
1697,Lucas Scott,Male,37,Las Vegas,USA
1698,Thabo Shabalala,Male,58,Belfast,UK
1699,Ntombi Turner,Female,21,Cardiff,UK
1700,Michael Khan,Male,64,Edinburgh,UK
1701,Matthew Govender,Male,49,San Jose,USA
1702,Oliver Anderson,Male,39,Sandton,South Africa
1703,Nozipho Anderson,Female,43,Kimberley,South Africa
1704,Phindile Patel,Female,62,Coventry,UK
1705,Mason Green,Male,66,Los Angeles,USA
1706,Brianna Naidoo,Female,54,Sandton,South Africa
1707,Linda Cele,Female,31,East London,South Africa
1708,Jayden Ndlovu,Male,61,Phoenix,USA
1709,Madison Pillay,Female,21,Sandton,South Africa
1710,Noah Mthembu,Male,50,Denver,USA
1711,Ella Thomas,Female,33,Polokwane,South Africa
1712,Fatima Hall,Female,62,Philadelphia,USA
1713,Khanyisile Nkosi,Female,67,Nashville,USA
1714,Palesa Thompson,Female,41,Pretoria,South Africa
1715,Liam Masondo,Male,59,Miami,USA
1716,Oliver Shabalala,Male,35,Houston,USA
1717,Elijah Shabalala,Male,59,San Jose,USA
1718,Leo Green,Male,22,Seattle,USA
1719,Caleb Williams,Male,43,Seattle,USA
1720,Isabella Zwane,Female,55,Nashville,USA
1721,Nhlanhla Khan,Male,60,Sheffield,UK
1722,James Garcia,Male,69,Cape Town,South Africa
1723,Samuel Khan,Male,59,Roodepoort,South Africa
1724,Rebecca Brown,Female,23,Plymouth,UK
1725,Jasmine Vilakazi,Female,28,Johannesburg,South Africa
1726,Musa Davis,Male,51,Bristol,UK
1727,Harper Masondo,Female,62,Rustenburg,South Africa
1728,Mpho Zulu,Male,60,Edinburgh,UK
1729,Bongani Cele,Male,37,Bradford,UK
1730,Lucas Mokoena,Male,55,Port Elizabeth,South Africa
1731,Isabella Hughes,Female,34,Bloemfontein,South Africa
1732,Brianna Dlamini,Female,34,Las Vegas,USA
1733,Arjun Khan,Male,22,Dallas,USA
1734,Karabo Perez,Male,54,Miami,USA
1735,Ryan Buthelezi,Male,38,Nottingham,UK
1736,Olivia Davies,Female,22,Roodepoort,South Africa
1737,Tshepo Jackson,Male,22,Durban,South Africa
1738,Barbara Baker,Female,67,Polokwane,South Africa
1739,Sophia Zulu,Female,42,Edinburgh,UK
1740,Mia Mthembu,Female,29,San Jose,USA
1741,Mia Mnguni,Female,40,San Jose,USA
1742,Sofia Zulu,Female,21,George,South Africa
1743,Marcus Hlongwane,Male,53,Fort Worth,USA
1744,Hannah Ntuli,Female,34,Randburg,South Africa
1745,Kabelo Ntuli,Male,27,Nelspruit,South Africa
1746,Andrew Perez,Male,63,Portland,USA
1747,Ntombi Martinez,Female,29,Rustenburg,South Africa
1748,Priya Clarke,Female,35,Plymouth,UK
1749,Musa Nkosi,Male,37,Pietermaritzburg,South Africa
1750,Tebogo Dlamini,Male,22,Chicago,USA
1751,Samuel Wilson,Male,23,Seattle,USA
1752,Amanda Johnson,Female,45,Memphis,USA
1753,Mohammed Ngcobo,Male,50,Portland,USA
1754,Caleb Johnson,Male,57,Johannesburg,South Africa
1755,Phindile Hlongwane,Female,65,Randburg,South Africa
1756,Lucas Garcia,Male,28,Louisville,USA
1757,Themba Taylor,Male,41,Plymouth,UK
1758,Emily Harris,Female,49,Rustenburg,South Africa
1759,Brandon Davies,Male,52,Leeds,UK
1760,Lerato Shabalala,Female,36,Johannesburg,South Africa
1761,Thandeka Wood,Female,59,Los Angeles,USA
1762,Linda Masondo,Female,21,Benoni,South Africa
1763,Brittany Hall,Female,40,Rustenburg,South Africa
1764,Caleb Carter,Male,18,Sandton,South Africa
1765,George Mnguni,Male,50,Nottingham,UK
1766,Andrew Masondo,Male,18,Nelspruit,South Africa
1767,Mohammed Anderson,Male,41,Witbank,South Africa
1768,Arjun Roberts,Male,24,Newcastle,UK
1769,Mason Carter,Male,65,Rustenburg,South Africa
1770,Liam Patel,Male,36,George,South Africa
1771,Nokukhanya Baker,Female,20,East London,South Africa
1772,Sibongile Roberts,Female,25,Roodepoort,South Africa
1773,Amanda Ntuli,Female,38,Louisville,USA
1774,Priya Phillips,Female,26,Pretoria,South Africa
1775,Mason Buthelezi,Male,40,Louisville,USA
1776,Noah Adams,Male,45,London,UK
1777,Aisha Walker,Female,36,Louisville,USA
1778,Nompumelelo Buthelezi,Female,64,San Diego,USA
1779,Khanyisile Khumalo,Female,34,Edinburgh,UK
1780,Nokwanda Mahlangu,Female,63,Houston,USA
1781,Bongani Buthelezi,Male,32,George,South Africa
1782,Thabo Patel,Male,27,Benoni,South Africa
1783,George Miller,Male,42,Kimberley,South Africa
1784,Sandile Adams,Male,45,Miami,USA
1785,Ntombifuthi Miller,Female,37,Rustenburg,South Africa
1786,Lauren White,Female,33,Cape Town,South Africa
1787,Harry Smith,Male,21,Austin,USA
1788,Siyanda Mahlangu,Male,35,Leeds,UK
1789,Zanele Hughes,Female,49,Kimberley,South Africa
1790,Leo Johnson,Male,61,Phoenix,USA
1791,Jasmine Mitchell,Female,65,Miami,USA
1792,Nompumelelo Lewis,Female,31,Chicago,USA
1793,Mason Mthembu,Male,20,Nashville,USA
1794,Bongani Garcia,Male,24,Roodepoort,South Africa
1795,Lerato Mahlangu,Female,66,Port Elizabeth,South Africa
1796,Mason Patel,Male,44,Dallas,USA
1797,Linda Mitchell,Female,46,Houston,USA
1798,Isabella Shabalala,Female,44,Miami,USA
1799,Sipho Lewis,Male,62,Bristol,UK
1800,Samuel Wilson,Male,68,Bradford,UK
1801,Fatima Hlongwane,Female,50,Sheffield,UK
1802,Nozipho Kunene,Female,42,Fort Worth,USA
1803,Sofia Roberts,Female,31,Bloemfontein,South Africa
1804,Benjamin Johnson,Male,68,Miami,USA
1805,Lerato Molefe,Female,36,Seattle,USA
1806,Sipho Molefe,Male,20,San Jose,USA
1807,Tebogo Cele,Male,35,Liverpool,UK
1808,Lehlohonolo Davies,Male,70,Pretoria,South Africa
1809,Lehlohonolo Nelson,Male,58,Jacksonville,USA
1810,Ava Price,Female,64,Benoni,South Africa
1811,Ashley Wilson,Female,58,Leicester,UK
1812,Lesedi Lewis,Male,29,Johannesburg,South Africa
1813,Lesedi Turner,Male,59,Benoni,South Africa
1814,Michael Thompson,Male,32,East London,South Africa
1815,Ella Garcia,Female,32,Columbus,USA
1816,Ella Shabalala,Female,23,Charlotte,USA
1817,Michael Govender,Male,30,Memphis,USA
1818,Lehlohonolo Clarke,Male,19,Bloemfontein,South Africa
1819,Nobuhle Patel,Female,22,Witbank,South Africa
1820,Jordan Thomas,Male,24,Phoenix,USA
1821,Lucas Zulu,Male,42,Pretoria,South Africa
1822,Nhlanhla Davis,Male,26,Durban,South Africa
1823,Ella Johnson,Female,68,Leeds,UK
1824,Rebecca Dlamini,Female,30,Boksburg,South Africa
1825,Melissa Naidoo,Female,37,Port Elizabeth,South Africa
1826,Noah Vilakazi,Male,62,Roodepoort,South Africa
1827,Oliver Davis,Male,24,Houston,USA
1828,Ella Smith,Female,32,Witbank,South Africa
1829,Ella Carter,Female,59,George,South Africa
1830,Yusuf Pillay,Male,25,Kimberley,South Africa
1831,Isabella Baker,Female,25,Durban,South Africa
1832,Lucas Buthelezi,Male,29,Pietermaritzburg,South Africa
1833,Tshepo Harris,Male,27,Bristol,UK
1834,Lauren Ndlovu,Female,35,Leicester,UK
1835,Amanda Taylor,Female,68,Port Elizabeth,South Africa
1836,Tyler Cele,Male,42,Sandton,South Africa
1837,Liam Harris,Male,64,Durban,South Africa
1838,Harper Reddy,Female,67,Pietermaritzburg,South Africa
1839,Madison Shabalala,Female,62,Derby,UK
1840,Harper Davies,Female,42,Sandton,South Africa
1841,Neha Hlongwane,Female,70,Durban,South Africa
1842,Anisha Molefe,Female,62,Rustenburg,South Africa
1843,Lungelo Williams,Male,41,Phoenix,USA
1844,Noah Nelson,Male,41,Glasgow,UK
1845,Brianna Cele,Female,53,Nottingham,UK
1846,Lungelo Molefe,Male,21,Houston,USA
1847,Elijah Jones,Male,62,Leicester,UK
1848,Mpho Ndlovu,Male,60,Atlanta,USA
1849,Oliver Cele,Male,41,Polokwane,South Africa
1850,James White,Male,27,Atlanta,USA
1851,Khulekani Mnguni,Male,62,Belfast,UK
1852,Busisiwe Adams,Female,46,Las Vegas,USA
1853,Siyanda Khumalo,Male,27,Cape Town,South Africa
1854,Ravi Naidoo,Male,18,Witbank,South Africa
1855,Emma Price,Female,54,Las Vegas,USA
1856,Dylan Naidoo,Male,35,Plymouth,UK
1857,Harper Mokoena,Female,43,San Diego,USA
1858,Zanele Taylor,Female,70,Atlanta,USA
1859,Ntombifuthi Thomas,Female,70,Cape Town,South Africa
1860,Ntombifuthi Harris,Female,30,Pretoria,South Africa
1861,Jayden Baker,Male,19,Bloemfontein,South Africa
1862,Jack Mokoena,Male,56,Kimberley,South Africa
1863,Daniel Singh,Male,58,Edinburgh,UK
1864,Ava Davis,Female,54,Belfast,UK
1865,Noah Scott,Male,23,London,UK
1866,Nozipho Clarke,Female,43,Austin,USA
1867,Busisiwe Carter,Female,26,Houston,USA
1868,Alexis Majola,Female,24,Louisville,USA
1869,Oliver Turner,Male,48,Los Angeles,USA
1870,Nomsa Buthelezi,Female,61,Nashville,USA
1871,Karabo Sithole,Male,31,Glasgow,UK
1872,Ravi Zwane,Male,64,Miami,USA
1873,Samantha Ntuli,Female,39,Benoni,South Africa
1874,Amelia Phillips,Female,33,Benoni,South Africa
1875,Ethan Ngcobo,Male,24,Glasgow,UK
1876,Emma Nkosi,Female,49,Pietermaritzburg,South Africa
1877,Matthew Walker,Male,28,Boksburg,South Africa
1878,Lauren Nkosi,Female,22,Soweto,South Africa
1879,Aisha Hughes,Female,66,Glasgow,UK
1880,Samuel Masondo,Male,20,Kimberley,South Africa
1881,Alexis Ntuli,Female,46,Benoni,South Africa
1882,Jasmine Dlamini,Female,61,Soweto,South Africa
1883,Patricia Davis,Female,57,Birmingham,UK
1884,Mpho Johnson,Male,27,Bristol,UK
1885,Nomsa Thomas,Female,22,Soweto,South Africa
1886,Marcus Robinson,Male,47,Charlotte,USA
1887,George Reddy,Male,64,George,South Africa
1888,Nokwanda Thomas,Female,39,Pietermaritzburg,South Africa
1889,Thandeka Mahlangu,Female,25,Cape Town,South Africa
1890,Mohammed Cele,Male,58,Boksburg,South Africa
1891,Lucas Turner,Male,21,Leicester,UK
1892,Aisha Mokoena,Female,21,Johannesburg,South Africa
1893,Palesa Hughes,Female,58,Port Elizabeth,South Africa
1894,Thabo Thomas,Male,23,Soweto,South Africa
1895,Anisha Mokoena,Female,60,Sheffield,UK
1896,George Harris,Male,39,Bristol,UK
1897,Bongani Nelson,Male,44,Seattle,USA
1898,Mpho Martin,Male,40,Wolverhampton,UK
1899,Melissa Johnson,Female,53,Boston,USA
1900,Jack Cele,Male,38,Memphis,USA
1901,Sophia Buthelezi,Female,47,Belfast,UK
1902,Charlotte Jackson,Female,34,New York,USA
1903,Stephanie Ntuli,Female,58,Boksburg,South Africa
1904,Harry Mokoena,Male,65,Nottingham,UK
1905,Lucas Turner,Male,31,East London,South Africa
1906,Jayden Mitchell,Male,19,Kimberley,South Africa
1907,Mpho Ngcobo,Male,59,Nottingham,UK
1908,Lauren Carter,Female,52,Pietermaritzburg,South Africa
1909,Matthew Govender,Male,47,Bloemfontein,South Africa
1910,Arjun Martin,Male,42,Witbank,South Africa
1911,Phindile Zulu,Female,23,Leeds,UK
1912,Lehlohonolo Williams,Male,57,Leeds,UK
1913,Nokukhanya Vilakazi,Female,24,Miami,USA
1914,Kabelo Walker,Male,44,Soweto,South Africa
1915,Charlotte Singh,Female,48,Leicester,UK
1916,Alexis Anderson,Female,18,Edinburgh,UK
1917,Palesa Price,Female,37,Nottingham,UK
1918,James White,Male,20,Port Elizabeth,South Africa
1919,Stephanie Zwane,Female,70,Austin,USA
1920,Nomsa Martin,Female,33,Fort Worth,USA
1921,Henry Anderson,Male,21,Wolverhampton,UK
1922,Harper Phillips,Female,64,Pietermaritzburg,South Africa
1923,Dylan Sithole,Male,24,Phoenix,USA
1924,Tebogo Anderson,Male,66,Dallas,USA
1925,Tyler Khan,Male,23,Witbank,South Africa
1926,Tebogo Buthelezi,Male,19,Seattle,USA
1927,Samuel Turner,Male,19,Phoenix,USA
1928,Bongiwe Carter,Female,29,Polokwane,South Africa
1929,Nokwanda Hlongwane,Female,33,Fort Worth,USA
1930,Sibongile Miller,Female,35,Port Elizabeth,South Africa
1931,Tebogo Ndlovu,Male,25,Boston,USA
1932,Leo Cele,Male,36,Bloemfontein,South Africa
1933,Jack Ngcobo,Male,41,Bradford,UK
1934,Mia Masondo,Female,68,Durban,South Africa
1935,Bongiwe Taylor,Female,31,Fort Worth,USA
1936,Bongiwe Garcia,Female,69,Kimberley,South Africa
1937,Christopher Govender,Male,60,Boston,USA
1938,Liam Adams,Male,40,Boston,USA
1939,Sipho Zwane,Male,65,Pretoria,South Africa
1940,Lucas Jones,Male,52,Randburg,South Africa
1941,Lungelo Mitchell,Male,25,London,UK
1942,Harper Molefe,Female,23,Phoenix,USA
1943,Palesa Shabalala,Female,30,Leicester,UK
1944,Brianna Ngcobo,Female,45,Fort Worth,USA
1945,Mandla Govender,Male,30,Las Vegas,USA
1946,Kayla Ndlovu,Female,55,Denver,USA
1947,Nomsa Khan,Female,64,Charlotte,USA
1948,Sofia Roberts,Female,70,Pretoria,South Africa
1949,Madison Singh,Female,54,Durban,South Africa
1950,Nomsa Brown,Female,50,Witbank,South Africa
1951,Sofia Mnguni,Female,40,Pretoria,South Africa
1952,Alexander Green,Male,45,Jacksonville,USA
1953,Jack Mokoena,Male,60,Port Elizabeth,South Africa
1954,Charlotte Johnson,Female,38,Las Vegas,USA
1955,Thandeka Robinson,Female,54,San Diego,USA
1956,Elijah Clarke,Male,56,East London,South Africa
1957,Daniel Lewis,Male,63,Portland,USA
1958,Samuel White,Male,61,Austin,USA
1959,Nokwanda Singh,Female,21,Belfast,UK
1960,Thabo White,Male,25,Bloemfontein,South Africa
1961,Hannah Phillips,Female,33,San Jose,USA
1962,Lehlohonolo Smith,Male,47,George,South Africa
1963,Christopher Hlongwane,Male,51,Johannesburg,South Africa
1964,Mohammed Zulu,Male,69,Kimberley,South Africa
1965,Ashley Nelson,Female,43,Pietermaritzburg,South Africa
1966,Victoria Miller,Female,43,Soweto,South Africa
1967,Rebecca Mthembu,Female,41,Leeds,UK
1968,Sandile Miller,Male,70,Pretoria,South Africa
1969,Sharon Martin,Female,32,East London,South Africa
1970,Melissa Hlongwane,Female,18,Birmingham,UK
1971,Patricia Davis,Female,25,Kimberley,South Africa
1972,Mandla Baker,Male,62,Fort Worth,USA
1973,Phindile Pillay,Female,26,Houston,USA
1974,Tyler Cele,Male,66,Columbus,USA
1975,Sibongile Mthembu,Female,51,Denver,USA
1976,Sibongile Masondo,Female,35,Sandton,South Africa
1977,George Price,Male,67,Durban,South Africa
1978,Emma Davies,Female,60,San Antonio,USA
1979,Jack Ngcobo,Male,21,East London,South Africa
1980,Melissa Phillips,Female,30,Austin,USA
1981,Michael Mnguni,Male,50,Bristol,UK
1982,Ntombifuthi Buthelezi,Female,50,Port Elizabeth,South Africa
1983,Andrew Mitchell,Male,42,Derby,UK
1984,Sibusiso Thomas,Male,30,Witbank,South Africa
1985,Tshepo Wood,Male,54,Phoenix,USA
1986,Patricia Ndlovu,Female,65,Johannesburg,South Africa
1987,Zanele Roberts,Female,19,Miami,USA
1988,Lauren Price,Female,25,Manchester,UK
1989,Madison Mokoena,Female,27,Witbank,South Africa
1990,Emily Thompson,Female,35,Cape Town,South Africa
1991,Busisiwe Harris,Female,30,George,South Africa
1992,Lucas Lewis,Male,51,Miami,USA
1993,Mia Miller,Female,59,Pretoria,South Africa
1994,Liam Miller,Male,20,San Diego,USA
1995,Arjun Zulu,Male,35,Benoni,South Africa
1996,Kayla Anderson,Female,24,Nelspruit,South Africa
1997,Thandeka Pillay,Female,68,Kimberley,South Africa
1998,Busisiwe Smith,Female,24,Benoni,South Africa
1999,Nokukhanya Wood,Female,62,Pietermaritzburg,South Africa
2000,Sipho Reddy,Male,39,Glasgow,UK
2001,Kabelo Mahlangu,Male,45,Bloemfontein,South Africa
2002,Patricia Taylor,Female,28,New York,USA
2003,Aisha Smith,Female,49,Belfast,UK
2004,Harry Williams,Male,54,San Jose,USA
2005,Vikram Majola,Male,28,Louisville,USA
2006,Leo Hall,Male,69,Charlotte,USA
2007,Nokukhanya Nelson,Female,52,Sandton,South Africa
2008,Jasmine Martinez,Female,18,Bristol,UK
2009,Linda Zwane,Female,67,Boston,USA
2010,Charlotte Roberts,Female,61,Nashville,USA
2011,Ethan Jackson,Male,32,Phoenix,USA
2012,Fatima Jones,Female,33,Las Vegas,USA
2013,Jasmine Khan,Female,65,George,South Africa
2014,Thabo Vilakazi,Male,46,Plymouth,UK
2015,Mandla Nelson,Male,39,Witbank,South Africa
2016,Lerato Patel,Female,20,Las Vegas,USA
2017,Stephanie Mthembu,Female,45,Denver,USA
2018,Nandi Khumalo,Female,18,Portland,USA
2019,Jordan Buthelezi,Male,51,Derby,UK
2020,Musa Masondo,Male,36,Kimberley,South Africa
2021,Jordan Davis,Male,31,Boksburg,South Africa
2022,Noah Masondo,Male,37,Rustenburg,South Africa
2023,Noah Hughes,Male,26,Kimberley,South Africa
2024,George Roberts,Male,27,Bradford,UK
2025,Hannah Dlamini,Female,36,Sandton,South Africa
2026,Nompumelelo Phillips,Female,45,Pretoria,South Africa
2027,Barbara Hall,Female,56,Boksburg,South Africa
2028,Nobuhle Green,Female,69,Portland,USA
2029,Mandla Mkhize,Male,44,San Jose,USA
2030,Ava Hall,Female,54,Newcastle,UK
2031,Elijah Martin,Male,24,Soweto,South Africa
2032,Priya Carter,Female,47,Soweto,South Africa
2033,Alexis Robinson,Female,19,London,UK
2034,Ava Mkhize,Female,57,Edinburgh,UK
2035,Harper Vilakazi,Female,54,Birmingham,UK
2036,Harper Thomas,Female,60,Randburg,South Africa
2037,Stephanie Miller,Female,23,Pretoria,South Africa
2038,Sofia Zulu,Female,70,Sandton,South Africa
2039,Sharon Wilson,Female,25,Portland,USA
2040,Mpho Khan,Male,51,Sandton,South Africa
2041,Sandile Buthelezi,Male,37,Memphis,USA
2042,Alexander Masondo,Male,57,Houston,USA
2043,James Buthelezi,Male,56,Plymouth,UK
2044,Nkosi Khan,Male,24,Miami,USA
2045,Kayla Wilson,Female,25,Sandton,South Africa
2046,Michael Evans,Male,52,Benoni,South Africa
2047,Rebecca Mthembu,Female,45,Johannesburg,South Africa
2048,Ethan Evans,Male,28,Las Vegas,USA
2049,Mohammed Shabalala,Male,36,Pretoria,South Africa
2050,Jasmine Lewis,Female,43,Pretoria,South Africa
2051,Alexis Harris,Female,27,Soweto,South Africa
2052,Samuel Phillips,Male,18,Los Angeles,USA
2053,Amelia Carter,Female,26,Memphis,USA
2054,Palesa Johnson,Female,28,Randburg,South Africa
2055,Marcus Mnguni,Male,42,Philadelphia,USA
2056,Marcus Adams,Male,47,Phoenix,USA
2057,Jennifer Hall,Female,43,Sandton,South Africa
2058,Aisha Reddy,Female,54,Miami,USA
2059,Harper Green,Female,55,Leicester,UK
2060,Isabella Davis,Female,19,Sheffield,UK
2061,Leo Ndlovu,Male,49,Belfast,UK
2062,Nozipho Sithole,Female,67,Edinburgh,UK
2063,Christopher Govender,Male,64,Nottingham,UK
2064,Noah Hughes,Male,25,Durban,South Africa
2065,Nozipho Perez,Female,56,New York,USA
2066,Tyler Ndlovu,Male,62,Port Elizabeth,South Africa
2067,Bongani Hughes,Male,49,Kimberley,South Africa
2068,Bongani Naidoo,Male,45,Bradford,UK
2069,Benjamin Jones,Male,58,Leeds,UK
2070,Harry Mkhize,Male,18,Witbank,South Africa
2071,Brandon Reddy,Male,61,Memphis,USA
2072,Nokwanda Khan,Female,54,Plymouth,UK
2073,Lauren Mkhize,Female,69,Witbank,South Africa
2074,Sharon Taylor,Female,54,Randburg,South Africa
2075,Mia Mthembu,Female,49,Benoni,South Africa
2076,Olivia Molefe,Female,70,Liverpool,UK
2077,Ntombi Carter,Female,22,Sheffield,UK
2078,Isabella Hlongwane,Female,54,Randburg,South Africa
2079,Kayla Wilson,Female,52,Houston,USA
2080,Susan Price,Female,59,Pietermaritzburg,South Africa
2081,Ayanda Singh,Female,39,Birmingham,UK
2082,Lungelo Baker,Male,66,Los Angeles,USA
2083,Yusuf Taylor,Male,69,Derby,UK
2084,Marcus Taylor,Male,44,Boston,USA
2085,Thomas Shabalala,Male,26,Cape Town,South Africa
2086,Harry Ngcobo,Male,50,Rustenburg,South Africa
2087,Aisha Hall,Female,68,Edinburgh,UK
2088,Matthew Wilson,Male,19,San Antonio,USA
2089,Nobuhle Williams,Female,53,Fort Worth,USA
2090,Phindile Ntuli,Female,45,Seattle,USA
2091,Liam Thompson,Male,25,Leicester,UK
2092,Nokwanda Adams,Female,45,Edinburgh,UK
2093,George Johnson,Male,32,Roodepoort,South Africa
2094,Alexander Johnson,Male,64,Cape Town,South Africa
2095,Noah Ntuli,Male,46,Cape Town,South Africa
2096,Lauren Davies,Female,36,George,South Africa
2097,Sibongile Mthembu,Female,60,Nelspruit,South Africa
2098,Yusuf Carter,Male,32,Kimberley,South Africa
2099,Khanyisile Walker,Female,59,Nelspruit,South Africa
2100,Phindile Vilakazi,Female,50,Rustenburg,South Africa
2101,Ntombi Masondo,Female,35,Port Elizabeth,South Africa
2102,Musa Khan,Male,25,Port Elizabeth,South Africa
2103,Nkosi Thompson,Male,59,Houston,USA
2104,Yusuf Brown,Male,35,George,South Africa
2105,Melissa Dlamini,Female,21,Benoni,South Africa
2106,Fatima Williams,Female,42,Cape Town,South Africa
2107,Lungelo Turner,Male,29,Seattle,USA
2108,Kabelo Wood,Male,20,Jacksonville,USA
2109,Andrew Adams,Male,34,Wolverhampton,UK
2110,Nhlanhla Jones,Male,39,Boston,USA
2111,Sharon Harris,Female,68,Memphis,USA
2112,Alexander Ndlovu,Male,53,Kimberley,South Africa
2113,Madison Zwane,Female,34,George,South Africa
2114,Nokukhanya Evans,Female,26,Liverpool,UK
2115,Ava Davies,Female,67,Austin,USA
2116,Amelia Lewis,Female,41,Nelspruit,South Africa
2117,Liam Wood,Male,54,Dallas,USA
2118,Nathan Robinson,Male,19,Soweto,South Africa
2119,Marcus Shabalala,Male,58,Bradford,UK
2120,Emily Dlamini,Female,35,Stoke-on-Trent,UK
2121,Isabella Thompson,Female,29,Nelspruit,South Africa
2122,Sharon Ngcobo,Female,26,Bloemfontein,South Africa
2123,Charles Miller,Male,32,Cape Town,South Africa
2124,Tshepo Majola,Male,46,Los Angeles,USA
2125,Noah Price,Male,34,Rustenburg,South Africa
2126,Lucas Evans,Male,40,Randburg,South Africa
2127,Charlotte Kunene,Female,22,Pietermaritzburg,South Africa
2128,Stephanie White,Female,22,San Jose,USA
2129,Oliver Green,Male,56,Austin,USA
2130,Linda Perez,Female,48,Bristol,UK
2131,Sipho Perez,Male,20,Port Elizabeth,South Africa
2132,Leo Mokoena,Male,69,Randburg,South Africa
2133,Thandeka Turner,Female,55,Port Elizabeth,South Africa
2134,Nozipho Dlamini,Female,22,Edinburgh,UK
2135,Neha Mthembu,Female,51,Boston,USA
2136,Sibongile Mnguni,Female,51,Nelspruit,South Africa
2137,David Walker,Male,33,Rustenburg,South Africa
2138,Jordan Scott,Male,65,Edinburgh,UK
2139,Busisiwe Jackson,Female,41,Roodepoort,South Africa
2140,Andrew Mitchell,Male,59,San Diego,USA
2141,Jennifer White,Female,32,Phoenix,USA
2142,Sibusiso Jackson,Male,61,Phoenix,USA
2143,Jennifer Clarke,Female,39,Durban,South Africa
2144,Alexis Majola,Female,27,Nashville,USA
2145,Christopher Reddy,Male,47,Pretoria,South Africa
2146,Ayanda Mahlangu,Female,65,Cape Town,South Africa
2147,Olivia Pillay,Female,22,Randburg,South Africa
2148,Linda Harris,Female,40,Roodepoort,South Africa
2149,Karabo Walker,Male,25,Pietermaritzburg,South Africa
2150,Lesedi Davis,Male,22,Jacksonville,USA
2151,Barbara Jackson,Female,58,Witbank,South Africa
2152,Nozipho Shabalala,Female,62,Bloemfontein,South Africa
2153,Ethan Smith,Male,55,Portland,USA
2154,Destiny Green,Female,46,Boksburg,South Africa
2155,Khanyisile Zulu,Female,32,Pietermaritzburg,South Africa
2156,Samuel Zwane,Male,51,Columbus,USA
2157,Ashley Phillips,Female,38,Phoenix,USA
2158,Michael Khan,Male,45,Denver,USA
2159,Mia Nelson,Female,36,Kimberley,South Africa
2160,Fatima Thompson,Female,32,Bristol,UK
2161,Sofia Ndlovu,Female,32,Phoenix,USA
2162,Lungelo Kunene,Male,66,Benoni,South Africa
2163,Christopher Vilakazi,Male,52,New York,USA
2164,Stephanie Jones,Female,41,Boksburg,South Africa
2165,Busisiwe Thompson,Female,51,Soweto,South Africa
2166,Barbara Khumalo,Female,63,Houston,USA
2167,Patricia Martin,Female,49,Port Elizabeth,South Africa
2168,Busisiwe Khumalo,Female,40,Edinburgh,UK
2169,Tyler Naidoo,Male,50,Soweto,South Africa
2170,Karabo Scott,Male,20,Randburg,South Africa
2171,Nokwanda Brown,Female,58,San Diego,USA
2172,Benjamin Turner,Male,32,Dallas,USA
2173,Ella Masondo,Female,70,Sandton,South Africa
2174,Harper Singh,Female,58,Plymouth,UK
2175,James Martin,Male,22,Boston,USA
2176,Karabo Govender,Male,20,Nelspruit,South Africa
2177,Bongiwe Evans,Female,58,Randburg,South Africa
2178,Thomas Hall,Male,32,Belfast,UK
2179,Jennifer Anderson,Female,56,Sandton,South Africa
2180,Mia Molefe,Female,25,Bristol,UK
2181,Samantha Green,Female,33,Houston,USA
2182,Jordan Scott,Male,60,George,South Africa
2183,Sibusiso Shabalala,Male,69,Derby,UK
2184,Nobuhle Evans,Female,19,Randburg,South Africa
2185,Thomas Jackson,Male,21,Austin,USA
2186,Nobuhle Scott,Female,44,Soweto,South Africa
2187,Kayla Price,Female,21,Polokwane,South Africa
2188,Bongiwe Davis,Female,37,Polokwane,South Africa
2189,Arjun Khan,Male,67,Boston,USA
2190,Harper Vilakazi,Female,19,London,UK
2191,Ava Baker,Female,40,Seattle,USA
2192,Lehlohonolo Miller,Male,51,Roodepoort,South Africa
2193,Sipho Hlongwane,Male,43,Edinburgh,UK
2194,Amanda Naidoo,Female,41,East London,South Africa
2195,James Brown,Male,19,Miami,USA
2196,Ravi Anderson,Male,68,Philadelphia,USA
2197,Lerato Jones,Female,32,Las Vegas,USA
2198,Harry Roberts,Male,65,George,South Africa
2199,Harper Roberts,Female,23,Randburg,South Africa
2200,Olivia Johnson,Female,65,Derby,UK
2201,Leo Anderson,Male,30,Bristol,UK
2202,Madison Kunene,Female,65,Nelspruit,South Africa
2203,Nokwanda Zulu,Female,34,Wolverhampton,UK
2204,Destiny Walker,Female,45,Witbank,South Africa
2205,Aisha Clarke,Female,62,San Diego,USA
2206,Olivia Ngcobo,Female,64,Rustenburg,South Africa
2207,Nathan Molefe,Male,54,Coventry,UK
2208,Nathan Perez,Male,48,Nashville,USA
2209,Brittany Cele,Female,69,Chicago,USA
2210,Daniel Pillay,Male,31,Belfast,UK
2211,George Cele,Male,43,Atlanta,USA
2212,Noah Ngcobo,Male,34,Pietermaritzburg,South Africa
2213,Harry Green,Male,62,Columbus,USA
2214,Thabo Khan,Male,66,Atlanta,USA
2215,Ashley Evans,Female,38,Atlanta,USA
2216,Andrew Ndlovu,Male,45,Fort Worth,USA
2217,Nhlanhla Johnson,Male,28,Houston,USA
2218,Bongani Thompson,Male,25,Witbank,South Africa
2219,Nomsa Mnguni,Female,49,Roodepoort,South Africa
2220,Kayla Johnson,Female,36,Kimberley,South Africa
2221,Anisha Green,Female,57,Wolverhampton,UK
2222,Ethan Walker,Male,51,Boston,USA
2223,Anisha Hughes,Female,48,Austin,USA
2224,Sipho Mnguni,Male,63,London,UK
2225,Alexis Govender,Female,27,New York,USA
2226,Phindile Patel,Female,30,Seattle,USA
2227,Brittany Zulu,Female,21,Boston,USA
2228,Jack Nelson,Male,58,San Diego,USA
2229,Bongiwe Johnson,Female,30,Witbank,South Africa
2230,Jasmine Thomas,Female,34,Nashville,USA
2231,Jack Buthelezi,Male,24,Dallas,USA
2232,Mandla Ndlovu,Male,26,Denver,USA
2233,Brittany Lewis,Female,69,Boston,USA
2234,Thandeka Pillay,Female,18,San Antonio,USA
2235,Matthew Cele,Male,27,Johannesburg,South Africa
2236,Isabella Miller,Female,26,Charlotte,USA
2237,Sibongile Mahlangu,Female,38,Pretoria,South Africa
2238,Daniel Anderson,Male,42,Las Vegas,USA
2239,Lauren Wood,Female,51,Durban,South Africa
2240,Sipho Lewis,Male,63,Witbank,South Africa
2241,Fatima Hughes,Female,61,Witbank,South Africa
2242,Zanele Jones,Female,41,Leicester,UK
2243,Thandeka Patel,Female,42,Johannesburg,South Africa
2244,Nathan Mitchell,Male,51,Boksburg,South Africa
2245,Brittany Zulu,Female,41,Plymouth,UK
2246,Lucas Roberts,Male,20,Nashville,USA
2247,Kayla Davis,Female,62,Dallas,USA
2248,Samuel Jones,Male,63,Derby,UK
2249,Fatima Govender,Female,48,Nashville,USA
2250,Harry Perez,Male,19,Las Vegas,USA
2251,Karabo Govender,Male,26,Pretoria,South Africa
2252,Nathan Wilson,Male,38,Roodepoort,South Africa
2253,Rebecca Patel,Female,59,New York,USA
2254,Stephanie Scott,Female,63,Boksburg,South Africa
2255,Anisha Johnson,Female,60,Cape Town,South Africa
2256,Bongani Majola,Male,27,Chicago,USA
2257,Nathan Davis,Male,35,Las Vegas,USA
2258,Zanele Smith,Female,37,Rustenburg,South Africa
2259,Brandon Robinson,Male,54,Manchester,UK
2260,Ava Khumalo,Female,23,Durban,South Africa
2261,Tyler Williams,Male,67,Johannesburg,South Africa
2262,Tebogo Perez,Male,47,Polokwane,South Africa
2263,Stephanie Patel,Female,65,Phoenix,USA
2264,Emily Turner,Female,63,Nelspruit,South Africa
2265,Samuel Scott,Male,44,East London,South Africa
2266,Patricia Singh,Female,29,Liverpool,UK
2267,Ayanda Nkosi,Female,49,Rustenburg,South Africa
2268,Khanyisile Zwane,Female,46,Sheffield,UK
2269,David Phillips,Male,27,San Antonio,USA
2270,Lauren Clarke,Female,31,Randburg,South Africa
2271,Ava Kunene,Female,67,East London,South Africa
2272,Ayanda Brown,Female,25,Nashville,USA
2273,Mohammed Mkhize,Male,47,Jacksonville,USA
2274,Sibongile Brown,Female,38,Nashville,USA
2275,Sharon Johnson,Female,28,Pietermaritzburg,South Africa
2276,Ntombifuthi Zulu,Female,29,Bristol,UK
2277,Jordan Vilakazi,Male,29,Charlotte,USA
2278,Hannah Martin,Female,64,Polokwane,South Africa
2279,Busisiwe Perez,Female,56,George,South Africa
2280,Amelia Sithole,Female,66,Plymouth,UK
2281,Ryan Harris,Male,67,Boksburg,South Africa
2282,Hannah Jones,Female,28,San Jose,USA
2283,Samuel Mkhize,Male,26,Los Angeles,USA
2284,Musa Cele,Male,69,George,South Africa
2285,Jordan Smith,Male,60,Bloemfontein,South Africa
2286,Lerato Dlamini,Female,29,East London,South Africa
2287,Ava Davies,Female,27,Louisville,USA
2288,Sophia Shabalala,Female,28,Sandton,South Africa
2289,Phindile Mokoena,Female,48,Charlotte,USA
2290,Nhlanhla Zulu,Male,42,Port Elizabeth,South Africa
2291,Khanyisile Green,Female,36,Nottingham,UK
2292,Neha Taylor,Female,40,Memphis,USA
2293,Sandile Govender,Male,67,Rustenburg,South Africa
2294,Priya Smith,Female,57,Fort Worth,USA
2295,Lehlohonolo Sithole,Male,26,Los Angeles,USA
2296,Musa Martin,Male,23,Bloemfontein,South Africa
2297,Ella Clarke,Female,37,Sandton,South Africa
2298,Mandla White,Male,29,Randburg,South Africa
2299,Jordan Dlamini,Male,40,Houston,USA
2300,Amanda Johnson,Female,28,Boksburg,South Africa
2301,Nobuhle Martinez,Female,18,Portland,USA
2302,Madison Miller,Female,37,Pretoria,South Africa
2303,Priya Perez,Female,67,Austin,USA
2304,Charlotte Govender,Female,45,Fort Worth,USA
2305,Ethan Smith,Male,39,Wolverhampton,UK
2306,Nokwanda Kunene,Female,70,Charlotte,USA
2307,Emily Robinson,Female,36,Sandton,South Africa
2308,Jasmine Miller,Female,56,Dallas,USA
2309,Brittany Walker,Female,67,Stoke-on-Trent,UK
2310,Zanele Walker,Female,40,Soweto,South Africa
2311,Lerato Brown,Female,56,Cape Town,South Africa
2312,Nompumelelo Govender,Female,23,Phoenix,USA
2313,Tebogo Ngcobo,Male,45,Leicester,UK
2314,Phindile Davies,Female,70,Plymouth,UK
2315,Amelia Taylor,Female,38,Port Elizabeth,South Africa
2316,Elijah Kunene,Male,64,Kimberley,South Africa
2317,Kayla Williams,Female,29,Liverpool,UK
2318,David Martin,Male,25,Denver,USA
2319,Lerato Kunene,Female,52,Edinburgh,UK
2320,Jayden Mahlangu,Male,31,Columbus,USA
2321,Nokukhanya Reddy,Female,35,Los Angeles,USA
2322,Barbara Reddy,Female,61,Johannesburg,South Africa
2323,Thandeka Williams,Female,68,Port Elizabeth,South Africa
2324,Palesa Robinson,Female,56,Nashville,USA
2325,Mia Molefe,Female,32,Pietermaritzburg,South Africa
2326,Jack Clarke,Male,64,Charlotte,USA
2327,Bongiwe Baker,Female,52,Roodepoort,South Africa
2328,Brandon Adams,Male,38,Soweto,South Africa
2329,Jordan Ngcobo,Male,31,Philadelphia,USA
2330,Ayanda Thomas,Female,20,Denver,USA
2331,Tebogo Masondo,Male,53,Manchester,UK
2332,Khulekani Mnguni,Male,41,Pietermaritzburg,South Africa
2333,Nobuhle Robinson,Female,19,Boksburg,South Africa
2334,Henry Carter,Male,54,Johannesburg,South Africa
2335,Emma Masondo,Female,33,Roodepoort,South Africa
2336,Elijah Mthembu,Male,24,East London,South Africa
2337,Samuel Walker,Male,29,Coventry,UK
2338,Lauren Mokoena,Female,44,Liverpool,UK
2339,Khanyisile Mitchell,Female,58,Pietermaritzburg,South Africa
2340,Lindiwe Thomas,Female,49,San Jose,USA
2341,Nomsa Govender,Female,43,Roodepoort,South Africa
2342,Nozipho Robinson,Female,59,Pretoria,South Africa
2343,Hannah White,Female,44,Johannesburg,South Africa
2344,Mason Majola,Male,23,Memphis,USA
2345,Olivia Green,Female,57,Boksburg,South Africa
2346,Nobuhle Nkosi,Female,41,Benoni,South Africa
2347,Emma Kunene,Female,30,Sheffield,UK
2348,Jasmine Evans,Female,29,Las Vegas,USA
2349,Tyler Ntuli,Male,36,Johannesburg,South Africa
2350,Samuel Robinson,Male,47,Benoni,South Africa
2351,Nompumelelo Govender,Female,47,Houston,USA
2352,Sharon Naidoo,Female,33,Chicago,USA
2353,Khulekani Brown,Male,61,Miami,USA
2354,Sharon Phillips,Female,22,Dallas,USA
2355,Karabo Hlongwane,Male,63,Sandton,South Africa
2356,Siyanda Anderson,Male,70,Los Angeles,USA
2357,Kayla Kunene,Female,58,Columbus,USA
2358,Leo Cele,Male,34,Denver,USA
2359,Lesedi Pillay,Male,41,Pietermaritzburg,South Africa
2360,Andrew Davies,Male,68,Dallas,USA
2361,Brandon Taylor,Male,47,Belfast,UK
2362,Nhlanhla Price,Male,39,Soweto,South Africa
2363,Jennifer Garcia,Female,62,Nelspruit,South Africa
2364,Nhlanhla Mkhize,Male,27,New York,USA
2365,Thomas Perez,Male,54,Kimberley,South Africa
2366,Ntombi Naidoo,Female,54,Atlanta,USA
2367,Nobuhle Walker,Female,27,Las Vegas,USA
2368,Ethan Walker,Male,42,Polokwane,South Africa
2369,Joseph Mokoena,Male,55,Boksburg,South Africa
2370,Mandla Mitchell,Male,64,Miami,USA
2371,Aisha Pillay,Female,40,Denver,USA
2372,Anisha Perez,Female,42,Belfast,UK
2373,Charles Mnguni,Male,48,George,South Africa
2374,Kabelo Moore,Male,39,East London,South Africa
2375,Ethan Lewis,Male,56,Houston,USA
2376,Marcus Ngcobo,Male,47,Nashville,USA
2377,David Mnguni,Male,32,Jacksonville,USA
2378,Caleb Zulu,Male,39,Dallas,USA
2379,Alexander Wilson,Male,46,San Diego,USA
2380,Mandla Reddy,Male,62,Edinburgh,UK
2381,Mpho Martinez,Male,29,Benoni,South Africa
2382,Emma Lewis,Female,23,Memphis,USA
2383,Christopher Ntuli,Male,51,East London,South Africa
2384,Nkosi Shabalala,Male,47,Cape Town,South Africa
2385,Jennifer Taylor,Female,30,Charlotte,USA
2386,Mohammed Singh,Male,24,San Antonio,USA
2387,Lerato Johnson,Female,55,Pretoria,South Africa
2388,Khanyisile Patel,Female,55,Derby,UK
2389,Sophia Hughes,Female,66,Nelspruit,South Africa
2390,Bongiwe Govender,Female,39,Miami,USA
2391,Ntombifuthi Hall,Female,34,Edinburgh,UK
2392,Palesa Majola,Female,37,Houston,USA
2393,Yusuf Smith,Male,38,Plymouth,UK
2394,Fatima Naidoo,Female,29,Witbank,South Africa
2395,Mia Thompson,Female,39,Seattle,USA
2396,Bongani Ndlovu,Male,66,Kimberley,South Africa
2397,Ashley Mnguni,Female,48,Kimberley,South Africa
2398,Samuel Buthelezi,Male,38,George,South Africa
2399,Joseph Naidoo,Male,57,Austin,USA
2400,Ntombifuthi White,Female,67,San Diego,USA
2401,Aisha Hall,Female,41,Pietermaritzburg,South Africa
2402,Stephanie Scott,Female,46,Boksburg,South Africa
2403,Nozipho White,Female,18,Fort Worth,USA
2404,Ryan Carter,Male,59,Newcastle,UK
2405,Olivia Singh,Female,31,Dallas,USA
2406,Stephanie Perez,Female,19,George,South Africa
2407,Emma Singh,Female,69,Randburg,South Africa
2408,Rebecca Lewis,Female,24,Bloemfontein,South Africa
2409,Busisiwe Shabalala,Female,64,Los Angeles,USA
2410,Phindile Masondo,Female,33,Benoni,South Africa
2411,Emily Zulu,Female,21,Dallas,USA
2412,Samantha Clarke,Female,25,Memphis,USA
2413,Tyler Jackson,Male,70,Port Elizabeth,South Africa
2414,Grace Singh,Female,53,Polokwane,South Africa
2415,Grace Vilakazi,Female,66,Seattle,USA
2416,Phindile Williams,Female,26,Chicago,USA
2417,Rebecca Mitchell,Female,67,East London,South Africa
2418,Tyler Robinson,Male,32,Austin,USA
2419,Tshepo Price,Male,34,New York,USA
2420,Liam Jackson,Male,45,Sandton,South Africa
2421,David Mnguni,Male,21,Plymouth,UK
2422,Olivia Martin,Female,20,Cardiff,UK
2423,Nandi Baker,Female,58,Durban,South Africa
2424,Daniel Khumalo,Male,52,Randburg,South Africa
2425,Samuel Robinson,Male,57,San Antonio,USA
2426,Sibusiso Martin,Male,70,Soweto,South Africa
2427,Lehlohonolo Baker,Male,22,Boksburg,South Africa
2428,Brianna Mnguni,Female,67,Columbus,USA
2429,Caleb Walker,Male,18,Fort Worth,USA
2430,James Molefe,Male,38,Nelspruit,South Africa
2431,Benjamin Green,Male,52,Portland,USA
2432,Sibusiso Carter,Male,63,Glasgow,UK
2433,Sibusiso Cele,Male,31,Pretoria,South Africa
2434,Arjun Davis,Male,67,Rustenburg,South Africa
2435,Tyler Scott,Male,32,San Antonio,USA
2436,Nomsa Harris,Female,35,East London,South Africa
2437,Olivia Mkhize,Female,46,George,South Africa
2438,Nathan Khan,Male,42,Soweto,South Africa
2439,Nokwanda Khan,Female,67,Pretoria,South Africa
2440,Themba Majola,Male,55,Houston,USA
2441,Nhlanhla Khan,Male,25,Derby,UK
2442,Nokukhanya Scott,Female,44,Durban,South Africa
2443,Aisha Hughes,Female,50,Soweto,South Africa
2444,James Turner,Male,69,Pretoria,South Africa
2445,Jasmine Wood,Female,22,Kimberley,South Africa
2446,Mpho Dlamini,Male,59,Fort Worth,USA
2447,Olivia Lewis,Female,64,Austin,USA
2448,Ethan Davies,Male,29,Phoenix,USA
2449,Mason Mahlangu,Male,66,Benoni,South Africa
2450,Charles Walker,Male,41,Philadelphia,USA
2451,Zanele Govender,Female,51,Sheffield,UK
2452,Patricia Khumalo,Female,68,Sandton,South Africa
2453,Musa Thomas,Male,58,Nelspruit,South Africa
2454,Olivia Jones,Female,39,Sandton,South Africa
2455,Khulekani Cele,Male,44,George,South Africa
2456,Sipho Zulu,Male,18,Polokwane,South Africa
2457,Ryan Moore,Male,25,Newcastle,UK
2458,Rebecca Hlongwane,Female,46,Benoni,South Africa
2459,Musa Mahlangu,Male,48,Liverpool,UK
2460,Tyler Vilakazi,Male,41,Leeds,UK
2461,Fatima Singh,Female,26,Port Elizabeth,South Africa
2462,Sandile Dlamini,Male,65,George,South Africa
2463,Patricia Ndlovu,Female,33,Bloemfontein,South Africa
2464,Brittany Robinson,Female,60,Miami,USA
2465,Nozipho Ntuli,Female,38,Port Elizabeth,South Africa
2466,Khulekani Phillips,Male,58,East London,South Africa
2467,James Cele,Male,58,Polokwane,South Africa
2468,Caleb Green,Male,18,Atlanta,USA
2469,Nokwanda Thomas,Female,46,Newcastle,UK
2470,Neha Thompson,Female,25,Nashville,USA
2471,Brittany Reddy,Female,34,Sandton,South Africa
2472,Sibongile Zulu,Female,60,Plymouth,UK
2473,Isabella Mitchell,Female,45,Seattle,USA
2474,Leo Sithole,Male,47,Leeds,UK
2475,Harper Nelson,Female,37,Seattle,USA
2476,Charles Majola,Male,29,Randburg,South Africa
2477,Ethan Molefe,Male,67,Rustenburg,South Africa
2478,Samuel Mnguni,Male,51,Roodepoort,South Africa
2479,Neha Sithole,Female,62,Plymouth,UK
2480,Jayden Naidoo,Male,24,Nashville,USA
2481,David Buthelezi,Male,52,Derby,UK
2482,Rebecca Singh,Female,35,George,South Africa
2483,Destiny Zwane,Female,44,Newcastle,UK
2484,Harper Hall,Female,18,Roodepoort,South Africa
2485,Thandeka Moore,Female,21,Phoenix,USA
2486,Mohammed Naidoo,Male,66,Edinburgh,UK
2487,Jennifer Naidoo,Female,59,Boksburg,South Africa
2488,Nkosi Nelson,Male,22,Nelspruit,South Africa
2489,Christopher Thomas,Male,25,Denver,USA
2490,Lungelo Thompson,Male,27,Louisville,USA
2491,Sophia Mthembu,Female,51,Pretoria,South Africa
2492,Lindiwe Thompson,Female,37,Stoke-on-Trent,UK
2493,Ella Taylor,Female,66,Cardiff,UK
2494,Amelia Turner,Female,34,Soweto,South Africa
2495,Hannah Pillay,Female,63,Atlanta,USA
2496,Lindiwe Zwane,Female,24,Benoni,South Africa
2497,Nompumelelo Ngcobo,Female,62,Nottingham,UK
2498,Tebogo Ndlovu,Male,67,Nelspruit,South Africa
2499,Bongiwe Kunene,Female,39,Nelspruit,South Africa
2500,Ava Johnson,Female,24,Atlanta,USA
2501,Benjamin Ngcobo,Male,32,Portland,USA
2502,Mia Masondo,Female,53,Denver,USA
2503,Sofia Zwane,Female,60,Benoni,South Africa
2504,Benjamin Zulu,Male,54,Polokwane,South Africa
2505,Hannah White,Female,70,Cape Town,South Africa
2506,Ntombifuthi Thompson,Female,47,Miami,USA
2507,Caleb Martin,Male,60,Bradford,UK
2508,Oliver Baker,Male,24,Witbank,South Africa
2509,Lesedi Martinez,Male,34,Rustenburg,South Africa
2510,Nompumelelo Lewis,Female,46,Austin,USA
2511,Phindile Price,Female,67,San Antonio,USA
2512,Nokukhanya Thomas,Female,66,Bloemfontein,South Africa
2513,Rebecca Nkosi,Female,39,Roodepoort,South Africa
2514,Tyler Wood,Male,24,Manchester,UK
2515,Ashley Ngcobo,Female,58,George,South Africa
2516,Mandla Masondo,Male,40,Soweto,South Africa
2517,Nozipho Naidoo,Female,28,Pretoria,South Africa
2518,Benjamin Wood,Male,50,Seattle,USA
2519,Nozipho Hlongwane,Female,29,Durban,South Africa
2520,George Nkosi,Male,63,Portland,USA
2521,Rebecca Price,Female,27,Seattle,USA
2522,Kayla Mkhize,Female,42,Kimberley,South Africa
2523,Tyler Molefe,Male,46,Edinburgh,UK
2524,Kabelo Lewis,Male,19,Las Vegas,USA
2525,Nkosi Molefe,Male,46,San Antonio,USA
2526,James Walker,Male,33,Derby,UK
2527,Stephanie Thompson,Female,44,Denver,USA
2528,Ryan Reddy,Male,51,Nashville,USA
2529,Nokukhanya Price,Female,63,Jacksonville,USA
2530,Madison Perez,Female,41,Edinburgh,UK
2531,Neha Carter,Female,22,Glasgow,UK
2532,Sharon Davies,Female,68,Phoenix,USA
2533,Andrew Majola,Male,63,Austin,USA
2534,Alexander Sithole,Male,64,Roodepoort,South Africa
2535,Jordan Roberts,Male,54,Newcastle,UK
2536,Fatima Martin,Female,22,Sheffield,UK
2537,Daniel Garcia,Male,53,Jacksonville,USA
2538,Sharon Cele,Female,22,Chicago,USA
2539,Grace Hughes,Female,64,Benoni,South Africa
2540,Madison Mkhize,Female,43,Soweto,South Africa
2541,Neha Hall,Female,39,Randburg,South Africa
2542,Ella Vilakazi,Female,61,New York,USA
2543,Karabo Carter,Male,55,Durban,South Africa
2544,Vikram Jackson,Male,64,East London,South Africa
2545,Lucas Govender,Male,29,Sandton,South Africa
2546,Brandon Nkosi,Male,24,Wolverhampton,UK
2547,Amanda Jackson,Female,42,Phoenix,USA
2548,Zanele Zulu,Female,37,Witbank,South Africa
2549,Fatima Nkosi,Female,29,East London,South Africa
2550,Marcus Dlamini,Male,39,Houston,USA
2551,Olivia Wilson,Female,53,Rustenburg,South Africa
2552,Sipho Smith,Male,51,Pietermaritzburg,South Africa
2553,Lerato Jones,Female,69,Wolverhampton,UK
2554,Rebecca Moore,Female,29,Benoni,South Africa
2555,Zanele Hlongwane,Female,31,Leeds,UK
2556,Lucas Perez,Male,54,Soweto,South Africa
2557,Ravi Buthelezi,Male,70,London,UK
2558,Matthew Hlongwane,Male,68,Bristol,UK
2559,Mia Nelson,Female,61,Randburg,South Africa
2560,Christopher Zulu,Male,49,Port Elizabeth,South Africa
2561,Brianna Phillips,Female,68,Pretoria,South Africa
2562,Brandon Davies,Male,41,Sandton,South Africa
2563,William Thomas,Male,20,Sandton,South Africa
2564,Joseph Zwane,Male,23,Austin,USA
2565,Nozipho Vilakazi,Female,59,Pietermaritzburg,South Africa
2566,Nathan Singh,Male,36,Nottingham,UK
2567,Madison Turner,Female,23,Atlanta,USA
2568,Tyler Shabalala,Male,57,Sandton,South Africa
2569,Khanyisile Wilson,Female,51,Bradford,UK
2570,Musa Vilakazi,Male,29,Memphis,USA
2571,Arjun Jones,Male,21,Coventry,UK
2572,Marcus Hlongwane,Male,21,Nottingham,UK
2573,Ravi Perez,Male,61,San Antonio,USA
2574,Jordan Reddy,Male,32,Chicago,USA
2575,Yusuf Khan,Male,54,New York,USA
2576,Matthew Turner,Male,31,Leeds,UK
2577,Sophia Evans,Female,60,Cardiff,UK
2578,Elijah Sithole,Male,41,Coventry,UK
2579,Ethan Cele,Male,56,Nelspruit,South Africa
2580,Nobuhle Wood,Female,31,Liverpool,UK
2581,Phindile Johnson,Female,44,Coventry,UK
2582,Stephanie Patel,Female,70,Dallas,USA
2583,Tebogo Anderson,Male,20,Charlotte,USA
2584,Kabelo Molefe,Male,22,Houston,USA
2585,Christopher Masondo,Male,22,Pietermaritzburg,South Africa
2586,Khulekani Hughes,Male,61,Las Vegas,USA
2587,Nandi Hlongwane,Female,36,Boksburg,South Africa
2588,Mia Mthembu,Female,43,Bradford,UK
2589,Daniel Ngcobo,Male,30,Cape Town,South Africa
2590,Aisha Ndlovu,Female,25,George,South Africa
2591,George Moore,Male,33,Rustenburg,South Africa
2592,Nokukhanya Cele,Female,46,Los Angeles,USA
2593,Sibusiso Khan,Male,64,Boksburg,South Africa
2594,Ethan Adams,Male,34,Leicester,UK
2595,Nokwanda Wilson,Female,43,Kimberley,South Africa
2596,Sandile Reddy,Male,58,Soweto,South Africa
2597,Charles Thompson,Male,22,Derby,UK
2598,Emma Naidoo,Female,27,Austin,USA
2599,Liam Moore,Male,44,New York,USA
2600,Lesedi Green,Male,41,Pretoria,South Africa
2601,James Turner,Male,18,Fort Worth,USA
2602,Joseph Molefe,Male,66,Denver,USA
2603,Oliver Mahlangu,Male,54,San Jose,USA
2604,Samantha Evans,Female,61,Dallas,USA
2605,Bongiwe Martinez,Female,48,Glasgow,UK
2606,Neha Mitchell,Female,32,Bloemfontein,South Africa
2607,Ayanda Naidoo,Female,41,Columbus,USA
2608,Ella Davis,Female,47,Roodepoort,South Africa
2609,Caleb Ntuli,Male,58,George,South Africa
2610,Patricia White,Female,47,Charlotte,USA
2611,Brianna Mitchell,Female,39,George,South Africa
2612,Lesedi Mnguni,Male,31,East London,South Africa
2613,Charles Mitchell,Male,47,Louisville,USA
2614,Jasmine Wood,Female,31,Sandton,South Africa
2615,Arjun Garcia,Male,37,Derby,UK
2616,Emily Singh,Female,31,Bloemfontein,South Africa
2617,Susan Zwane,Female,45,Soweto,South Africa
2618,Mpho Khan,Male,42,Philadelphia,USA
2619,Nokukhanya Buthelezi,Female,59,East London,South Africa
2620,Ryan Scott,Male,47,Port Elizabeth,South Africa
2621,Ashley Mnguni,Female,65,Los Angeles,USA
2622,William Moore,Male,23,Cape Town,South Africa
2623,Rebecca Nkosi,Female,38,Leicester,UK
2624,Khulekani Buthelezi,Male,31,Durban,South Africa
2625,Victoria Scott,Female,55,Newcastle,UK
2626,Brittany Govender,Female,36,Roodepoort,South Africa
2627,Christopher Buthelezi,Male,28,Roodepoort,South Africa
2628,Nomsa Mahlangu,Female,62,Edinburgh,UK
2629,Kabelo Cele,Male,46,Cape Town,South Africa
2630,Thomas Turner,Male,48,Bloemfontein,South Africa
2631,Benjamin Mitchell,Male,46,Philadelphia,USA
2632,Linda Williams,Female,49,Wolverhampton,UK
2633,Patricia Adams,Female,23,Manchester,UK
2634,Mason Hall,Male,61,Port Elizabeth,South Africa
2635,Matthew Singh,Male,58,Durban,South Africa
2636,Sofia Ngcobo,Female,19,Denver,USA
2637,Nomsa Mitchell,Female,34,Nelspruit,South Africa
2638,Yusuf Scott,Male,28,Polokwane,South Africa
2639,Ayanda Garcia,Female,45,Nelspruit,South Africa
2640,Sibongile Dlamini,Female,39,Phoenix,USA
2641,Khulekani Williams,Male,37,Sandton,South Africa
2642,Destiny Brown,Female,62,Las Vegas,USA
2643,Brittany Mitchell,Female,69,Columbus,USA
2644,Ntombi Adams,Female,26,Liverpool,UK
2645,Yusuf Clarke,Male,35,Soweto,South Africa
2646,Alexander Scott,Male,50,London,UK
2647,Alexander Ndlovu,Male,33,Rustenburg,South Africa
2648,Ethan Evans,Male,67,Durban,South Africa
2649,Lesedi Johnson,Male,65,Derby,UK
2650,Ethan Martinez,Male,58,Leeds,UK
2651,Noah Mkhize,Male,30,Manchester,UK
2652,George Nkosi,Male,18,Polokwane,South Africa
2653,Noah Dlamini,Male,42,Randburg,South Africa
2654,Mohammed Singh,Male,63,Derby,UK
2655,Mohammed Clarke,Male,64,Los Angeles,USA
2656,Zanele Majola,Female,18,East London,South Africa
2657,Ella Vilakazi,Female,54,Leeds,UK
2658,Bongani Reddy,Male,38,San Diego,USA
2659,Caleb Walker,Male,56,Kimberley,South Africa
2660,Dylan Hughes,Male,70,Polokwane,South Africa
2661,Lehlohonolo Hughes,Male,36,Chicago,USA
2662,Jack Ngcobo,Male,40,Birmingham,UK
2663,Ava Garcia,Female,18,Manchester,UK
2664,Hannah Mitchell,Female,62,Portland,USA
2665,Samuel Price,Male,64,Newcastle,UK
2666,Nokukhanya Shabalala,Female,41,Louisville,USA
2667,Ashley Vilakazi,Female,65,Boksburg,South Africa
2668,Harry Carter,Male,44,Charlotte,USA
2669,Susan Thomas,Female,47,Newcastle,UK
2670,Ella Cele,Female,65,Columbus,USA
2671,Charles Mkhize,Male,68,Port Elizabeth,South Africa
2672,Jasmine Johnson,Female,45,Portland,USA
2673,Ethan Reddy,Male,31,George,South Africa
2674,Ella Roberts,Female,39,Sandton,South Africa
2675,Nomsa Hall,Female,53,East London,South Africa
2676,Sofia Ngcobo,Female,45,Bloemfontein,South Africa
2677,Sibongile Wilson,Female,40,Manchester,UK
2678,Ntombi Shabalala,Female,56,Polokwane,South Africa
2679,Amanda Mokoena,Female,44,San Jose,USA
2680,Brandon Wood,Male,61,Boston,USA
2681,Lucas Ntuli,Male,51,Rustenburg,South Africa
2682,Jayden Mahlangu,Male,22,Rustenburg,South Africa
2683,Nompumelelo Khan,Female,38,Austin,USA
2684,Jennifer Lewis,Female,53,Pietermaritzburg,South Africa
2685,Christopher Ntuli,Male,38,Denver,USA
2686,Karabo Evans,Male,70,Belfast,UK
2687,Patricia Williams,Female,38,Houston,USA
2688,Nozipho Cele,Female,57,Randburg,South Africa
2689,Brianna Roberts,Female,22,East London,South Africa
2690,Ntombi Cele,Female,41,Birmingham,UK
2691,Nompumelelo Molefe,Female,58,Rustenburg,South Africa
2692,Emma Cele,Female,68,Pietermaritzburg,South Africa
2693,Ashley Hlongwane,Female,30,Bradford,UK
2694,Siyanda Wilson,Male,65,Plymouth,UK
2695,Nompumelelo Turner,Female,45,New York,USA
2696,Ayanda Khan,Female,27,Johannesburg,South Africa
2697,Ava Perez,Female,47,Phoenix,USA
2698,Bongiwe Turner,Female,53,Soweto,South Africa
2699,Mia Lewis,Female,47,Benoni,South Africa
2700,Nandi Naidoo,Female,55,Johannesburg,South Africa
2701,Noah Green,Male,53,Phoenix,USA
2702,Stephanie Turner,Female,53,Witbank,South Africa
2703,Kayla Govender,Female,38,Louisville,USA
2704,Lehlohonolo Clarke,Male,38,Denver,USA
2705,Thomas Kunene,Male,21,Las Vegas,USA
2706,Yusuf Moore,Male,22,Pretoria,South Africa
2707,Karabo Evans,Male,23,Jacksonville,USA
2708,Ava Jackson,Female,39,Atlanta,USA
2709,Neha Wilson,Female,51,George,South Africa
2710,Daniel Nkosi,Male,70,Bloemfontein,South Africa
2711,Nhlanhla Price,Male,32,Roodepoort,South Africa
2712,Noah Molefe,Male,48,Polokwane,South Africa
2713,Ethan Mkhize,Male,50,George,South Africa
2714,Olivia Kunene,Female,66,Johannesburg,South Africa
2715,Emma Moore,Female,20,Cape Town,South Africa
2716,Sandile Masondo,Male,18,Durban,South Africa
2717,Priya Pillay,Female,43,Roodepoort,South Africa
2718,Andrew Clarke,Male,35,Miami,USA
2719,Nomsa Singh,Female,66,Austin,USA
2720,Tyler Price,Male,43,Kimberley,South Africa
2721,Olivia Garcia,Female,56,Plymouth,UK
2722,Thandeka Reddy,Female,25,Pretoria,South Africa
2723,Bongani Hall,Male,62,Denver,USA
2724,Jasmine Robinson,Female,21,San Diego,USA
2725,Thandeka Kunene,Female,19,East London,South Africa
2726,Charles Baker,Male,31,Memphis,USA
2727,Busisiwe Green,Female,47,Derby,UK
2728,Andrew Masondo,Male,48,San Jose,USA
2729,Jack Ndlovu,Male,18,Derby,UK
2730,Joseph Johnson,Male,35,Bristol,UK
2731,Destiny Naidoo,Female,24,East London,South Africa
2732,Dylan Perez,Male,22,Johannesburg,South Africa
2733,Khanyisile Brown,Female,25,Nelspruit,South Africa
2734,Susan Khan,Female,25,London,UK
2735,Zanele Johnson,Female,25,Polokwane,South Africa
2736,Sharon Roberts,Female,35,Boksburg,South Africa
2737,Isabella Buthelezi,Female,31,George,South Africa
2738,Harry Ngcobo,Male,45,Nottingham,UK
2739,James Davis,Male,60,Nelspruit,South Africa
2740,Busisiwe Shabalala,Female,30,London,UK
2741,Sharon Patel,Female,33,New York,USA
2742,Charles Martin,Male,53,Belfast,UK
2743,Karabo Miller,Male,36,Benoni,South Africa
2744,Brianna Mahlangu,Female,52,Rustenburg,South Africa
2745,Tyler Nelson,Male,44,George,South Africa
2746,Brianna Nelson,Female,67,Sandton,South Africa
2747,Jasmine Martin,Female,23,Phoenix,USA
2748,Susan Carter,Female,59,Louisville,USA
2749,Thomas Davis,Male,39,Nashville,USA
2750,Lucas Adams,Male,52,Memphis,USA
2751,Joseph Mkhize,Male,70,Las Vegas,USA
2752,Ava White,Female,25,Stoke-on-Trent,UK
2753,Vikram Ndlovu,Male,54,Roodepoort,South Africa
2754,Khulekani Sithole,Male,61,Austin,USA
2755,Charlotte Green,Female,64,Leicester,UK
2756,Anisha Anderson,Female,32,Memphis,USA
2757,Phindile Ndlovu,Female,32,Charlotte,USA
2758,David Patel,Male,63,Randburg,South Africa
2759,Yusuf Cele,Male,22,San Jose,USA
2760,Nhlanhla Thomas,Male,37,Stoke-on-Trent,UK
2761,Michael Patel,Male,19,Kimberley,South Africa
2762,Lungelo Reddy,Male,70,Chicago,USA
2763,Mandla Garcia,Male,25,Rustenburg,South Africa
2764,Sophia Hall,Female,39,East London,South Africa
2765,Madison Shabalala,Female,58,Los Angeles,USA
2766,Amelia Ngcobo,Female,38,Nelspruit,South Africa
2767,Sharon Phillips,Female,66,Houston,USA
2768,Phindile Nelson,Female,61,New York,USA
2769,Amelia Masondo,Female,66,Belfast,UK
2770,Neha Nkosi,Female,23,Pretoria,South Africa
2771,Destiny Adams,Female,33,Atlanta,USA
2772,Tyler Wood,Male,53,Charlotte,USA
2773,Henry Jackson,Male,24,Port Elizabeth,South Africa
2774,Matthew Majola,Male,46,Bloemfontein,South Africa
2775,Palesa Phillips,Female,69,Birmingham,UK
2776,Hannah Mthembu,Female,62,Philadelphia,USA
2777,Nandi Naidoo,Female,20,Pietermaritzburg,South Africa
2778,Charlotte Buthelezi,Female,22,Sandton,South Africa
2779,James Phillips,Male,67,Nashville,USA
2780,Sibusiso Turner,Male,20,Polokwane,South Africa
2781,Sharon Ngcobo,Female,32,Las Vegas,USA
2782,Leo Pillay,Male,26,Benoni,South Africa
2783,Nathan Ngcobo,Male,41,Columbus,USA
2784,Karabo Mnguni,Male,62,Roodepoort,South Africa
2785,Ryan Mahlangu,Male,20,Roodepoort,South Africa
2786,Isabella Moore,Female,23,Rustenburg,South Africa
2787,Kayla Majola,Female,33,Glasgow,UK
2788,Oliver Naidoo,Male,23,Portland,USA
2789,Nathan Vilakazi,Male,41,Atlanta,USA
2790,William Reddy,Male,55,Roodepoort,South Africa
2791,Sandile Singh,Male,27,George,South Africa
2792,Jayden Wilson,Male,50,Houston,USA
2793,Hannah Mnguni,Female,18,Port Elizabeth,South Africa
2794,Barbara Davies,Female,48,Bradford,UK
2795,Aisha Shabalala,Female,31,George,South Africa
2796,Ethan Ntuli,Male,50,Durban,South Africa
2797,Priya Taylor,Female,54,Witbank,South Africa
2798,Lindiwe Price,Female,44,Witbank,South Africa
2799,Charles Green,Male,67,East London,South Africa
2800,Kayla Garcia,Female,56,Edinburgh,UK
2801,Mohammed Kunene,Male,44,Louisville,USA
2802,Nkosi Zwane,Male,36,Chicago,USA
2803,Sofia Jones,Female,44,Durban,South Africa
2804,Sibusiso Davis,Male,41,Nelspruit,South Africa
2805,Ntombifuthi Adams,Female,37,Derby,UK
2806,Barbara Wood,Female,48,Fort Worth,USA
2807,Mohammed Adams,Male,23,Austin,USA
2808,Mandla Roberts,Male,35,Derby,UK
2809,Tyler Green,Male,33,Jacksonville,USA
2810,Nokwanda Baker,Female,51,Dallas,USA
2811,Sofia Harris,Female,60,Louisville,USA
2812,Alexander Walker,Male,30,Jacksonville,USA
2813,Thandeka Robinson,Female,55,Houston,USA
2814,Bongiwe Davies,Female,31,Nashville,USA
2815,Zanele Ngcobo,Female,41,Sandton,South Africa
2816,Susan Martinez,Female,52,Nelspruit,South Africa
2817,Mandla Mthembu,Male,42,Coventry,UK
2818,Jack Patel,Male,69,Belfast,UK
2819,Susan Lewis,Female,50,San Antonio,USA
2820,Emily Harris,Female,58,Derby,UK
2821,Mohammed Martin,Male,42,Port Elizabeth,South Africa
2822,Liam Mitchell,Male,66,Birmingham,UK
2823,Joseph Moore,Male,35,Roodepoort,South Africa
2824,Harper Zulu,Female,65,San Antonio,USA
2825,Christopher Wilson,Male,18,Benoni,South Africa
2826,Nandi Martin,Female,33,Benoni,South Africa
2827,Susan Carter,Female,33,Roodepoort,South Africa
2828,Nozipho Molefe,Female,28,Coventry,UK
2829,Arjun Williams,Male,28,Benoni,South Africa
2830,Amanda Masondo,Female,25,Witbank,South Africa
2831,Nkosi Martinez,Male,57,Bloemfontein,South Africa
2832,Thabo Ndlovu,Male,18,Kimberley,South Africa
2833,Hannah Phillips,Female,46,Pretoria,South Africa
2834,Ryan Thompson,Male,46,George,South Africa
2835,Olivia Vilakazi,Female,66,Sandton,South Africa
2836,Jennifer Mnguni,Female,39,Sandton,South Africa
2837,Stephanie Thompson,Female,56,Port Elizabeth,South Africa
2838,Lucas Turner,Male,28,San Antonio,USA
2839,Tyler Carter,Male,43,Kimberley,South Africa
2840,Elijah Mahlangu,Male,19,Denver,USA
2841,Lehlohonolo Moore,Male,46,New York,USA
2842,Grace Nelson,Female,41,Sandton,South Africa
2843,Busisiwe Garcia,Female,45,Nelspruit,South Africa
2844,Lindiwe Roberts,Female,41,Liverpool,UK
2845,Nomsa Pillay,Female,32,Plymouth,UK
2846,Joseph Brown,Male,42,Polokwane,South Africa
2847,Karabo Naidoo,Male,23,Seattle,USA
2848,Mandla Dlamini,Male,51,Newcastle,UK
2849,Siyanda Cele,Male,45,Bloemfontein,South Africa
2850,Ryan Wood,Male,28,San Diego,USA
2851,Henry Miller,Male,54,Memphis,USA
2852,Siyanda Mahlangu,Male,45,Edinburgh,UK
2853,Alexander Singh,Male,56,Chicago,USA
2854,Thabo Govender,Male,52,Soweto,South Africa
2855,Busisiwe Govender,Female,27,Philadelphia,USA
2856,William Johnson,Male,38,Liverpool,UK
2857,Ravi Majola,Male,21,Bloemfontein,South Africa
2858,Mohammed Buthelezi,Male,26,Benoni,South Africa
2859,Grace Lewis,Female,47,Bloemfontein,South Africa
2860,Karabo Davies,Male,28,Louisville,USA
2861,Jack Turner,Male,26,Soweto,South Africa
2862,Nobuhle Anderson,Female,53,Fort Worth,USA
2863,Ntombifuthi Zwane,Female,40,Denver,USA
2864,Nozipho Hughes,Female,51,Sheffield,UK
2865,Harper Brown,Female,31,Rustenburg,South Africa
2866,Charlotte Jackson,Female,42,Rustenburg,South Africa
2867,Tyler Masondo,Male,30,San Antonio,USA
2868,Khanyisile Cele,Female,46,Glasgow,UK
2869,Kayla Davies,Female,27,Polokwane,South Africa
2870,Ayanda Masondo,Female,43,Charlotte,USA
2871,Patricia Khan,Female,47,Cape Town,South Africa
2872,Ethan Zulu,Male,36,Rustenburg,South Africa
2873,Barbara Phillips,Female,59,Manchester,UK
2874,Lauren Kunene,Female,53,Atlanta,USA
2875,Marcus Baker,Male,30,Randburg,South Africa
2876,James Zulu,Male,27,Seattle,USA
2877,Emily Jones,Female,50,Randburg,South Africa
2878,Olivia Garcia,Female,43,Benoni,South Africa
2879,Lauren Green,Female,36,Randburg,South Africa
2880,Thomas Thompson,Male,66,Louisville,USA
2881,Kabelo Majola,Male,22,Glasgow,UK
2882,Brittany Thompson,Female,64,Dallas,USA
2883,Ethan Singh,Male,23,Dallas,USA
2884,Lindiwe Davis,Female,20,Port Elizabeth,South Africa
2885,Ryan Patel,Male,44,Phoenix,USA
2886,Emma Hughes,Female,31,Durban,South Africa
2887,Joseph Brown,Male,34,Chicago,USA
2888,Jordan Pillay,Male,61,Chicago,USA
2889,Amanda Adams,Female,57,Jacksonville,USA
2890,Ayanda Baker,Female,58,Miami,USA
2891,Kabelo Zwane,Male,61,Benoni,South Africa
2892,Sandile Williams,Male,45,Austin,USA
2893,Fatima Thomas,Female,21,Bristol,UK
2894,Mia Cele,Female,53,Polokwane,South Africa
2895,Jordan Buthelezi,Male,24,Miami,USA
2896,Alexis Thomas,Female,44,San Jose,USA
2897,Nkosi Naidoo,Male,57,Portland,USA
2898,Sibusiso Scott,Male,21,Witbank,South Africa
2899,Ryan Mahlangu,Male,19,Rustenburg,South Africa
2900,Musa Evans,Male,49,Belfast,UK
2901,Hannah Mokoena,Female,43,Polokwane,South Africa
2902,Nompumelelo Pillay,Female,39,Pietermaritzburg,South Africa
2903,Rebecca Dlamini,Female,24,Johannesburg,South Africa
2904,Arjun Harris,Male,49,Glasgow,UK
2905,James Mahlangu,Male,29,Kimberley,South Africa
2906,Nobuhle Carter,Female,60,Los Angeles,USA
2907,Christopher Wood,Male,39,Boksburg,South Africa
2908,Harry Smith,Male,70,Sheffield,UK
2909,Melissa Masondo,Female,24,Kimberley,South Africa
2910,David Clarke,Male,26,Benoni,South Africa
2911,Nomsa Kunene,Female,24,San Diego,USA
2912,Amelia Anderson,Female,39,Las Vegas,USA
2913,Amanda Garcia,Female,40,Bristol,UK
2914,Ntombifuthi Thomas,Female,44,Edinburgh,UK
2915,Sibongile Green,Female,31,Port Elizabeth,South Africa
2916,Harry Dlamini,Male,21,Houston,USA
2917,Leo Garcia,Male,26,Durban,South Africa
2918,Khanyisile Baker,Female,62,Polokwane,South Africa
2919,Madison Jackson,Female,25,Stoke-on-Trent,UK
2920,Susan Khan,Female,48,Jacksonville,USA
2921,Caleb Patel,Male,40,Cape Town,South Africa
2922,Destiny Reddy,Female,70,Portland,USA
2923,Jennifer Green,Female,46,Pietermaritzburg,South Africa
2924,Sibongile Scott,Female,66,Las Vegas,USA
2925,James Pillay,Male,34,Sandton,South Africa
2926,Ella Davis,Female,26,Benoni,South Africa
2927,Palesa Singh,Female,64,Cape Town,South Africa
2928,Tebogo Mitchell,Male,63,Benoni,South Africa
2929,Brittany Smith,Female,24,Miami,USA
2930,Lungelo Cele,Male,39,Memphis,USA
2931,Anisha Anderson,Female,51,Derby,UK
2932,Dylan Davis,Male,47,Wolverhampton,UK
2933,Neha Martinez,Female,20,Johannesburg,South Africa
2934,Hannah Moore,Female,48,Nottingham,UK
2935,Barbara Sithole,Female,38,Edinburgh,UK
2936,Ayanda Hall,Female,59,Edinburgh,UK
2937,Kayla Price,Female,18,Los Angeles,USA
2938,Michael Garcia,Male,33,Witbank,South Africa
2939,Jack Lewis,Male,52,Stoke-on-Trent,UK
2940,Olivia Majola,Female,64,Nashville,USA
2941,Khanyisile Miller,Female,49,Bradford,UK
2942,Khanyisile Khumalo,Female,33,Coventry,UK
2943,Zanele Vilakazi,Female,59,Witbank,South Africa
2944,Brandon Davies,Male,48,Port Elizabeth,South Africa
2945,Nomsa Walker,Female,60,Bloemfontein,South Africa
2946,Thandeka Naidoo,Female,41,Kimberley,South Africa
2947,Neha Moore,Female,22,Leeds,UK
2948,Nkosi Moore,Male,67,Louisville,USA
2949,Zanele Khumalo,Female,66,Houston,USA
2950,Priya Mthembu,Female,48,Dallas,USA
2951,Marcus Nkosi,Male,40,East London,South Africa
2952,Busisiwe Williams,Female,57,Manchester,UK
2953,Sipho Cele,Male,39,Roodepoort,South Africa
2954,Mohammed Nelson,Male,19,George,South Africa
2955,Mia Kunene,Female,67,Bradford,UK
2956,Bongani Shabalala,Male,67,Las Vegas,USA
2957,Khulekani Sithole,Male,60,Belfast,UK
2958,Destiny Green,Female,59,Cape Town,South Africa
2959,Nathan Patel,Male,18,New York,USA
2960,Ntombifuthi Adams,Female,44,New York,USA
2961,Sharon Robinson,Female,23,Pretoria,South Africa
2962,Benjamin Mkhize,Male,48,Seattle,USA
2963,Charlotte Brown,Female,68,Cardiff,UK
2964,Musa Hlongwane,Male,70,Cape Town,South Africa
2965,Noah Hall,Male,60,Glasgow,UK
2966,Melissa Turner,Female,27,Witbank,South Africa
2967,Vikram Mitchell,Male,22,Memphis,USA
2968,Alexis Williams,Female,19,Cardiff,UK
2969,Karabo Nkosi,Male,26,Derby,UK
2970,Jayden Khumalo,Male,24,Cardiff,UK
2971,Patricia Mthembu,Female,29,Denver,USA
2972,Sandile Miller,Male,35,Roodepoort,South Africa
2973,Alexander Vilakazi,Male,37,Bristol,UK
2974,Christopher Thomas,Male,66,Bristol,UK
2975,Ava Baker,Female,35,Phoenix,USA
2976,Leo Smith,Male,24,Birmingham,UK
2977,Amanda Mitchell,Female,43,Dallas,USA
2978,Benjamin Davies,Male,23,Bloemfontein,South Africa
2979,Tebogo Williams,Male,48,Port Elizabeth,South Africa
2980,Khulekani Kunene,Male,33,London,UK
2981,Grace Patel,Female,49,Los Angeles,USA
2982,Thandeka Phillips,Female,30,Bristol,UK
2983,Harper Thomas,Female,55,Boksburg,South Africa
2984,Palesa Davies,Female,57,Leeds,UK
2985,Ayanda Ngcobo,Female,18,Coventry,UK
2986,Khulekani Hughes,Male,62,Bloemfontein,South Africa
2987,Kabelo Davies,Male,26,San Diego,USA
2988,Khulekani Davis,Male,64,George,South Africa
2989,Lungelo Lewis,Male,25,Nashville,USA
2990,Karabo Khumalo,Male,62,Pretoria,South Africa
2991,Thandeka Garcia,Female,27,Pretoria,South Africa
2992,Ashley Jackson,Female,42,Portland,USA
2993,Samantha Singh,Female,58,George,South Africa
2994,Nokwanda Davies,Female,49,Dallas,USA
2995,Emily Hughes,Female,18,Bloemfontein,South Africa
2996,William Wilson,Male,65,San Jose,USA
2997,Ryan Khumalo,Male,36,Nelspruit,South Africa
2998,Dylan Johnson,Male,48,Miami,USA
2999,Benjamin Martinez,Male,40,Polokwane,South Africa
3000,Nokwanda Lewis,Female,48,Liverpool,UK
3001,Mohammed Molefe,Male,46,London,UK
3002,Lehlohonolo Masondo,Male,42,Roodepoort,South Africa
3003,Liam Roberts,Male,64,Nelspruit,South Africa
3004,Thabo Zwane,Male,69,George,South Africa
3005,Jack Ndlovu,Male,33,Liverpool,UK
3006,Nhlanhla Mnguni,Male,29,Miami,USA
3007,Ethan Williams,Male,38,Louisville,USA
3008,Grace Adams,Female,18,Philadelphia,USA
3009,Lesedi Wood,Male,64,Dallas,USA
3010,Hannah Singh,Female,58,Benoni,South Africa
3011,Mia Turner,Female,48,San Diego,USA
3012,Amelia Adams,Female,40,San Diego,USA
3013,Fatima Sithole,Female,45,London,UK
3014,Leo Mkhize,Male,32,Cape Town,South Africa
3015,Jordan Jackson,Male,52,Manchester,UK
3016,Tshepo Thompson,Male,63,East London,South Africa
3017,Jayden Zulu,Male,20,Boksburg,South Africa
3018,Charlotte Lewis,Female,59,Charlotte,USA
3019,George Adams,Male,33,Chicago,USA
3020,Jennifer Hlongwane,Female,65,Louisville,USA
3021,Harry Mahlangu,Male,62,Bloemfontein,South Africa
3022,Matthew Masondo,Male,70,Nottingham,UK
3023,Mia Nkosi,Female,50,Denver,USA
3024,Sophia Harris,Female,62,Rustenburg,South Africa
3025,Emma Pillay,Female,19,Nashville,USA
3026,Kabelo Lewis,Male,30,Bloemfontein,South Africa
3027,Khulekani Davis,Male,64,East London,South Africa
3028,Mason Walker,Male,47,Soweto,South Africa
3029,Henry Mkhize,Male,20,East London,South Africa
3030,Bongiwe Hall,Female,61,Durban,South Africa
3031,Mohammed Turner,Male,18,Cape Town,South Africa
3032,Tshepo White,Male,24,Bloemfontein,South Africa
3033,Jack Buthelezi,Male,44,Polokwane,South Africa
3034,Thabo Zwane,Male,63,Portland,USA
3035,Patricia Garcia,Female,28,Derby,UK
3036,Nathan Harris,Male,29,Charlotte,USA
3037,Ashley Price,Female,56,Johannesburg,South Africa
3038,Caleb Walker,Male,42,Charlotte,USA
3039,Charles Khumalo,Male,68,Los Angeles,USA
3040,Khulekani Hlongwane,Male,25,Fort Worth,USA
3041,Noah Zwane,Male,29,San Diego,USA
3042,Nkosi Miller,Male,50,Stoke-on-Trent,UK
3043,Nkosi Hlongwane,Male,53,Randburg,South Africa
3044,Mandla Price,Male,39,Philadelphia,USA
3045,Dylan Masondo,Male,31,Polokwane,South Africa
3046,Vikram Cele,Male,57,Witbank,South Africa
3047,Khulekani Green,Male,47,Nelspruit,South Africa
3048,Olivia Brown,Female,66,Johannesburg,South Africa
3049,Charles Jones,Male,23,Boksburg,South Africa
3050,George Patel,Male,48,Leeds,UK
3051,Jennifer Hlongwane,Female,59,Benoni,South Africa
3052,Lesedi Buthelezi,Male,40,Pretoria,South Africa
3053,Nozipho Walker,Female,34,Roodepoort,South Africa
3054,Lucas Vilakazi,Male,48,Randburg,South Africa
3055,Ethan Govender,Male,70,Miami,USA
3056,Tyler Turner,Male,48,Witbank,South Africa
3057,Olivia Davis,Female,56,Nelspruit,South Africa
3058,Elijah Nelson,Male,58,Rustenburg,South Africa
3059,Anisha Buthelezi,Female,43,Pretoria,South Africa
3060,Ryan Buthelezi,Male,69,Polokwane,South Africa
3061,Jasmine Miller,Female,41,Bloemfontein,South Africa
3062,Busisiwe Davis,Female,53,Nashville,USA
3063,Emily Jackson,Female,31,Benoni,South Africa
3064,Victoria Carter,Female,68,Derby,UK
3065,Mason Moore,Male,21,Cape Town,South Africa
3066,Charles Anderson,Male,34,Leeds,UK
3067,Mandla Price,Male,59,Sandton,South Africa
3068,Patricia Davies,Female,51,East London,South Africa
3069,Caleb Roberts,Male,33,Durban,South Africa
3070,Mpho Thomas,Male,57,Memphis,USA
3071,Vikram Wood,Male,44,Johannesburg,South Africa
3072,Thomas White,Male,66,Jacksonville,USA
3073,Thandeka Ndlovu,Female,37,Liverpool,UK
3074,Jordan Davis,Male,70,George,South Africa
3075,Marcus Perez,Male,66,Cape Town,South Africa
3076,Caleb Sithole,Male,64,Austin,USA
3077,Siyanda Patel,Male,64,Durban,South Africa
3078,Destiny Wood,Female,44,San Jose,USA
3079,Sibusiso Molefe,Male,64,Polokwane,South Africa
3080,David Lewis,Male,39,Phoenix,USA
3081,Victoria Wilson,Female,61,Los Angeles,USA
3082,Nobuhle Wilson,Female,36,East London,South Africa
3083,Nhlanhla Carter,Male,30,Liverpool,UK
3084,Patricia Mthembu,Female,43,Phoenix,USA
3085,George Zulu,Male,63,Miami,USA
3086,Busisiwe Mthembu,Female,52,East London,South Africa
3087,Benjamin Nkosi,Male,58,Atlanta,USA
3088,Mason Thomas,Male,59,Polokwane,South Africa
3089,Thomas Jackson,Male,20,Chicago,USA
3090,Nozipho Green,Female,42,Randburg,South Africa
3091,Khanyisile Mnguni,Female,18,Bloemfontein,South Africa
3092,Michael Jones,Male,69,Pretoria,South Africa
3093,Khanyisile White,Female,25,Boston,USA
3094,Nkosi Turner,Male,39,Las Vegas,USA
3095,Ayanda Clarke,Female,70,Leeds,UK
3096,Barbara Smith,Female,57,Fort Worth,USA
3097,Victoria Nelson,Female,26,Manchester,UK
3098,Sofia Taylor,Female,69,Randburg,South Africa
3099,Mia Vilakazi,Female,36,George,South Africa
3100,Brittany Jones,Female,55,Witbank,South Africa
3101,Sipho Naidoo,Male,31,Miami,USA
3102,Jack Evans,Male,46,Pietermaritzburg,South Africa
3103,Isabella Nkosi,Female,34,Bristol,UK
3104,Vikram Hlongwane,Male,44,Birmingham,UK
3105,Bongiwe Williams,Female,67,San Diego,USA
3106,Susan Anderson,Female,45,Cape Town,South Africa
3107,Liam Ntuli,Male,45,New York,USA
3108,Bongani Wilson,Male,51,Leicester,UK
3109,Kayla Nkosi,Female,70,London,UK
3110,Ella Martinez,Female,22,East London,South Africa
3111,Themba Mokoena,Male,34,Leicester,UK
3112,Michael Martin,Male,50,Columbus,USA
3113,Yusuf Masondo,Male,45,Nashville,USA
3114,Henry Khan,Male,51,Bristol,UK
3115,Liam Evans,Male,37,London,UK
3116,Khanyisile Patel,Female,39,Sandton,South Africa
3117,Ryan Davis,Male,31,Rustenburg,South Africa
3118,Noah Ndlovu,Male,60,Johannesburg,South Africa
3119,Ravi Perez,Male,54,Chicago,USA
3120,Nandi Reddy,Female,19,Charlotte,USA
3121,Hannah Pillay,Female,43,Las Vegas,USA
3122,Khanyisile Turner,Female,67,Seattle,USA
3123,Ava Zwane,Female,36,Rustenburg,South Africa
3124,Bongiwe Davies,Female,27,Pretoria,South Africa
3125,Olivia Majola,Female,37,San Antonio,USA
3126,Thomas Patel,Male,24,Polokwane,South Africa
3127,Khanyisile Cele,Female,67,Coventry,UK
3128,Ryan Williams,Male,53,Fort Worth,USA
3129,Jordan White,Male,19,Philadelphia,USA
3130,Musa Sithole,Male,51,Austin,USA
3131,Ntombifuthi Davies,Female,51,Roodepoort,South Africa
3132,David Clarke,Male,70,Rustenburg,South Africa
3133,Patricia Mthembu,Female,27,Wolverhampton,UK
3134,Brittany Jones,Female,53,Glasgow,UK
3135,Hannah Carter,Female,52,Columbus,USA
3136,Ava Turner,Female,54,Witbank,South Africa
3137,Matthew Mokoena,Male,18,Columbus,USA
3138,Tshepo Cele,Male,67,Randburg,South Africa
3139,Grace Adams,Female,66,East London,South Africa
3140,Kayla Vilakazi,Female,27,Kimberley,South Africa
3141,Bongiwe Davis,Female,19,Sheffield,UK
3142,Nozipho Molefe,Female,18,Randburg,South Africa
3143,Sofia Anderson,Female,42,Cape Town,South Africa
3144,David Phillips,Male,50,Durban,South Africa
3145,Michael Baker,Male,70,London,UK
3146,Jack Turner,Male,51,Nelspruit,South Africa
3147,Siyanda Taylor,Male,65,Soweto,South Africa
3148,Khanyisile Govender,Female,58,Denver,USA
3149,Ntombifuthi Jackson,Female,58,Rustenburg,South Africa
3150,Tebogo Lewis,Male,35,Sandton,South Africa
3151,Samantha Clarke,Female,43,Soweto,South Africa
3152,Lesedi Thomas,Male,66,Glasgow,UK
3153,Marcus Williams,Male,53,Memphis,USA
3154,Busisiwe Mahlangu,Female,42,Sheffield,UK
3155,Sibusiso Price,Male,19,Randburg,South Africa
3156,Isabella Patel,Female,30,Polokwane,South Africa
3157,Matthew Ntuli,Male,38,Bloemfontein,South Africa
3158,Marcus Thomas,Male,24,Chicago,USA
3159,Sophia Khan,Female,28,Chicago,USA
3160,James Turner,Male,25,Witbank,South Africa
3161,Michael Kunene,Male,60,Soweto,South Africa
3162,Neha Nelson,Female,42,East London,South Africa
3163,Isabella Vilakazi,Female,36,Boksburg,South Africa
3164,Lesedi Pillay,Male,55,Port Elizabeth,South Africa
3165,Nandi Kunene,Female,20,Leeds,UK
3166,Palesa Clarke,Female,21,East London,South Africa
3167,Stephanie Ndlovu,Female,43,Houston,USA
3168,Christopher Robinson,Male,65,Portland,USA
3169,Andrew Reddy,Male,22,Bloemfontein,South Africa
3170,Thomas Masondo,Male,70,Philadelphia,USA
3171,Tebogo Patel,Male,34,Columbus,USA
3172,Samuel Vilakazi,Male,39,Atlanta,USA
3173,Lindiwe Harris,Female,70,Roodepoort,South Africa
3174,Thomas Khumalo,Male,50,Pietermaritzburg,South Africa
3175,Olivia Adams,Female,32,Charlotte,USA
3176,Yusuf Vilakazi,Male,64,Fort Worth,USA
3177,Jordan Shabalala,Male,62,Sandton,South Africa
3178,Christopher Thomas,Male,51,Phoenix,USA
3179,Jayden Smith,Male,42,Chicago,USA
3180,Themba Molefe,Male,58,Bloemfontein,South Africa
3181,Caleb Mitchell,Male,18,Seattle,USA
3182,Susan Ndlovu,Female,61,Boksburg,South Africa
3183,Lesedi Taylor,Male,51,Philadelphia,USA
3184,Samuel Mkhize,Male,38,Charlotte,USA
3185,Daniel Hlongwane,Male,67,San Diego,USA
3186,Victoria Vilakazi,Female,36,New York,USA
3187,Mason Brown,Male,39,Boston,USA
3188,Kabelo Vilakazi,Male,45,Derby,UK
3189,Priya Walker,Female,59,Benoni,South Africa
3190,Rebecca Kunene,Female,53,Nashville,USA
3191,Siyanda Nelson,Male,46,Miami,USA
3192,Amanda Brown,Female,62,Chicago,USA
3193,Susan Govender,Female,33,Coventry,UK
3194,Destiny Shabalala,Female,30,Portland,USA
3195,Oliver Garcia,Male,35,Durban,South Africa
3196,Lesedi Robinson,Male,49,Atlanta,USA
3197,Neha Buthelezi,Female,57,Columbus,USA
3198,Ntombi Buthelezi,Female,26,Boksburg,South Africa
3199,Yusuf Brown,Male,68,Austin,USA
3200,Caleb Reddy,Male,61,San Diego,USA
3201,Emily Roberts,Female,19,Jacksonville,USA
3202,Destiny Baker,Female,61,Los Angeles,USA
3203,Tshepo Mthembu,Male,28,Roodepoort,South Africa
3204,Sibusiso Adams,Male,41,Bloemfontein,South Africa
3205,Brianna Anderson,Female,30,Benoni,South Africa
3206,Zanele Davies,Female,58,Stoke-on-Trent,UK
3207,Jennifer Anderson,Female,32,Bradford,UK
3208,Brandon Thomas,Male,28,Pietermaritzburg,South Africa
3209,Arjun Adams,Male,64,Belfast,UK
3210,Andrew Adams,Male,42,Boksburg,South Africa
3211,Caleb Molefe,Male,62,Randburg,South Africa
3212,Mia Molefe,Female,50,George,South Africa
3213,Jasmine Jones,Female,59,Dallas,USA
3214,Rebecca Green,Female,19,Louisville,USA
3215,Khanyisile Clarke,Female,70,Johannesburg,South Africa
3216,Musa Mthembu,Male,61,Wolverhampton,UK
3217,Matthew Khumalo,Male,48,Philadelphia,USA
3218,Bongani Zwane,Male,63,Polokwane,South Africa
3219,Jennifer Brown,Female,23,Bradford,UK
3220,Lerato Nkosi,Female,38,Pretoria,South Africa
3221,Melissa Green,Female,30,Bloemfontein,South Africa
3222,Victoria Mokoena,Female,70,Randburg,South Africa
3223,Nkosi Harris,Male,46,Birmingham,UK
3224,Henry Roberts,Male,27,Nashville,USA
3225,Siyanda Nkosi,Male,20,Philadelphia,USA
3226,Destiny Mnguni,Female,25,Miami,USA
3227,Emma Wilson,Female,56,Phoenix,USA
3228,Sophia Roberts,Female,41,Randburg,South Africa
3229,Kayla Naidoo,Female,26,Stoke-on-Trent,UK
3230,Alexis Wilson,Female,38,Wolverhampton,UK
3231,Jennifer Garcia,Female,52,Kimberley,South Africa
3232,Mason Ngcobo,Male,63,Pietermaritzburg,South Africa
3233,Neha Adams,Female,64,Jacksonville,USA
3234,Jennifer Clarke,Female,29,San Jose,USA
3235,George Harris,Male,39,Johannesburg,South Africa
3236,Harry Buthelezi,Male,69,Polokwane,South Africa
3237,Jack Evans,Male,26,Houston,USA
3238,Sharon Scott,Female,22,Pietermaritzburg,South Africa
3239,Aisha Brown,Female,51,Witbank,South Africa
3240,Tshepo Zulu,Male,36,Randburg,South Africa
3241,Destiny Masondo,Female,27,Las Vegas,USA
3242,Dylan Garcia,Male,58,Memphis,USA
3243,Ntombifuthi Jackson,Female,27,Phoenix,USA
3244,Rebecca Kunene,Female,65,Jacksonville,USA
3245,Thandeka Moore,Female,51,Bloemfontein,South Africa
3246,Khulekani Mkhize,Male,30,Glasgow,UK
3247,Lucas Cele,Male,59,Kimberley,South Africa
3248,Noah Turner,Male,65,Durban,South Africa
3249,Ryan Price,Male,49,Roodepoort,South Africa
3250,Lauren Jones,Female,52,Sandton,South Africa
3251,Anisha Nkosi,Female,60,Philadelphia,USA
3252,Aisha Robinson,Female,38,Rustenburg,South Africa
3253,Aisha Mkhize,Female,42,Boksburg,South Africa
3254,Tyler Cele,Male,57,Soweto,South Africa
3255,Linda Evans,Female,64,Cape Town,South Africa
3256,Karabo Thompson,Male,25,Philadelphia,USA
3257,Jordan Mokoena,Male,30,East London,South Africa
3258,David Jones,Male,38,Port Elizabeth,South Africa
3259,Khulekani Jackson,Male,28,Nottingham,UK
3260,Sibongile Taylor,Female,58,Roodepoort,South Africa
3261,Nkosi Pillay,Male,38,Las Vegas,USA
3262,William Vilakazi,Male,31,Kimberley,South Africa
3263,Alexis Mthembu,Female,49,Charlotte,USA
3264,Lindiwe Naidoo,Female,69,Polokwane,South Africa
3265,Samuel Baker,Male,34,Wolverhampton,UK
3266,Victoria Khumalo,Female,29,Derby,UK
3267,Sophia Reddy,Female,54,Durban,South Africa
3268,Noah Baker,Male,33,Boston,USA
3269,Nozipho Mnguni,Female,49,San Antonio,USA
3270,Ntombi Green,Female,26,Seattle,USA
3271,Mason Buthelezi,Male,19,Leeds,UK
3272,William Mitchell,Male,43,Memphis,USA
3273,Daniel Patel,Male,29,Cape Town,South Africa
3274,Nozipho Masondo,Female,56,Newcastle,UK
3275,Lauren Khan,Female,62,Las Vegas,USA
3276,Sibongile Kunene,Female,40,Roodepoort,South Africa
3277,Susan Wilson,Female,69,Birmingham,UK
3278,Oliver Lewis,Male,37,George,South Africa
3279,Michael Green,Male,25,Jacksonville,USA
3280,Lungelo Nkosi,Male,19,Nashville,USA
3281,Sibusiso Nelson,Male,60,Kimberley,South Africa
3282,Mohammed Lewis,Male,59,Plymouth,UK
3283,Noah Singh,Male,18,Atlanta,USA
3284,Lungelo Ngcobo,Male,23,Houston,USA
3285,Caleb Miller,Male,58,Port Elizabeth,South Africa
3286,Lungelo Naidoo,Male,25,Newcastle,UK
3287,Brianna Mkhize,Female,21,Durban,South Africa
3288,Liam Turner,Male,43,Bloemfontein,South Africa
3289,Liam Brown,Male,46,Pietermaritzburg,South Africa
3290,Susan Davies,Female,30,Bradford,UK
3291,Siyanda Patel,Male,45,East London,South Africa
3292,Kabelo Govender,Male,47,Portland,USA
3293,Khanyisile Zwane,Female,24,Kimberley,South Africa
3294,Leo Nkosi,Male,36,Roodepoort,South Africa
3295,Bongiwe Mnguni,Female,26,London,UK
3296,Harper Buthelezi,Female,56,Port Elizabeth,South Africa
3297,David Patel,Male,62,Leicester,UK
3298,Stephanie Moore,Female,69,Nashville,USA
3299,Alexander Mokoena,Male,63,Boston,USA
3300,Harper Ngcobo,Female,70,Pretoria,South Africa
3301,Jordan Mthembu,Male,27,Witbank,South Africa
3302,Emma Green,Female,52,Kimberley,South Africa
3303,Lungelo Jones,Male,34,Glasgow,UK
3304,Ethan Shabalala,Male,21,Rustenburg,South Africa
3305,Mohammed Sithole,Male,53,Los Angeles,USA
3306,Lucas Wilson,Male,46,Chicago,USA
3307,Madison Williams,Female,44,Port Elizabeth,South Africa
3308,Anisha Ndlovu,Female,39,Bloemfontein,South Africa
3309,Sandile Clarke,Male,20,Pretoria,South Africa
3310,Henry Mitchell,Male,43,Wolverhampton,UK
3311,Jasmine Harris,Female,68,Durban,South Africa
3312,Samantha Nelson,Female,41,Bloemfontein,South Africa
3313,Mandla Shabalala,Male,24,Nelspruit,South Africa
3314,Madison Smith,Female,25,Cape Town,South Africa
3315,Alexander Kunene,Male,25,Johannesburg,South Africa
3316,Emma Sithole,Female,24,Nelspruit,South Africa
3317,Yusuf Naidoo,Male,45,Seattle,USA
3318,Vikram Zulu,Male,69,Jacksonville,USA
3319,Mia Cele,Female,55,Pretoria,South Africa
3320,Ntombi Wilson,Female,47,Randburg,South Africa
3321,Ryan Garcia,Male,24,Soweto,South Africa
3322,Brandon Dlamini,Male,21,Bristol,UK
3323,Anisha Lewis,Female,49,George,South Africa
3324,Liam Singh,Male,19,Witbank,South Africa
3325,Marcus Hlongwane,Male,51,Charlotte,USA
3326,Ntombi Harris,Female,56,Johannesburg,South Africa
3327,Liam Smith,Male,39,East London,South Africa
3328,Nomsa Thompson,Female,34,Coventry,UK
3329,Melissa Buthelezi,Female,23,Durban,South Africa
3330,David Mkhize,Male,62,London,UK
3331,Noah Roberts,Male,43,Pretoria,South Africa
3332,Brittany Jones,Female,66,Pretoria,South Africa
3333,Nathan Masondo,Male,60,Dallas,USA
3334,Oliver Price,Male,55,Roodepoort,South Africa
3335,Michael Roberts,Male,54,Polokwane,South Africa
3336,Tyler Govender,Male,20,Benoni,South Africa
3337,Alexander Hall,Male,59,Belfast,UK
3338,Jennifer Mnguni,Female,49,Nashville,USA
3339,Bongani Robinson,Male,55,Pretoria,South Africa
3340,Destiny Walker,Female,24,George,South Africa
3341,Ethan Mokoena,Male,49,Cape Town,South Africa
3342,Aisha Roberts,Female,33,Bloemfontein,South Africa
3343,Madison Reddy,Female,31,Miami,USA
3344,Hannah Khumalo,Female,57,Johannesburg,South Africa
3345,Karabo Price,Male,28,Glasgow,UK
3346,Lungelo Robinson,Male,21,Seattle,USA
3347,Leo Nkosi,Male,44,Bloemfontein,South Africa
3348,Tebogo Price,Male,24,Stoke-on-Trent,UK
3349,Nkosi Perez,Male,61,Boston,USA
3350,Linda Cele,Female,25,Soweto,South Africa
3351,Lesedi Hlongwane,Male,50,San Jose,USA
3352,Michael Taylor,Male,52,Liverpool,UK
3353,Neha Mkhize,Female,28,Charlotte,USA
3354,Anisha Kunene,Female,65,Wolverhampton,UK
3355,Priya Perez,Female,46,Stoke-on-Trent,UK
3356,Noah Jones,Male,34,Columbus,USA
3357,Ashley Mahlangu,Female,60,Bloemfontein,South Africa
3358,Elijah Dlamini,Male,37,Chicago,USA
3359,Matthew Naidoo,Male,50,Wolverhampton,UK
3360,Jennifer Pillay,Female,56,Seattle,USA
3361,Jordan Anderson,Male,55,Belfast,UK
3362,Thabo Davis,Male,55,Pretoria,South Africa
3363,Linda Nkosi,Female,68,Houston,USA
3364,Madison Davis,Female,49,Edinburgh,UK
3365,Yusuf Clarke,Male,61,Stoke-on-Trent,UK
3366,Brandon Turner,Male,40,Soweto,South Africa
3367,Zanele Walker,Female,58,Benoni,South Africa
3368,Phindile Clarke,Female,57,Roodepoort,South Africa
3369,Lesedi Price,Male,57,Nelspruit,South Africa
3370,Priya Wood,Female,27,Johannesburg,South Africa
3371,Daniel Adams,Male,24,Bloemfontein,South Africa
3372,Hannah Davies,Female,70,Dallas,USA
3373,James Majola,Male,54,Edinburgh,UK
3374,Neha Thomas,Female,52,San Diego,USA
3375,Thomas Martin,Male,26,Coventry,UK
3376,Ella Mnguni,Female,46,Chicago,USA
3377,Olivia Moore,Female,23,East London,South Africa
3378,Benjamin Davies,Male,40,Boston,USA
3379,Michael Khan,Male,63,Polokwane,South Africa
3380,Mohammed Jackson,Male,18,Polokwane,South Africa
3381,Andrew Hughes,Male,38,Houston,USA
3382,Brittany Williams,Female,28,Nelspruit,South Africa
3383,Fatima Cele,Female,34,Pretoria,South Africa
3384,Ashley Brown,Female,30,Dallas,USA
3385,William White,Male,43,Belfast,UK
3386,Linda Moore,Female,67,Las Vegas,USA
3387,Sofia Hlongwane,Female,54,Nashville,USA
3388,Arjun Vilakazi,Male,64,George,South Africa
3389,Stephanie Cele,Female,24,Soweto,South Africa
3390,Alexis Zwane,Female,24,Austin,USA
3391,Andrew Anderson,Male,58,Nelspruit,South Africa
3392,Victoria Hlongwane,Female,57,Edinburgh,UK
3393,Phindile Thompson,Female,37,Coventry,UK
3394,Phindile Nkosi,Female,38,Nelspruit,South Africa
3395,Amanda Miller,Female,25,Port Elizabeth,South Africa
3396,Noah Shabalala,Male,41,George,South Africa
3397,Marcus Khumalo,Male,22,Columbus,USA
3398,Sandile Hlongwane,Male,66,Fort Worth,USA
3399,Ryan Scott,Male,33,Port Elizabeth,South Africa
3400,Ravi Price,Male,38,Cape Town,South Africa
3401,Fatima Smith,Female,21,Boksburg,South Africa
3402,Amanda Mkhize,Female,37,Denver,USA
3403,Zanele Miller,Female,36,Coventry,UK
3404,Jennifer Martin,Female,45,Los Angeles,USA
3405,Jennifer Martin,Female,34,Kimberley,South Africa
3406,Madison Mitchell,Female,49,Austin,USA
3407,Samuel Garcia,Male,68,Cardiff,UK
3408,Bongani Majola,Male,69,Columbus,USA
3409,Nkosi Perez,Male,34,Fort Worth,USA
3410,Joseph Reddy,Male,67,Kimberley,South Africa
3411,Leo Anderson,Male,58,Benoni,South Africa
3412,Lindiwe Miller,Female,18,Portland,USA
3413,Nomsa Reddy,Female,25,Kimberley,South Africa
3414,Nhlanhla Garcia,Male,45,Belfast,UK
3415,Lerato Thomas,Female,26,Boston,USA
3416,Elijah Jones,Male,24,Nelspruit,South Africa
3417,George Perez,Male,50,Liverpool,UK
3418,Emily Smith,Female,66,Stoke-on-Trent,UK
3419,Leo Mahlangu,Male,55,Fort Worth,USA
3420,Ntombi Ngcobo,Female,53,Durban,South Africa
3421,Samuel Carter,Male,46,London,UK
3422,Samantha Mkhize,Female,63,Nelspruit,South Africa
3423,Tebogo Harris,Male,22,Pretoria,South Africa
3424,Noah Khan,Male,51,Sandton,South Africa
3425,Lindiwe Martin,Female,40,Memphis,USA
3426,Sharon Hlongwane,Female,21,Jacksonville,USA
3427,Jayden Price,Male,50,Port Elizabeth,South Africa
3428,Kabelo Sithole,Male,50,Nelspruit,South Africa
3429,Amanda Roberts,Female,21,Witbank,South Africa
3430,Lerato Perez,Female,36,Austin,USA
3431,Charles Singh,Male,22,East London,South Africa
3432,Matthew Garcia,Male,36,Boston,USA
3433,Nobuhle Dlamini,Female,46,George,South Africa
3434,Nkosi Walker,Male,59,Memphis,USA
3435,Yusuf Pillay,Male,19,Roodepoort,South Africa
3436,Nobuhle Pillay,Female,70,Sandton,South Africa
3437,Ntombi Johnson,Female,59,Chicago,USA
3438,Nompumelelo Davis,Female,34,East London,South Africa
3439,Elijah Sithole,Male,38,Miami,USA
3440,Thabo Sithole,Male,39,Bristol,UK
3441,Harry Ndlovu,Male,50,George,South Africa
3442,Aisha Majola,Female,36,Chicago,USA
3443,Lauren Govender,Female,35,Rustenburg,South Africa
3444,Ayanda Harris,Female,21,Bradford,UK
3445,Phindile Moore,Female,48,San Antonio,USA
3446,Ntombi Ndlovu,Female,18,Nashville,USA
3447,Nompumelelo Mthembu,Female,27,Miami,USA
3448,Sharon Hlongwane,Female,65,Benoni,South Africa
3449,Hannah Mnguni,Female,50,Louisville,USA
3450,Musa Scott,Male,48,Phoenix,USA
3451,Mia Lewis,Female,46,Dallas,USA
3452,Lindiwe Brown,Female,69,Benoni,South Africa
3453,Ntombi Hughes,Female,29,East London,South Africa
3454,Benjamin Garcia,Male,28,San Diego,USA
3455,Ethan Khumalo,Male,59,Atlanta,USA
3456,Caleb Naidoo,Male,54,Bloemfontein,South Africa
3457,Karabo Mokoena,Male,28,Cape Town,South Africa
3458,James Reddy,Male,32,Johannesburg,South Africa
3459,Jack Zwane,Male,42,Fort Worth,USA
3460,Harry Jones,Male,50,Derby,UK
3461,Ntombi Phillips,Female,25,Durban,South Africa
3462,Nokwanda Perez,Female,42,San Jose,USA
3463,Andrew Evans,Male,53,Pietermaritzburg,South Africa
3464,Lehlohonolo Dlamini,Male,55,Los Angeles,USA
3465,Palesa White,Female,68,Seattle,USA
3466,Bongani Scott,Male,37,Boksburg,South Africa
3467,Stephanie Zulu,Female,20,Johannesburg,South Africa
3468,Stephanie Thomas,Female,29,Nelspruit,South Africa
3469,Nokukhanya Turner,Female,46,Cardiff,UK
3470,Christopher Davis,Male,45,George,South Africa
3471,Palesa Nkosi,Female,22,George,South Africa
3472,Lerato Nkosi,Female,63,Polokwane,South Africa
3473,Sophia Garcia,Female,52,George,South Africa
3474,Khanyisile Mahlangu,Female,20,New York,USA
3475,Khanyisile Patel,Female,45,East London,South Africa
3476,Emma Cele,Female,42,Denver,USA
3477,Nomsa Phillips,Female,56,New York,USA
3478,Arjun Martin,Male,53,Nashville,USA
3479,Mohammed Mnguni,Male,61,Atlanta,USA
3480,Jayden Jones,Male,41,Nottingham,UK
3481,Jayden Martinez,Male,22,Fort Worth,USA
3482,Mpho Evans,Male,26,Durban,South Africa
3483,Dylan Carter,Male,47,Plymouth,UK
3484,Elijah Johnson,Male,37,Stoke-on-Trent,UK
3485,Nhlanhla Perez,Male,26,Newcastle,UK
3486,Brittany Kunene,Female,38,Leeds,UK
3487,Fatima Martinez,Female,36,Portland,USA
3488,Yusuf Walker,Male,42,Chicago,USA
3489,Arjun Cele,Male,35,Boksburg,South Africa
3490,Harper Martin,Female,35,Port Elizabeth,South Africa
3491,Brittany Kunene,Female,55,Cape Town,South Africa
3492,Busisiwe Mitchell,Female,35,Leeds,UK
3493,Nobuhle Walker,Female,41,Los Angeles,USA
3494,Madison Majola,Female,26,Boksburg,South Africa
3495,Mason Mitchell,Male,49,Wolverhampton,UK
3496,Lesedi Miller,Male,22,San Diego,USA
3497,Alexis Lewis,Female,21,San Antonio,USA
3498,Thabo Mahlangu,Male,29,Seattle,USA
3499,Patricia Lewis,Female,18,Sandton,South Africa
3500,Sipho Price,Male,63,Chicago,USA
3501,Ryan Taylor,Male,42,Stoke-on-Trent,UK
3502,Sophia Shabalala,Female,22,Rustenburg,South Africa
3503,George Khumalo,Male,54,Johannesburg,South Africa
3504,Joseph Robinson,Male,69,Durban,South Africa
3505,Zanele Harris,Female,23,Los Angeles,USA
3506,Lindiwe Thompson,Female,21,Glasgow,UK
3507,Harry Brown,Male,47,Witbank,South Africa
3508,Nobuhle Johnson,Female,18,Liverpool,UK
3509,Thomas Majola,Male,54,Seattle,USA
3510,Phindile Walker,Female,32,Glasgow,UK
3511,Alexis Mokoena,Female,44,Benoni,South Africa
3512,Palesa Mahlangu,Female,67,Durban,South Africa
3513,Mohammed Singh,Male,69,Roodepoort,South Africa
3514,Lungelo Taylor,Male,20,Cape Town,South Africa
3515,Marcus Thomas,Male,32,Chicago,USA
3516,Linda Walker,Female,31,Leicester,UK
3517,Ayanda Mnguni,Female,66,Edinburgh,UK
3518,Sharon Buthelezi,Female,44,Fort Worth,USA
3519,Neha Martin,Female,20,Charlotte,USA
3520,Benjamin Molefe,Male,63,Bristol,UK
3521,Daniel Hall,Male,29,Polokwane,South Africa
3522,Barbara Hall,Female,43,Stoke-on-Trent,UK
3523,Brandon Baker,Male,21,Soweto,South Africa
3524,Ntombi Miller,Female,43,Benoni,South Africa
3525,Lauren Dlamini,Female,41,Sheffield,UK
3526,Samuel Reddy,Male,64,Derby,UK
3527,Arjun Baker,Male,67,Cape Town,South Africa
3528,Bongiwe Wood,Female,64,Benoni,South Africa
3529,Thomas Sithole,Male,24,Leeds,UK
3530,Khanyisile Majola,Female,42,Johannesburg,South Africa
3531,Brandon Walker,Male,63,Coventry,UK
3532,Tshepo Govender,Male,28,Fort Worth,USA
3533,Barbara Sithole,Female,38,Liverpool,UK
3534,Tshepo Govender,Male,18,Glasgow,UK
3535,Nathan Scott,Male,68,Denver,USA
3536,Sharon Wilson,Female,18,Witbank,South Africa
3537,George Scott,Male,25,Bloemfontein,South Africa
3538,Amanda Price,Female,46,Boston,USA
3539,Amelia Thompson,Female,36,Sandton,South Africa
3540,Nhlanhla Thompson,Male,63,Port Elizabeth,South Africa
3541,Sofia Miller,Female,40,Denver,USA
3542,Ntombifuthi Jones,Female,32,Chicago,USA
3543,James Anderson,Male,36,Derby,UK
3544,Musa Johnson,Male,31,Denver,USA
3545,James Lewis,Male,40,Cape Town,South Africa
3546,Dylan Davis,Male,50,Louisville,USA
3547,Isabella Taylor,Female,52,Benoni,South Africa
3548,Sandile Adams,Male,57,Philadelphia,USA
3549,Lauren Davies,Female,41,Austin,USA
3550,Harry Mitchell,Male,42,Cape Town,South Africa
3551,Fatima Johnson,Female,59,Boksburg,South Africa
3552,Barbara Wilson,Female,22,Las Vegas,USA
3553,Aisha Price,Female,20,San Diego,USA
3554,Priya Roberts,Female,62,Las Vegas,USA
3555,Kabelo Patel,Male,54,Bristol,UK
3556,Sharon Molefe,Female,19,Sandton,South Africa
3557,Destiny Naidoo,Female,39,East London,South Africa
3558,Tebogo Nelson,Male,18,East London,South Africa
3559,Ashley Hughes,Female,26,Sheffield,UK
3560,Mia Martinez,Female,52,Boksburg,South Africa
3561,Tebogo Reddy,Male,60,Glasgow,UK
3562,William Molefe,Male,37,Pretoria,South Africa
3563,James Brown,Male,54,Witbank,South Africa
3564,Marcus Davies,Male,18,Seattle,USA
3565,Priya Hughes,Female,33,Pretoria,South Africa
3566,Elijah Anderson,Male,46,Port Elizabeth,South Africa
3567,Siyanda Baker,Male,47,Boksburg,South Africa
3568,Ashley Reddy,Female,23,Boksburg,South Africa
3569,Lerato Pillay,Female,43,Polokwane,South Africa
3570,Sibongile Govender,Female,69,Port Elizabeth,South Africa
3571,Jasmine Carter,Female,51,Nelspruit,South Africa
3572,Brianna Jones,Female,62,New York,USA
3573,Charlotte Nkosi,Female,69,Bloemfontein,South Africa
3574,Karabo Smith,Male,29,Bloemfontein,South Africa
3575,Lehlohonolo Pillay,Male,22,Randburg,South Africa
3576,Vikram Masondo,Male,64,Rustenburg,South Africa
3577,Dylan Ndlovu,Male,67,Witbank,South Africa
3578,Arjun Perez,Male,39,Chicago,USA
3579,Grace Robinson,Female,62,Sheffield,UK
3580,Elijah Zwane,Male,20,Louisville,USA
3581,Barbara Evans,Female,48,Las Vegas,USA
3582,Jack Turner,Male,56,Plymouth,UK
3583,Linda Govender,Female,69,Austin,USA
3584,Sharon Miller,Female,60,Randburg,South Africa
3585,Sipho Shabalala,Male,28,Bloemfontein,South Africa
3586,Henry Walker,Male,52,Polokwane,South Africa
3587,Kabelo Buthelezi,Male,21,Nelspruit,South Africa
3588,Fatima Lewis,Female,59,Port Elizabeth,South Africa
3589,Jack White,Male,41,Las Vegas,USA
3590,Mpho Johnson,Male,61,Johannesburg,South Africa
3591,Harry Khan,Male,21,Port Elizabeth,South Africa
3592,Joseph Ntuli,Male,26,Atlanta,USA
3593,Rebecca Ntuli,Female,62,Edinburgh,UK
3594,Ntombi Patel,Female,20,Glasgow,UK
3595,Ryan Baker,Male,21,George,South Africa
3596,James Wilson,Male,40,Boston,USA
3597,Matthew Thompson,Male,47,Fort Worth,USA
3598,Henry Hlongwane,Male,32,Durban,South Africa
3599,Lehlohonolo Naidoo,Male,56,Durban,South Africa
3600,Lerato Turner,Female,56,Bloemfontein,South Africa
3601,Liam Jones,Male,34,Roodepoort,South Africa
3602,Isabella Phillips,Female,43,Boksburg,South Africa
3603,Alexander Singh,Male,25,Johannesburg,South Africa
3604,Jayden Thomas,Male,53,Nottingham,UK
3605,Brianna Davis,Female,42,George,South Africa
3606,George Kunene,Male,69,Rustenburg,South Africa
3607,Musa Clarke,Male,67,Dallas,USA
3608,Ntombifuthi Brown,Female,46,Coventry,UK
3609,Tshepo Wood,Male,56,Las Vegas,USA
3610,Samuel White,Male,40,Benoni,South Africa
3611,Nomsa Martinez,Female,30,Bloemfontein,South Africa
3612,Harper Martin,Female,25,Port Elizabeth,South Africa
3613,Thandeka Jackson,Female,60,Pietermaritzburg,South Africa
3614,Palesa Buthelezi,Female,24,Miami,USA
3615,Arjun Ngcobo,Male,56,Derby,UK
3616,Khulekani Jackson,Male,27,Memphis,USA
3617,Barbara Dlamini,Female,60,Portland,USA
3618,Ayanda Molefe,Female,30,San Diego,USA
3619,Lesedi Clarke,Male,47,Sheffield,UK
3620,Sibongile Wilson,Female,41,San Diego,USA
3621,Mandla Singh,Male,70,Polokwane,South Africa
3622,George Mitchell,Male,60,Fort Worth,USA
3623,Jayden Roberts,Male,41,Coventry,UK
3624,Fatima Baker,Female,68,Denver,USA
3625,Busisiwe Baker,Female,30,Polokwane,South Africa
3626,Jasmine Mahlangu,Female,35,Benoni,South Africa
3627,Amanda Moore,Female,45,Nelspruit,South Africa
3628,George Govender,Male,39,Johannesburg,South Africa
3629,Samuel Baker,Male,57,Bristol,UK
3630,Michael Adams,Male,29,Boston,USA
3631,Tyler Perez,Male,54,Kimberley,South Africa
3632,Zanele Khumalo,Female,33,Nelspruit,South Africa
3633,Nkosi Perez,Male,67,Houston,USA
3634,Zanele Phillips,Female,25,Bristol,UK
3635,Kabelo Price,Male,59,San Antonio,USA
3636,William Naidoo,Male,44,Bristol,UK
3637,Patricia Wood,Female,31,Los Angeles,USA
3638,Grace Jackson,Female,32,Charlotte,USA
3639,Leo Williams,Male,19,Portland,USA
3640,Yusuf Mnguni,Male,70,Bloemfontein,South Africa
3641,Matthew Mthembu,Male,23,Roodepoort,South Africa
3642,Ava Lewis,Female,38,Rustenburg,South Africa
3643,Nokukhanya Govender,Female,45,Plymouth,UK
3644,Ayanda Roberts,Female,61,Portland,USA
3645,Emily Khumalo,Female,49,Bloemfontein,South Africa
3646,Mpho Mnguni,Male,44,Memphis,USA
3647,Sandile Thompson,Male,47,Denver,USA
3648,Kayla Green,Female,44,Soweto,South Africa
3649,Liam Lewis,Male,21,Los Angeles,USA
3650,Melissa Buthelezi,Female,70,Roodepoort,South Africa
3651,Oliver Perez,Male,38,Portland,USA
3652,Harry Jones,Male,27,Portland,USA
3653,Lesedi Ntuli,Male,22,Pietermaritzburg,South Africa
3654,Sibongile Patel,Female,25,Benoni,South Africa
3655,Lindiwe Mthembu,Female,67,Coventry,UK
3656,Yusuf Pillay,Male,20,East London,South Africa
3657,Victoria Nelson,Female,40,Miami,USA
3658,Zanele Jones,Female,56,Denver,USA
3659,Jennifer Davies,Female,40,Rustenburg,South Africa
3660,Melissa Mokoena,Female,33,Port Elizabeth,South Africa
3661,Lindiwe Patel,Female,51,Philadelphia,USA
3662,Siyanda Mitchell,Male,48,San Diego,USA
3663,Lindiwe Ntuli,Female,32,Durban,South Africa
3664,Amelia Mahlangu,Female,43,Cape Town,South Africa
3665,Amelia Kunene,Female,29,Sandton,South Africa
3666,Nhlanhla Majola,Male,69,East London,South Africa
3667,Amelia Zulu,Female,18,Phoenix,USA
3668,Mia Carter,Female,59,Stoke-on-Trent,UK
3669,Christopher Reddy,Male,63,Sandton,South Africa
3670,Susan Price,Female,52,Coventry,UK
3671,Nokwanda Green,Female,46,Phoenix,USA
3672,Lungelo Mokoena,Male,62,Glasgow,UK
3673,Andrew Kunene,Male,19,Louisville,USA
3674,Ayanda Buthelezi,Female,40,Portland,USA
3675,Karabo Reddy,Male,29,Jacksonville,USA
3676,Emily Turner,Female,29,Derby,UK
3677,Thandeka Perez,Female,59,George,South Africa
3678,David Shabalala,Male,69,Pretoria,South Africa
3679,Thabo Anderson,Male,61,Dallas,USA
3680,Michael Evans,Male,18,Austin,USA
3681,Joseph Wood,Male,67,Roodepoort,South Africa
3682,Ella Johnson,Female,60,George,South Africa
3683,Caleb Wilson,Male,50,Portland,USA
3684,Lindiwe Mahlangu,Female,60,Durban,South Africa
3685,Busisiwe Lewis,Female,68,Jacksonville,USA
3686,Ayanda Taylor,Female,69,Durban,South Africa
3687,Ava Harris,Female,64,Durban,South Africa
3688,Brittany Harris,Female,35,Durban,South Africa
3689,Hannah Mokoena,Female,55,Roodepoort,South Africa
3690,Lauren Reddy,Female,21,New York,USA
3691,Oliver Hughes,Male,28,Bloemfontein,South Africa
3692,Jack Ngcobo,Male,24,Durban,South Africa
3693,Musa Taylor,Male,30,Louisville,USA
3694,Linda Thomas,Female,47,Nashville,USA
3695,Kayla Brown,Female,54,Belfast,UK
3696,Jack Pillay,Male,45,Atlanta,USA
3697,George Reddy,Male,26,George,South Africa
3698,Jordan Adams,Male,62,Miami,USA
3699,Ntombifuthi Vilakazi,Female,44,East London,South Africa
3700,Nokwanda Khumalo,Female,56,George,South Africa
3701,Lerato Patel,Female,19,Wolverhampton,UK
3702,Zanele Sithole,Female,25,Bloemfontein,South Africa
3703,Benjamin Moore,Male,40,Leicester,UK
3704,Amanda Turner,Female,35,Wolverhampton,UK
3705,Amanda Clarke,Female,48,Cape Town,South Africa
3706,Mason White,Male,53,San Jose,USA
3707,Neha Martin,Female,49,Boksburg,South Africa
3708,Hannah Garcia,Female,37,Manchester,UK
3709,Melissa Singh,Female,42,Nottingham,UK
3710,Mandla Baker,Male,20,Polokwane,South Africa
3711,Ashley Molefe,Female,48,Boksburg,South Africa
3712,Palesa Harris,Female,57,Soweto,South Africa
3713,Ava Khumalo,Female,58,Jacksonville,USA
3714,Samuel Turner,Male,32,Cape Town,South Africa
3715,Hannah Robinson,Female,64,Rustenburg,South Africa
3716,Charlotte Naidoo,Female,51,Witbank,South Africa
3717,Dylan Hall,Male,33,Cardiff,UK
3718,Barbara Mnguni,Female,57,Wolverhampton,UK
3719,Victoria Anderson,Female,40,Nottingham,UK
3720,Nompumelelo Hall,Female,39,San Jose,USA
3721,Musa Hughes,Male,68,Kimberley,South Africa
3722,Caleb Davies,Male,66,Las Vegas,USA
3723,Palesa Garcia,Female,36,Nelspruit,South Africa
3724,Ayanda Williams,Female,51,Portland,USA
3725,Ethan Molefe,Male,21,Miami,USA
3726,Harper Shabalala,Female,64,Wolverhampton,UK
3727,Mia Davies,Female,28,Johannesburg,South Africa
3728,Harper Wilson,Female,62,Sandton,South Africa
3729,Mohammed Green,Male,37,Plymouth,UK
3730,Nokwanda Clarke,Female,58,Columbus,USA
3731,Brittany Mahlangu,Female,69,Louisville,USA
3732,Harry Davies,Male,18,Nelspruit,South Africa
3733,Rebecca Hall,Female,42,Glasgow,UK
3734,Samuel Miller,Male,70,Rustenburg,South Africa
3735,Mason Khumalo,Male,31,Charlotte,USA
3736,Rebecca Anderson,Female,40,Boston,USA
3737,Nokwanda Baker,Female,55,Sandton,South Africa
3738,Daniel Martin,Male,69,Boksburg,South Africa
3739,Jack Price,Male,63,Kimberley,South Africa
3740,Mandla Green,Male,43,Durban,South Africa
3741,Sandile Vilakazi,Male,53,East London,South Africa
3742,Patricia Reddy,Female,30,Sheffield,UK
3743,Harry Davies,Male,30,Kimberley,South Africa
3744,Mandla Jackson,Male,31,New York,USA
3745,Lindiwe Garcia,Female,63,Miami,USA
3746,Jennifer Vilakazi,Female,19,Pietermaritzburg,South Africa
3747,Samuel Lewis,Male,42,Los Angeles,USA
3748,Thomas Nkosi,Male,59,Atlanta,USA
3749,Patricia Clarke,Female,22,San Antonio,USA
3750,Musa Khan,Male,38,Polokwane,South Africa
3751,Emily Naidoo,Female,28,Derby,UK
3752,Madison Anderson,Female,39,Pietermaritzburg,South Africa
3753,Bongani Singh,Male,26,Phoenix,USA
3754,James Mkhize,Male,19,George,South Africa
3755,Lungelo Khan,Male,18,Polokwane,South Africa
3756,Mandla Jackson,Male,47,Pretoria,South Africa
3757,Jennifer Martinez,Female,41,London,UK
3758,Rebecca Harris,Female,27,Boston,USA
3759,Nozipho Scott,Female,33,Birmingham,UK
3760,Thabo Perez,Male,31,Bloemfontein,South Africa
3761,Khulekani Price,Male,70,San Diego,USA
3762,Lungelo Roberts,Male,63,Glasgow,UK
3763,Mason Vilakazi,Male,36,Denver,USA
3764,George Martinez,Male,63,Bloemfontein,South Africa
3765,Siyanda Miller,Male,41,Witbank,South Africa
3766,Sibongile Vilakazi,Female,47,Houston,USA
3767,Ntombifuthi Ngcobo,Female,38,Nottingham,UK
3768,Henry Reddy,Male,34,Rustenburg,South Africa
3769,Arjun Thompson,Male,27,Atlanta,USA
3770,Brandon Majola,Male,22,Pietermaritzburg,South Africa
3771,Alexander Adams,Male,42,Roodepoort,South Africa
3772,Ntombi Hughes,Female,50,Phoenix,USA
3773,Yusuf Davies,Male,58,Boksburg,South Africa
3774,William Reddy,Male,24,Durban,South Africa
3775,Liam Mnguni,Male,47,Birmingham,UK
3776,Mpho Nelson,Male,62,Memphis,USA
3777,Kabelo Taylor,Male,47,Belfast,UK
3778,Phindile Brown,Female,69,San Diego,USA
3779,Marcus Ndlovu,Male,55,Derby,UK
3780,Phindile Carter,Female,29,Memphis,USA
3781,Yusuf Ndlovu,Male,29,Sandton,South Africa
3782,Nokukhanya Hughes,Female,33,Soweto,South Africa
3783,Sipho Williams,Male,41,Glasgow,UK
3784,Liam Turner,Male,29,Pietermaritzburg,South Africa
3785,Hannah Turner,Female,30,London,UK
3786,Bongani Walker,Male,36,Johannesburg,South Africa
3787,Priya Zwane,Female,49,Denver,USA
3788,Sophia Roberts,Female,47,Bloemfontein,South Africa
3789,Charles Perez,Male,57,Louisville,USA
3790,Isabella Scott,Female,30,Charlotte,USA
3791,Ayanda Reddy,Female,43,East London,South Africa
3792,Thomas Scott,Male,44,Bloemfontein,South Africa
3793,Barbara Ngcobo,Female,48,Bloemfontein,South Africa
3794,Andrew Carter,Male,54,Witbank,South Africa
3795,Thomas Thomas,Male,40,Phoenix,USA
3796,Oliver Perez,Male,54,Philadelphia,USA
3797,Benjamin Clarke,Male,25,Witbank,South Africa
3798,Harry Buthelezi,Male,55,Boksburg,South Africa
3799,Lindiwe Martin,Female,33,Memphis,USA
3800,Lehlohonolo Jackson,Male,29,Bristol,UK
3801,Harry Martin,Male,42,Nelspruit,South Africa
3802,Lehlohonolo Adams,Male,24,Pretoria,South Africa
3803,Lehlohonolo Hlongwane,Male,66,Birmingham,UK
3804,Grace Hlongwane,Female,32,Philadelphia,USA
3805,Michael Dlamini,Male,29,Leeds,UK
3806,William Taylor,Male,41,Miami,USA
3807,Karabo Perez,Male,52,Witbank,South Africa
3808,Neha Ngcobo,Female,43,Johannesburg,South Africa
3809,Nhlanhla Khumalo,Male,51,Roodepoort,South Africa
3810,Elijah Wood,Male,37,Portland,USA
3811,Harry Phillips,Male,29,Miami,USA
3812,Samantha Mnguni,Female,48,Pietermaritzburg,South Africa
3813,Khanyisile Phillips,Female,58,George,South Africa
3814,Khanyisile Mthembu,Female,56,Port Elizabeth,South Africa
3815,Siyanda Reddy,Male,25,Las Vegas,USA
3816,Amanda Cele,Female,29,Bloemfontein,South Africa
3817,Musa Moore,Male,20,Benoni,South Africa
3818,Neha Mokoena,Female,68,Bristol,UK
3819,Priya Khumalo,Female,23,Boston,USA
3820,Ella Jackson,Female,55,Boston,USA
3821,Grace Mnguni,Female,24,Miami,USA
3822,Liam Williams,Male,21,Witbank,South Africa
3823,Alexis Williams,Female,65,Philadelphia,USA
3824,Noah Smith,Male,40,Sheffield,UK
3825,Nokwanda Vilakazi,Female,43,Pretoria,South Africa
3826,Tyler Davis,Male,38,Liverpool,UK
3827,Thomas Mnguni,Male,33,New York,USA
3828,Emma Naidoo,Female,44,Derby,UK
3829,Kabelo Wilson,Male,21,Seattle,USA
3830,Nomsa Martinez,Female,66,Polokwane,South Africa
3831,Themba Khan,Male,50,Fort Worth,USA
3832,Lungelo Shabalala,Male,44,Manchester,UK
3833,Bongiwe Khumalo,Female,58,Coventry,UK
3834,Caleb Martinez,Male,24,Roodepoort,South Africa
3835,Khanyisile Ndlovu,Female,18,Bradford,UK
3836,Kabelo Majola,Male,68,Polokwane,South Africa
3837,Leo Vilakazi,Male,50,San Diego,USA
3838,Linda Reddy,Female,47,Memphis,USA
3839,Vikram Shabalala,Male,38,Louisville,USA
3840,Caleb Shabalala,Male,49,Cape Town,South Africa
3841,Nozipho Perez,Female,70,New York,USA
3842,Joseph Roberts,Male,33,Boston,USA
3843,Jordan Thompson,Male,44,Randburg,South Africa
3844,Marcus White,Male,55,Edinburgh,UK
3845,Lauren Ngcobo,Female,29,New York,USA
3846,Mpho Anderson,Male,42,George,South Africa
3847,Nozipho Pillay,Female,57,Wolverhampton,UK
3848,Mason Green,Male,46,Benoni,South Africa
3849,Brandon Green,Male,32,Portland,USA
3850,Bongiwe Johnson,Female,66,Kimberley,South Africa
3851,Benjamin Williams,Male,46,Sandton,South Africa
3852,Nhlanhla Jackson,Male,45,San Jose,USA
3853,Nhlanhla Thompson,Male,54,Atlanta,USA
3854,Daniel Smith,Male,53,Charlotte,USA
3855,Nobuhle Ngcobo,Female,34,Portland,USA
3856,Kayla Lewis,Female,22,Bradford,UK
3857,Charlotte Jackson,Female,47,Soweto,South Africa
3858,Thandeka Thomas,Female,64,Seattle,USA
3859,Elijah Walker,Male,67,New York,USA
3860,Nandi Scott,Female,18,Philadelphia,USA
3861,Patricia Johnson,Female,38,Leeds,UK
3862,Sipho Thomas,Male,26,Birmingham,UK
3863,Kayla Walker,Female,53,Los Angeles,USA
3864,David Vilakazi,Male,29,Nelspruit,South Africa
3865,Anisha Ndlovu,Female,67,Roodepoort,South Africa
3866,Charles Davis,Male,39,Portland,USA
3867,Henry Mahlangu,Male,34,Leeds,UK
3868,Alexis Evans,Female,18,Soweto,South Africa
3869,Barbara Johnson,Female,21,Cape Town,South Africa
3870,Busisiwe Phillips,Female,66,Houston,USA
3871,Ntombifuthi Khan,Female,19,Leicester,UK
3872,Nandi Zulu,Female,53,Boksburg,South Africa
3873,Michael Thompson,Male,52,San Jose,USA
3874,Samantha Miller,Female,50,Memphis,USA
3875,Lehlohonolo Mthembu,Male,51,Columbus,USA
3876,Oliver Khumalo,Male,58,Columbus,USA
3877,Patricia Mthembu,Female,21,Kimberley,South Africa
3878,Ayanda Ntuli,Female,56,Los Angeles,USA
3879,Aisha Lewis,Female,60,Witbank,South Africa
3880,Melissa Perez,Female,28,Cape Town,South Africa
3881,Ella Ntuli,Female,25,Rustenburg,South Africa
3882,Sharon Shabalala,Female,26,Witbank,South Africa
3883,Themba Reddy,Male,25,Austin,USA
3884,Lungelo Walker,Male,46,Dallas,USA
3885,Lerato Shabalala,Female,42,Kimberley,South Africa
3886,Jasmine Molefe,Female,56,Bloemfontein,South Africa
3887,Joseph Sithole,Male,52,Johannesburg,South Africa
3888,Stephanie Dlamini,Female,26,Rustenburg,South Africa
3889,Leo Pillay,Male,62,Derby,UK
3890,James Davies,Male,43,Bloemfontein,South Africa
3891,Matthew Moore,Male,63,San Diego,USA
3892,Tebogo Robinson,Male,49,Nelspruit,South Africa
3893,Henry Nelson,Male,53,Pietermaritzburg,South Africa
3894,Nomsa Reddy,Female,55,Philadelphia,USA
3895,Harper Scott,Female,24,Randburg,South Africa
3896,Fatima Perez,Female,57,Durban,South Africa
3897,Brandon Miller,Male,51,Birmingham,UK
3898,Lerato Nkosi,Female,34,Kimberley,South Africa
3899,Aisha Sithole,Female,66,East London,South Africa
3900,Khanyisile Cele,Female,37,Randburg,South Africa
3901,Charlotte Robinson,Female,25,Kimberley,South Africa
3902,Nokwanda Price,Female,36,Derby,UK
3903,Harry Baker,Male,32,Seattle,USA
3904,Sandile Patel,Male,25,Columbus,USA
3905,Charles Moore,Male,62,Randburg,South Africa
3906,Dylan Brown,Male,50,Seattle,USA
3907,Alexander Moore,Male,40,Atlanta,USA
3908,Nokwanda Johnson,Female,36,Nottingham,UK
3909,Tyler Moore,Male,38,Soweto,South Africa
3910,Alexis Green,Female,60,Pietermaritzburg,South Africa
3911,Mohammed Kunene,Male,21,Boksburg,South Africa
3912,Marcus Harris,Male,61,San Jose,USA
3913,Sharon Turner,Female,49,Sandton,South Africa
3914,Nokukhanya Turner,Female,28,Fort Worth,USA
3915,Musa Molefe,Male,31,Glasgow,UK
3916,Patricia Turner,Female,58,Dallas,USA
3917,Emily Jones,Female,62,Cape Town,South Africa
3918,Aisha Sithole,Female,54,Polokwane,South Africa
3919,Nomsa Zulu,Female,63,Benoni,South Africa
3920,Sibongile Zwane,Female,36,Sheffield,UK
3921,Destiny Lewis,Female,65,Plymouth,UK
3922,Victoria Martinez,Female,55,Bloemfontein,South Africa
3923,Melissa Masondo,Female,39,Denver,USA
3924,Nozipho Zwane,Female,26,Leeds,UK
3925,Themba Cele,Male,22,Boksburg,South Africa
3926,Busisiwe Hlongwane,Female,56,Portland,USA
3927,Michael Mkhize,Male,37,San Antonio,USA
3928,Linda Dlamini,Female,47,Pietermaritzburg,South Africa
3929,Barbara Price,Female,39,Liverpool,UK
3930,Dylan Ngcobo,Male,66,Plymouth,UK
3931,Anisha Ndlovu,Female,23,East London,South Africa
3932,Lungelo Mnguni,Male,50,Witbank,South Africa
3933,Sibusiso Dlamini,Male,54,Sandton,South Africa
3934,Thabo Adams,Male,54,Johannesburg,South Africa
3935,David Ndlovu,Male,46,Los Angeles,USA
3936,Ashley Cele,Female,53,Nottingham,UK
3937,Sandile Perez,Male,23,Portland,USA
3938,Nokukhanya Majola,Female,52,Louisville,USA
3939,Nokukhanya Johnson,Female,67,Cardiff,UK
3940,Mason Anderson,Male,19,Houston,USA
3941,Samuel Evans,Male,68,New York,USA
3942,Joseph Hlongwane,Male,26,Belfast,UK
3943,Harper Scott,Female,40,Witbank,South Africa
3944,Samuel Wilson,Male,62,Seattle,USA
3945,Joseph Majola,Male,63,Kimberley,South Africa
3946,Emily Mkhize,Female,37,Soweto,South Africa
3947,Caleb Moore,Male,39,Plymouth,UK
3948,Thandeka Turner,Female,66,Soweto,South Africa
3949,Lungelo Nelson,Male,50,Fort Worth,USA
3950,Lungelo Carter,Male,33,Los Angeles,USA
3951,Tebogo Baker,Male,52,Witbank,South Africa
3952,Jayden Walker,Male,46,Chicago,USA
3953,Sharon Phillips,Female,70,Boksburg,South Africa
3954,Grace Reddy,Female,40,Pretoria,South Africa
3955,Elijah Walker,Male,33,Benoni,South Africa
3956,Kabelo Mkhize,Male,50,Belfast,UK
3957,Zanele Martinez,Female,19,Stoke-on-Trent,UK
3958,Khanyisile Turner,Female,44,Polokwane,South Africa
3959,Zanele Zwane,Female,23,Nelspruit,South Africa
3960,Isabella Jackson,Female,22,Pretoria,South Africa
3961,Ashley Khan,Female,39,Nashville,USA
3962,Alexis Price,Female,20,Leeds,UK
3963,Bongani Vilakazi,Male,18,East London,South Africa
3964,Mandla Cele,Male,49,Witbank,South Africa
3965,Matthew Kunene,Male,24,Nelspruit,South Africa
3966,Brianna Khumalo,Female,51,San Diego,USA
3967,Jennifer Mokoena,Female,19,Denver,USA
3968,Ryan Ngcobo,Male,43,Benoni,South Africa
3969,Samuel Govender,Male,29,Louisville,USA
3970,Victoria Kunene,Female,47,Austin,USA
3971,Charlotte Evans,Female,67,Soweto,South Africa
3972,Joseph Masondo,Male,25,San Antonio,USA
3973,Lehlohonolo Harris,Male,69,Seattle,USA
3974,William Ndlovu,Male,66,Nelspruit,South Africa
3975,Bongani Wood,Male,31,Louisville,USA
3976,Ravi Ngcobo,Male,31,Charlotte,USA
3977,Priya Molefe,Female,64,George,South Africa
3978,Nozipho Mahlangu,Female,46,Nelspruit,South Africa
3979,Sandile Johnson,Male,56,Pretoria,South Africa
3980,Nokwanda Kunene,Female,70,Columbus,USA
3981,Themba Vilakazi,Male,26,Rustenburg,South Africa
3982,Jennifer Pillay,Female,20,Manchester,UK
3983,Charles Sithole,Male,23,Memphis,USA
3984,Samantha Robinson,Female,26,Nelspruit,South Africa
3985,Oliver Wilson,Male,63,Las Vegas,USA
3986,Mia Mokoena,Female,28,Polokwane,South Africa
3987,Noah Shabalala,Male,63,Houston,USA
3988,Ethan Lewis,Male,52,London,UK
3989,Ella Phillips,Female,34,Wolverhampton,UK
3990,Thandeka Reddy,Female,29,Sandton,South Africa
3991,Jennifer Cele,Female,29,Nelspruit,South Africa
3992,Themba White,Male,24,Benoni,South Africa
3993,Harry Patel,Male,37,Witbank,South Africa
3994,Mpho Turner,Male,31,Johannesburg,South Africa
3995,Arjun Thomas,Male,46,Philadelphia,USA
3996,Matthew Buthelezi,Male,67,Benoni,South Africa
3997,Khanyisile Evans,Female,43,Nottingham,UK
3998,Jack Mitchell,Male,30,Roodepoort,South Africa
3999,James Adams,Male,47,Austin,USA
4000,Noah Zulu,Male,49,Pietermaritzburg,South Africa
4001,Oliver Robinson,Male,31,Chicago,USA
4002,Nhlanhla Brown,Male,59,Philadelphia,USA
4003,Leo Khan,Male,52,Wolverhampton,UK
4004,Khulekani Kunene,Male,48,Coventry,UK
4005,Ella Reddy,Female,25,Nelspruit,South Africa
4006,Sharon Lewis,Female,65,Pretoria,South Africa
4007,Charlotte Pillay,Female,53,Manchester,UK
4008,Stephanie Smith,Female,47,Polokwane,South Africa
4009,Emily Cele,Female,70,Kimberley,South Africa
4010,Rebecca Ntuli,Female,29,Durban,South Africa
4011,Sophia Cele,Female,39,Boksburg,South Africa
4012,Nozipho Dlamini,Female,27,London,UK
4013,Lerato Garcia,Female,69,Sheffield,UK
4014,Victoria Williams,Female,31,Columbus,USA
4015,Ashley Zulu,Female,32,Belfast,UK
4016,Ava Robinson,Female,56,Stoke-on-Trent,UK
4017,Tshepo Mkhize,Male,35,Leicester,UK
4018,Charlotte Turner,Female,20,Pretoria,South Africa
4019,Tyler Hlongwane,Male,55,Manchester,UK
4020,Alexander Martin,Male,52,Bristol,UK
4021,Ayanda Shabalala,Female,53,Randburg,South Africa
4022,Harper Mokoena,Female,47,Cape Town,South Africa
4023,Ravi Mnguni,Male,35,Nelspruit,South Africa
4024,Ravi Sithole,Male,46,Stoke-on-Trent,UK
4025,Samuel Khumalo,Male,54,Kimberley,South Africa
4026,George Martin,Male,37,George,South Africa
4027,Caleb Ntuli,Male,30,San Diego,USA
4028,Neha Roberts,Female,50,Soweto,South Africa
4029,Ravi Naidoo,Male,25,Randburg,South Africa
4030,Ashley Lewis,Female,45,Johannesburg,South Africa
4031,Jack Pillay,Male,30,Atlanta,USA
4032,Charles Johnson,Male,40,London,UK
4033,Nhlanhla Mokoena,Male,18,Johannesburg,South Africa
4034,Nompumelelo Walker,Female,65,Fort Worth,USA
4035,Nompumelelo Khumalo,Female,57,Randburg,South Africa
4036,Liam Hughes,Male,25,Johannesburg,South Africa
4037,Benjamin Nkosi,Male,42,Memphis,USA
4038,Michael Evans,Male,26,San Antonio,USA
4039,Nokukhanya Hlongwane,Female,67,Charlotte,USA
4040,Elijah Johnson,Male,52,Austin,USA
4041,Neha Dlamini,Female,53,Nelspruit,South Africa
4042,Nompumelelo Davis,Female,21,Benoni,South Africa
4043,Nobuhle Molefe,Female,33,Pretoria,South Africa
4044,Nathan Dlamini,Male,24,Chicago,USA
4045,Ava Perez,Female,62,Randburg,South Africa
4046,Nhlanhla Wood,Male,27,Bradford,UK
4047,Amanda Johnson,Female,22,Pietermaritzburg,South Africa
4048,Thabo Jackson,Male,44,Pietermaritzburg,South Africa
4049,Grace Hughes,Female,36,Las Vegas,USA
4050,Sharon Thomas,Female,45,Cape Town,South Africa
4051,Noah Mkhize,Male,35,London,UK
4052,Karabo Vilakazi,Male,23,Phoenix,USA
4053,Lehlohonolo Molefe,Male,50,Kimberley,South Africa
4054,Ethan Anderson,Male,27,Rustenburg,South Africa
4055,Yusuf Price,Male,62,Port Elizabeth,South Africa
4056,Lindiwe Carter,Female,58,Nottingham,UK
4057,Nomsa Molefe,Female,40,London,UK
4058,Siyanda Nkosi,Male,28,Louisville,USA
4059,Daniel Baker,Male,24,Portland,USA
4060,Isabella Govender,Female,68,Austin,USA
4061,Grace Williams,Female,36,Fort Worth,USA
4062,Thomas Brown,Male,21,Philadelphia,USA
4063,Noah Price,Male,45,Cape Town,South Africa
4064,Mason Davies,Male,51,Durban,South Africa
4065,George Govender,Male,30,Glasgow,UK
4066,Isabella Nelson,Female,23,Nelspruit,South Africa
4067,Sophia Ngcobo,Female,65,Pietermaritzburg,South Africa
4068,Michael Price,Male,37,Cape Town,South Africa
4069,Ntombifuthi Govender,Female,27,Nottingham,UK
4070,Joseph Hall,Male,42,London,UK
4071,Henry Nkosi,Male,39,Rustenburg,South Africa
4072,Busisiwe Khan,Female,64,Port Elizabeth,South Africa
4073,Nompumelelo Nelson,Female,53,Manchester,UK
4074,Alexis Hlongwane,Female,28,Pietermaritzburg,South Africa
4075,Khulekani Ntuli,Male,70,Philadelphia,USA
4076,Samantha Smith,Female,50,Witbank,South Africa
4077,Susan Nelson,Female,62,Phoenix,USA
4078,Thabo Taylor,Male,57,Nottingham,UK
4079,Priya Roberts,Female,68,Atlanta,USA
4080,Stephanie Dlamini,Female,60,Cape Town,South Africa
4081,Jayden Johnson,Male,20,Pretoria,South Africa
4082,Priya Shabalala,Female,37,Glasgow,UK
4083,Tyler Roberts,Male,69,Cape Town,South Africa
4084,Busisiwe White,Female,65,Seattle,USA
4085,Liam Buthelezi,Male,23,Witbank,South Africa
4086,Sofia Carter,Female,28,Boksburg,South Africa
4087,Oliver Thomas,Male,60,San Jose,USA
4088,Sibusiso Mthembu,Male,24,Boston,USA
4089,Khanyisile Singh,Female,52,Miami,USA
4090,Jordan Davies,Male,18,Nottingham,UK
4091,Musa Molefe,Male,39,San Jose,USA
4092,Lesedi Moore,Male,51,Denver,USA
4093,Neha Williams,Female,43,Johannesburg,South Africa
4094,Rebecca Zulu,Female,70,Cape Town,South Africa
4095,George Naidoo,Male,70,Bristol,UK
4096,Kabelo Lewis,Male,23,Sheffield,UK
4097,Charles Jones,Male,25,Los Angeles,USA
4098,Victoria Mnguni,Female,45,Polokwane,South Africa
4099,Ella Zulu,Female,63,Miami,USA
4100,Emily Wilson,Female,30,East London,South Africa
4101,Lucas Garcia,Male,53,Derby,UK
4102,George Nkosi,Male,69,Johannesburg,South Africa
4103,Musa Mahlangu,Male,70,Pretoria,South Africa
4104,Nokukhanya Zulu,Female,55,Stoke-on-Trent,UK
4105,Amelia Ndlovu,Female,58,Phoenix,USA
4106,Nobuhle Miller,Female,64,Houston,USA
4107,Rebecca Robinson,Female,70,Jacksonville,USA
4108,Tebogo Mthembu,Male,22,Soweto,South Africa
4109,Lindiwe Adams,Female,51,Pretoria,South Africa
4110,Mohammed Pillay,Male,53,Charlotte,USA
4111,Mohammed Mkhize,Male,67,Louisville,USA
4112,Karabo Sithole,Male,47,Witbank,South Africa
4113,Dylan Jones,Male,53,Houston,USA
4114,Stephanie Buthelezi,Female,26,Derby,UK
4115,Ayanda Shabalala,Female,49,Seattle,USA
4116,Yusuf Adams,Male,32,Witbank,South Africa
4117,Christopher Smith,Male,29,Seattle,USA
4118,Tshepo Mitchell,Male,68,Randburg,South Africa
4119,James Pillay,Male,59,Kimberley,South Africa
4120,Alexander Mkhize,Male,31,Sheffield,UK
4121,Michael Mthembu,Male,43,Fort Worth,USA
4122,Emma Carter,Female,47,Sandton,South Africa
4123,Elijah Thompson,Male,61,Chicago,USA
4124,Victoria Mthembu,Female,33,Jacksonville,USA
4125,George Green,Male,21,Columbus,USA
4126,Melissa Cele,Female,42,Sandton,South Africa
4127,Lungelo Singh,Male,41,Randburg,South Africa
4128,Linda Naidoo,Female,36,Leeds,UK
4129,Samuel Mkhize,Male,36,San Jose,USA
4130,Sandile Jones,Male,18,Pretoria,South Africa
4131,Sofia Taylor,Female,70,Polokwane,South Africa
4132,Ethan Zulu,Male,41,Coventry,UK
4133,Busisiwe Mitchell,Female,66,Stoke-on-Trent,UK
4134,Phindile Walker,Female,43,San Diego,USA
4135,Kabelo Baker,Male,32,Durban,South Africa
4136,James Green,Male,19,Liverpool,UK
4137,Alexis Price,Female,67,Belfast,UK
4138,Rebecca Mthembu,Female,38,Seattle,USA
4139,Ashley Khumalo,Female,26,Chicago,USA
4140,Barbara Ngcobo,Female,39,Glasgow,UK
4141,Benjamin Perez,Male,66,Miami,USA
4142,Brandon Mitchell,Male,34,Cape Town,South Africa
4143,Nomsa Sithole,Female,64,Port Elizabeth,South Africa
4144,Jennifer Walker,Female,45,Jacksonville,USA
4145,Madison Robinson,Female,47,Rustenburg,South Africa
4146,Nathan Ndlovu,Male,19,Los Angeles,USA
4147,Charlotte Mitchell,Female,42,Belfast,UK
4148,Mohammed Wilson,Male,31,Pietermaritzburg,South Africa
4149,Lindiwe Mnguni,Female,19,Charlotte,USA
4150,Melissa Taylor,Female,37,Austin,USA
4151,Sibongile Reddy,Female,42,Boksburg,South Africa
4152,Brandon Price,Male,67,Portland,USA
4153,Ella Garcia,Female,29,San Jose,USA
4154,Nathan White,Male,45,Johannesburg,South Africa
4155,Ntombifuthi Turner,Female,61,Sandton,South Africa
4156,Charles Khan,Male,39,Roodepoort,South Africa
4157,Aisha White,Female,62,Benoni,South Africa
4158,Lungelo Mnguni,Male,45,Atlanta,USA
4159,Ryan Jones,Male,69,Randburg,South Africa
4160,Hannah Sithole,Female,29,Pietermaritzburg,South Africa
4161,Khanyisile Evans,Female,34,Johannesburg,South Africa
4162,Mohammed Singh,Male,54,Durban,South Africa
4163,Sofia Garcia,Female,45,London,UK
4164,Nokwanda Green,Female,44,Memphis,USA
4165,Priya Robinson,Female,49,Jacksonville,USA
4166,Nomsa Martin,Female,22,New York,USA
4167,David Mnguni,Male,34,Bloemfontein,South Africa
4168,Thandeka Thomas,Female,65,Newcastle,UK
4169,Themba Wilson,Male,63,Port Elizabeth,South Africa
4170,Mia Ndlovu,Female,66,Soweto,South Africa
4171,Ntombifuthi Masondo,Female,45,Atlanta,USA
4172,Dylan Pillay,Male,21,Philadelphia,USA
4173,Charlotte Clarke,Female,35,Coventry,UK
4174,Harry Perez,Male,29,Nottingham,UK
4175,Lungelo Govender,Male,29,Bloemfontein,South Africa
4176,Grace Johnson,Female,24,Liverpool,UK
4177,Tshepo Anderson,Male,35,Chicago,USA
4178,Dylan Vilakazi,Male,19,Newcastle,UK
4179,Patricia Williams,Female,31,Manchester,UK
4180,Susan Patel,Female,46,Birmingham,UK
4181,Nobuhle Johnson,Female,20,East London,South Africa
4182,Themba Jackson,Male,47,Nelspruit,South Africa
4183,Grace Molefe,Female,25,Newcastle,UK
4184,Samuel Lewis,Male,68,Polokwane,South Africa
4185,Arjun Molefe,Male,54,George,South Africa
4186,Ayanda Wilson,Female,28,Derby,UK
4187,Mia Molefe,Female,65,Phoenix,USA
4188,Phindile Naidoo,Female,66,Seattle,USA
4189,Sipho Mthembu,Male,70,Rustenburg,South Africa
4190,Musa Harris,Male,21,Witbank,South Africa
4191,Samantha Anderson,Female,59,Bloemfontein,South Africa
4192,Sharon Pillay,Female,53,Jacksonville,USA
4193,Benjamin Masondo,Male,34,Nashville,USA
4194,Olivia Garcia,Female,64,Roodepoort,South Africa
4195,Lerato Smith,Female,44,Jacksonville,USA
4196,Rebecca Williams,Female,28,Johannesburg,South Africa
4197,Samuel Pillay,Male,56,Bloemfontein,South Africa
4198,Christopher Perez,Male,67,Bristol,UK
4199,Henry Brown,Male,35,Boksburg,South Africa
4200,Benjamin Molefe,Male,29,Leicester,UK
4201,Nkosi Khan,Male,29,Bloemfontein,South Africa
4202,Marcus Moore,Male,20,Rustenburg,South Africa
4203,Lauren Wilson,Female,25,Memphis,USA
4204,Brandon Clarke,Male,39,Portland,USA
4205,Sandile Thomas,Male,55,Seattle,USA
4206,Phindile Khan,Female,57,Polokwane,South Africa
4207,Thomas Naidoo,Male,36,Coventry,UK
4208,Benjamin Harris,Male,26,Roodepoort,South Africa
4209,Marcus Hlongwane,Male,59,Port Elizabeth,South Africa
4210,Nozipho Roberts,Female,23,Boksburg,South Africa
4211,Nathan Baker,Male,66,Austin,USA
4212,Noah Mthembu,Male,27,Sandton,South Africa
4213,Nokwanda Taylor,Female,48,Denver,USA
4214,Palesa Naidoo,Female,22,Coventry,UK
4215,Lucas Roberts,Male,59,East London,South Africa
4216,Brittany Zulu,Female,55,George,South Africa
4217,Isabella Sithole,Female,24,San Diego,USA
4218,Harper Harris,Female,35,Phoenix,USA
4219,Ayanda Phillips,Female,24,Glasgow,UK
4220,Thomas Harris,Male,25,Polokwane,South Africa
4221,James Naidoo,Male,60,Seattle,USA
4222,Ashley Mkhize,Female,35,Bloemfontein,South Africa
4223,Jack Carter,Male,62,Pietermaritzburg,South Africa
4224,Sophia Scott,Female,24,Port Elizabeth,South Africa
4225,Benjamin Ndlovu,Male,37,Cape Town,South Africa
4226,Fatima Robinson,Female,58,Soweto,South Africa
4227,Jayden Hughes,Male,26,Durban,South Africa
4228,Karabo Hughes,Male,58,Austin,USA
4229,Benjamin Reddy,Male,65,London,UK
4230,Khanyisile Vilakazi,Female,48,Columbus,USA
4231,Bongiwe Turner,Female,54,East London,South Africa
4232,Nhlanhla Pillay,Male,55,Seattle,USA
4233,Lauren Zulu,Female,40,Birmingham,UK
4234,Brandon Robinson,Male,63,San Jose,USA
4235,Palesa Wilson,Female,51,Randburg,South Africa
4236,Nokukhanya Mnguni,Female,51,Roodepoort,South Africa
4237,Sibusiso Green,Male,62,Sandton,South Africa
4238,Caleb Govender,Male,19,Dallas,USA
4239,Aisha Ntuli,Female,60,Philadelphia,USA
4240,Lerato Mokoena,Female,67,Austin,USA
4241,Ava Anderson,Female,28,Philadelphia,USA
4242,Charles Nelson,Male,18,Seattle,USA
4243,Marcus Thomas,Male,28,San Jose,USA
4244,Zanele Jackson,Female,30,Dallas,USA
4245,Lehlohonolo Johnson,Male,23,Sheffield,UK
4246,Nkosi Lewis,Male,23,Boksburg,South Africa
4247,Lucas Johnson,Male,68,Witbank,South Africa
4248,Nomsa Thompson,Female,20,George,South Africa
4249,Mandla Adams,Male,70,Wolverhampton,UK
4250,Madison Patel,Female,29,Kimberley,South Africa
4251,Oliver Sithole,Male,57,Durban,South Africa
4252,Nkosi Perez,Male,66,Benoni,South Africa
4253,Mason Naidoo,Male,37,Manchester,UK
4254,Benjamin Molefe,Male,42,Birmingham,UK
4255,Olivia Mnguni,Female,27,Portland,USA
4256,Tyler Thomas,Male,35,Witbank,South Africa
4257,Mohammed Martin,Male,26,East London,South Africa
4258,Sophia Johnson,Female,54,Soweto,South Africa
4259,Bongani Roberts,Male,45,Witbank,South Africa
4260,Joseph Molefe,Male,61,East London,South Africa
4261,Charlotte Johnson,Female,59,Derby,UK
4262,Nandi Nkosi,Female,45,East London,South Africa
4263,Elijah Nelson,Male,35,Bristol,UK
4264,Andrew Singh,Male,47,Sandton,South Africa
4265,Anisha Mitchell,Female,48,Birmingham,UK
4266,Rebecca Khan,Female,68,Kimberley,South Africa
4267,Henry Davis,Male,70,Witbank,South Africa
4268,Mohammed Green,Male,39,Roodepoort,South Africa
4269,Olivia Nkosi,Female,49,Denver,USA
4270,Themba Hall,Male,62,Bloemfontein,South Africa
4271,Emma Molefe,Female,46,Nelspruit,South Africa
4272,Sibusiso Ngcobo,Male,28,Rustenburg,South Africa
4273,Khanyisile Baker,Female,68,George,South Africa
4274,Samantha Johnson,Female,28,Kimberley,South Africa
4275,Nokukhanya Molefe,Female,42,Glasgow,UK
4276,Emma Davis,Female,35,Philadelphia,USA
4277,Vikram Martin,Male,64,Chicago,USA
4278,James Adams,Male,32,Austin,USA
4279,Aisha Roberts,Female,29,Nelspruit,South Africa
4280,Tyler Williams,Male,69,Polokwane,South Africa
4281,Neha Taylor,Female,34,Los Angeles,USA
4282,Fatima Jackson,Female,65,Polokwane,South Africa
4283,Priya Zwane,Female,34,Soweto,South Africa
4284,Caleb Turner,Male,23,Charlotte,USA
4285,Patricia White,Female,34,Newcastle,UK
4286,Tshepo Phillips,Male,66,Roodepoort,South Africa
4287,Jayden Hall,Male,62,Rustenburg,South Africa
4288,Noah Buthelezi,Male,46,Las Vegas,USA
4289,Samuel Khumalo,Male,18,San Jose,USA
4290,Amelia Martinez,Female,59,Stoke-on-Trent,UK
4291,Olivia Walker,Female,33,Witbank,South Africa
4292,Brandon Brown,Male,32,Charlotte,USA
4293,Barbara Harris,Female,55,San Antonio,USA
4294,Caleb Shabalala,Male,59,East London,South Africa
4295,Michael Thomas,Male,48,Houston,USA
4296,Themba Reddy,Male,44,Sandton,South Africa
4297,Khanyisile Dlamini,Female,57,Randburg,South Africa
4298,Priya Majola,Female,45,Randburg,South Africa
4299,Nobuhle Davis,Female,42,San Antonio,USA
4300,Thandeka Hall,Female,61,Plymouth,UK
4301,Kayla Jones,Female,65,Cardiff,UK
4302,Joseph Hall,Male,54,Pretoria,South Africa
4303,Emily Price,Female,59,Nottingham,UK
4304,Arjun Thomas,Male,61,New York,USA
4305,Kayla Khan,Female,29,Manchester,UK
4306,Nozipho Naidoo,Female,54,London,UK
4307,Nokwanda Govender,Female,67,Derby,UK
4308,Tshepo Hlongwane,Male,28,Seattle,USA
4309,Ryan Green,Male,67,Polokwane,South Africa
4310,Ava Martinez,Female,65,London,UK
4311,Melissa Wood,Female,57,George,South Africa
4312,Nomsa Jones,Female,31,Denver,USA
4313,Thomas Nkosi,Male,61,Austin,USA
4314,Nobuhle Williams,Female,25,Boksburg,South Africa
4315,Samantha Jones,Female,42,Chicago,USA
4316,Melissa Hlongwane,Female,46,Rustenburg,South Africa
4317,Sofia Mnguni,Female,28,Liverpool,UK
4318,Daniel Kunene,Male,65,Portland,USA
4319,Alexander Miller,Male,62,Durban,South Africa
4320,Busisiwe Hlongwane,Female,25,Randburg,South Africa
4321,Elijah Turner,Male,59,Polokwane,South Africa
4322,Brandon Mnguni,Male,55,Birmingham,UK
4323,Elijah Hughes,Male,67,Memphis,USA
4324,Christopher Kunene,Male,23,East London,South Africa
4325,Khanyisile Davis,Female,25,Boston,USA
4326,Ryan Hall,Male,20,Cape Town,South Africa
4327,Oliver Kunene,Male,58,Miami,USA
4328,Jordan Naidoo,Male,43,Bloemfontein,South Africa
4329,Emma Govender,Female,59,Bristol,UK
4330,Stephanie Mnguni,Female,38,New York,USA
4331,Jordan Cele,Male,51,Denver,USA
4332,Grace Reddy,Female,59,Nashville,USA
4333,Ava Taylor,Female,44,Columbus,USA
4334,Lesedi Phillips,Male,25,Sandton,South Africa
4335,Kayla Ntuli,Female,18,Miami,USA
4336,David Williams,Male,33,Charlotte,USA
4337,Tebogo Govender,Male,44,Nelspruit,South Africa
4338,Palesa Mokoena,Female,38,Coventry,UK
4339,Lehlohonolo Hughes,Male,39,Belfast,UK
4340,George Govender,Male,18,San Jose,USA
4341,Musa Naidoo,Male,60,Bradford,UK
4342,Sofia Williams,Female,55,Port Elizabeth,South Africa
4343,Jordan Mitchell,Male,33,Roodepoort,South Africa
4344,Grace Garcia,Female,43,Birmingham,UK
4345,Henry Turner,Male,59,New York,USA
4346,Andrew Walker,Male,33,Port Elizabeth,South Africa
4347,Amelia Carter,Female,40,Witbank,South Africa
4348,Priya Dlamini,Female,62,Charlotte,USA
4349,Khanyisile Lewis,Female,61,Polokwane,South Africa
4350,Melissa Roberts,Female,50,Houston,USA
4351,Sharon Garcia,Female,49,Rustenburg,South Africa
4352,Ntombi Thomas,Female,44,East London,South Africa
4353,Sandile Harris,Male,20,Soweto,South Africa
4354,Nandi Taylor,Female,26,Kimberley,South Africa
4355,Barbara Govender,Female,26,Dallas,USA
4356,Lucas Mnguni,Male,42,Witbank,South Africa
4357,James Phillips,Male,44,Soweto,South Africa
4358,Zanele Patel,Female,40,Boksburg,South Africa
4359,Benjamin Davies,Male,31,Roodepoort,South Africa
4360,Sharon Thomas,Female,53,Las Vegas,USA
4361,Samantha Reddy,Female,41,Nottingham,UK
4362,Musa Mthembu,Male,33,Bloemfontein,South Africa
4363,Vikram Hughes,Male,56,Leeds,UK
4364,Nokwanda Mnguni,Female,65,Benoni,South Africa
4365,Ethan Ntuli,Male,43,Johannesburg,South Africa
4366,Siyanda Hall,Male,21,Portland,USA
4367,Susan Thomas,Female,27,Manchester,UK
4368,Nokukhanya Sithole,Female,20,Wolverhampton,UK
4369,Lungelo Hall,Male,25,Randburg,South Africa
4370,Ashley Buthelezi,Female,58,Belfast,UK
4371,Harry Vilakazi,Male,45,Portland,USA
4372,Lerato Naidoo,Female,65,Las Vegas,USA
4373,Siyanda Johnson,Male,39,Las Vegas,USA
4374,Noah Zwane,Male,29,Polokwane,South Africa
4375,Samuel Masondo,Male,45,Pretoria,South Africa
4376,Emma Thomas,Female,26,Wolverhampton,UK
4377,Lehlohonolo Perez,Male,43,New York,USA
4378,Mohammed Mitchell,Male,33,New York,USA
4379,Victoria Jackson,Female,44,Randburg,South Africa
4380,Grace Baker,Female,48,Kimberley,South Africa
4381,Musa Davies,Male,68,Belfast,UK
4382,Charlotte Naidoo,Female,38,Durban,South Africa
4383,Mohammed Scott,Male,43,Cape Town,South Africa
4384,Fatima Ngcobo,Female,30,Chicago,USA
4385,Lauren Wilson,Female,32,Boksburg,South Africa
4386,Harry Cele,Male,62,Benoni,South Africa
4387,Benjamin Singh,Male,51,San Antonio,USA
4388,Amelia Patel,Female,37,San Jose,USA
4389,Palesa Garcia,Female,36,New York,USA
4390,Fatima Martin,Female,19,Roodepoort,South Africa
4391,Sharon Ntuli,Female,67,Durban,South Africa
4392,Mpho Mahlangu,Male,44,Benoni,South Africa
4393,William Mahlangu,Male,58,Roodepoort,South Africa
4394,Ava Shabalala,Female,62,Bloemfontein,South Africa
4395,Ava Roberts,Female,40,Nelspruit,South Africa
4396,Lucas Taylor,Male,53,Miami,USA
4397,Marcus Nelson,Male,52,Memphis,USA
4398,Tyler Garcia,Male,34,Benoni,South Africa
4399,Sibongile Mitchell,Female,33,Houston,USA
4400,Emily Masondo,Female,70,Los Angeles,USA
4401,Sophia Davies,Female,69,Kimberley,South Africa
4402,Linda Wood,Female,25,New York,USA
4403,Lucas Vilakazi,Male,27,Roodepoort,South Africa
4404,Tshepo Khan,Male,55,Bloemfontein,South Africa
4405,Nkosi Kunene,Male,41,Stoke-on-Trent,UK
4406,Nobuhle Lewis,Female,58,London,UK
4407,Neha Vilakazi,Female,18,Pietermaritzburg,South Africa
4408,Lucas Adams,Male,23,Coventry,UK
4409,Phindile Martin,Female,63,San Antonio,USA
4410,Brandon White,Male,26,East London,South Africa
4411,Lerato Price,Female,19,Miami,USA
4412,Nhlanhla Martin,Male,49,Benoni,South Africa
4413,Amelia Pillay,Female,20,Leeds,UK
4414,Arjun Clarke,Male,32,East London,South Africa
4415,Alexander Phillips,Male,42,Pietermaritzburg,South Africa
4416,Emma Adams,Female,53,Bloemfontein,South Africa
4417,Nompumelelo Reddy,Female,60,Benoni,South Africa
4418,Amelia Walker,Female,47,Portland,USA
4419,Ethan Williams,Male,38,Sandton,South Africa
4420,Mohammed Shabalala,Male,35,Nelspruit,South Africa
4421,Aisha Wilson,Female,52,Portland,USA
4422,Andrew Singh,Male,23,Durban,South Africa
4423,Destiny Taylor,Female,70,Austin,USA
4424,Samuel Roberts,Male,44,Belfast,UK
4425,Alexis Ntuli,Female,44,Pietermaritzburg,South Africa
4426,Susan Smith,Female,41,Johannesburg,South Africa
4427,Khulekani Phillips,Male,22,San Jose,USA
4428,Mason Perez,Male,49,Newcastle,UK
4429,Lungelo Phillips,Male,51,Pietermaritzburg,South Africa
4430,Caleb Evans,Male,20,Polokwane,South Africa
4431,Stephanie Johnson,Female,41,Randburg,South Africa
4432,Lehlohonolo Harris,Male,35,Derby,UK
4433,James Mokoena,Male,55,Pretoria,South Africa
4434,Noah Evans,Male,58,Rustenburg,South Africa
4435,Oliver Price,Male,39,East London,South Africa
4436,Nozipho Perez,Female,54,Boston,USA
4437,Lindiwe Khumalo,Female,54,Philadelphia,USA
4438,Amelia Miller,Female,57,Columbus,USA
4439,Mason Robinson,Male,40,Belfast,UK
4440,Sibongile Green,Female,34,Wolverhampton,UK
4441,Harry Scott,Male,36,Boston,USA
4442,Phindile Clarke,Female,39,Durban,South Africa
4443,Daniel Williams,Male,58,Las Vegas,USA
4444,Lauren Nelson,Female,51,Kimberley,South Africa
4445,Kayla Thomas,Female,28,Derby,UK
4446,Ella Mthembu,Female,49,Los Angeles,USA
4447,Phindile Jackson,Female,42,Witbank,South Africa
4448,Alexander White,Male,26,Witbank,South Africa
4449,Nathan Johnson,Male,36,Port Elizabeth,South Africa
4450,Linda Thomas,Female,19,Rustenburg,South Africa
4451,Jayden Majola,Male,41,Rustenburg,South Africa
4452,Tshepo Smith,Male,22,Durban,South Africa
4453,Fatima Zulu,Female,38,Rustenburg,South Africa
4454,Grace Wilson,Female,41,Nelspruit,South Africa
4455,Isabella Khan,Female,33,San Jose,USA
4456,Grace Price,Female,21,Dallas,USA
4457,Thandeka Zulu,Female,61,Newcastle,UK
4458,Tyler Martinez,Male,25,Memphis,USA
4459,Nhlanhla Mnguni,Male,58,Fort Worth,USA
4460,Nokukhanya Hall,Female,63,East London,South Africa
4461,Brittany Phillips,Female,25,San Antonio,USA
4462,Ntombi Ngcobo,Female,34,Seattle,USA
4463,Kayla Smith,Female,41,Los Angeles,USA
4464,Nkosi Shabalala,Male,48,Manchester,UK
4465,Nompumelelo Smith,Female,69,Denver,USA
4466,Sipho Jones,Male,56,Sandton,South Africa
4467,Lungelo Patel,Male,70,Benoni,South Africa
4468,Thandeka Mkhize,Female,31,Fort Worth,USA
4469,Ayanda Davis,Female,29,Glasgow,UK
4470,Nompumelelo Naidoo,Female,70,Soweto,South Africa
4471,Victoria Reddy,Female,34,Sandton,South Africa
4472,Henry Naidoo,Male,32,Austin,USA
4473,Harry Mkhize,Male,33,New York,USA
4474,Mandla Smith,Male,22,East London,South Africa
4475,Nhlanhla Govender,Male,51,Port Elizabeth,South Africa
4476,Musa Ngcobo,Male,60,Boksburg,South Africa
4477,Thomas Johnson,Male,69,Austin,USA
4478,Sharon Dlamini,Female,39,Cardiff,UK
4479,Christopher Phillips,Male,21,Newcastle,UK
4480,Madison Moore,Female,30,San Diego,USA
4481,Oliver Smith,Male,63,Bristol,UK
4482,Lungelo Buthelezi,Male,29,Columbus,USA
4483,Andrew Ntuli,Male,49,Soweto,South Africa
4484,Lungelo Taylor,Male,44,Plymouth,UK
4485,Caleb Thomas,Male,37,New York,USA
4486,Sophia Khan,Female,53,Polokwane,South Africa
4487,Amanda Brown,Female,39,Philadelphia,USA
4488,Harper Clarke,Female,23,Los Angeles,USA
4489,Jennifer Hall,Female,64,Sandton,South Africa
4490,Olivia Martin,Female,48,Jacksonville,USA
4491,Dylan Martinez,Male,44,Boksburg,South Africa
4492,David Martin,Male,28,Cape Town,South Africa
4493,Karabo Thomas,Male,30,Leicester,UK
4494,Patricia Price,Female,44,San Jose,USA
4495,Palesa Scott,Female,56,Denver,USA
4496,Leo Zwane,Male,31,Wolverhampton,UK
4497,Nokukhanya Vilakazi,Female,63,Benoni,South Africa
4498,Mandla Majola,Male,45,Benoni,South Africa
4499,Melissa Scott,Female,18,Derby,UK
4500,Ethan White,Male,67,Bristol,UK
4501,Mason Ntuli,Male,65,Boksburg,South Africa
4502,Linda Turner,Female,24,Bloemfontein,South Africa
4503,Kabelo Ndlovu,Male,39,Seattle,USA
4504,Lindiwe Hughes,Female,19,Durban,South Africa
4505,Tshepo Garcia,Male,45,Philadelphia,USA
4506,Andrew Patel,Male,70,Miami,USA
4507,Fatima Hall,Female,29,Sheffield,UK
4508,Kayla Robinson,Female,65,Atlanta,USA
4509,Joseph Kunene,Male,67,Phoenix,USA
4510,Lungelo Garcia,Male,51,Nashville,USA
4511,Emily Baker,Female,60,San Jose,USA
4512,Elijah Zwane,Male,21,Durban,South Africa
4513,Mpho Hughes,Male,54,Fort Worth,USA
4514,Brianna Hlongwane,Female,35,Pietermaritzburg,South Africa
4515,Nobuhle Thompson,Female,57,George,South Africa
4516,Thomas Vilakazi,Male,33,Derby,UK
4517,Ella Singh,Female,43,Birmingham,UK
4518,Samuel Cele,Male,44,George,South Africa
4519,James Zulu,Male,44,Pietermaritzburg,South Africa
4520,Nobuhle Majola,Female,44,Cardiff,UK
4521,Sibongile Zwane,Female,43,Rustenburg,South Africa
4522,Lauren Zulu,Female,29,Witbank,South Africa
4523,Sophia Smith,Female,21,Soweto,South Africa
4524,Anisha White,Female,69,Phoenix,USA
4525,Nobuhle Wilson,Female,40,George,South Africa
4526,Ayanda Green,Female,24,Nelspruit,South Africa
4527,Ayanda Moore,Female,67,Boston,USA
4528,Susan Walker,Female,18,East London,South Africa
4529,Vikram Jackson,Male,52,London,UK
4530,David Scott,Male,70,Los Angeles,USA
4531,Nathan Williams,Male,33,Cape Town,South Africa
4532,Amanda Roberts,Female,27,Plymouth,UK
4533,Emily Govender,Female,20,Austin,USA
4534,Arjun Hlongwane,Male,32,Benoni,South Africa
4535,Nokukhanya Moore,Female,31,Boksburg,South Africa
4536,Benjamin Martin,Male,58,Benoni,South Africa
4537,Sofia Masondo,Female,70,Belfast,UK
4538,David Roberts,Male,39,Stoke-on-Trent,UK
4539,Charlotte Khan,Female,41,Nelspruit,South Africa
4540,Musa Scott,Male,20,Jacksonville,USA
4541,Nozipho Masondo,Female,37,London,UK
4542,Fatima Molefe,Female,54,Johannesburg,South Africa
4543,Hannah Davis,Female,26,Columbus,USA
4544,Sipho Hughes,Male,35,Cape Town,South Africa
4545,George Carter,Male,51,Louisville,USA
4546,Brandon Zwane,Male,35,New York,USA
4547,Nokwanda Wood,Female,27,Pretoria,South Africa
4548,Sibongile Martinez,Female,48,Witbank,South Africa
4549,Jasmine Mitchell,Female,25,Chicago,USA
4550,Nokukhanya Roberts,Female,61,Philadelphia,USA
4551,James Majola,Male,51,Phoenix,USA
4552,Jennifer Zwane,Female,43,Dallas,USA
4553,Samuel White,Male,28,Polokwane,South Africa
4554,Christopher Harris,Male,19,Jacksonville,USA
4555,Ntombi Lewis,Female,28,Atlanta,USA
4556,Susan Zwane,Female,31,Soweto,South Africa
4557,Mpho Smith,Male,42,Boksburg,South Africa
4558,Kabelo Nkosi,Male,41,Randburg,South Africa
4559,Jordan Vilakazi,Male,50,Port Elizabeth,South Africa
4560,Melissa Mitchell,Female,70,Kimberley,South Africa
4561,Victoria Williams,Female,44,Edinburgh,UK
4562,Jordan Cele,Male,32,Houston,USA
4563,Victoria Majola,Female,55,Port Elizabeth,South Africa
4564,Sandile Mahlangu,Male,61,Birmingham,UK
4565,Karabo Harris,Male,38,Stoke-on-Trent,UK
4566,Emily Lewis,Female,69,Charlotte,USA
4567,Ntombi Price,Female,22,Charlotte,USA
4568,Fatima Scott,Female,38,Randburg,South Africa
4569,Michael Vilakazi,Male,52,Los Angeles,USA
4570,Nokukhanya Khan,Female,47,Jacksonville,USA
4571,Tyler Ngcobo,Male,56,Boksburg,South Africa
4572,Jasmine Kunene,Female,56,Nashville,USA
4573,Nomsa Thomas,Female,70,Miami,USA
4574,Emma Kunene,Female,46,Randburg,South Africa
4575,Charles Buthelezi,Male,19,Fort Worth,USA
4576,Ethan Evans,Male,55,Pretoria,South Africa
4577,Liam Jones,Male,58,Manchester,UK
4578,Ethan Vilakazi,Male,51,Nashville,USA
4579,Ravi Mkhize,Male,70,Belfast,UK
4580,Andrew Thomas,Male,42,Boston,USA
4581,Charles Mthembu,Male,21,Phoenix,USA
4582,Mohammed Cele,Male,55,Fort Worth,USA
4583,Sandile Lewis,Male,63,Columbus,USA
4584,Sofia Martinez,Female,20,Pietermaritzburg,South Africa
4585,Ryan Masondo,Male,38,Boston,USA
4586,Sharon Zwane,Female,68,San Diego,USA
4587,Brandon Carter,Male,62,Sandton,South Africa
4588,Nompumelelo Zulu,Female,67,East London,South Africa
4589,Tyler Baker,Male,39,Portland,USA
4590,Samantha Brown,Female,40,Durban,South Africa
4591,Victoria Molefe,Female,51,Nelspruit,South Africa
4592,Amelia Wood,Female,41,Stoke-on-Trent,UK
4593,Leo Taylor,Male,37,Sandton,South Africa
4594,Lehlohonolo Ndlovu,Male,66,Polokwane,South Africa
4595,Rebecca Miller,Female,30,Soweto,South Africa
4596,Tyler Anderson,Male,70,Stoke-on-Trent,UK
4597,Khulekani Brown,Male,55,Charlotte,USA
4598,Neha Miller,Female,27,Kimberley,South Africa
4599,Lauren Harris,Female,50,Witbank,South Africa
4600,Grace Walker,Female,19,Edinburgh,UK
4601,Busisiwe Harris,Female,37,Manchester,UK
4602,Thandeka Mkhize,Female,57,East London,South Africa
4603,Priya Khan,Female,25,Sandton,South Africa
4604,Samantha Naidoo,Female,56,Glasgow,UK
4605,Lindiwe Ndlovu,Female,50,Roodepoort,South Africa
4606,Karabo Brown,Male,26,Chicago,USA
4607,Emma Perez,Female,63,Nashville,USA
4608,Michael Sithole,Male,32,Durban,South Africa
4609,Rebecca Perez,Female,22,Nashville,USA
4610,Neha Davies,Female,55,George,South Africa
4611,Jordan Khan,Male,37,George,South Africa
4612,Ntombi Hughes,Female,42,Pretoria,South Africa
4613,Nokukhanya Carter,Female,52,Durban,South Africa
4614,Palesa Khumalo,Female,45,Johannesburg,South Africa
4615,Sophia Naidoo,Female,28,Pretoria,South Africa
4616,Grace Taylor,Female,59,Bristol,UK
4617,Sandile Hall,Male,35,Fort Worth,USA
4618,Karabo Hughes,Male,70,Las Vegas,USA
4619,Amanda Garcia,Female,36,Port Elizabeth,South Africa
4620,Arjun Thomas,Male,36,San Diego,USA
4621,Sibusiso Jones,Male,69,Rustenburg,South Africa
4622,Samuel Phillips,Male,63,Leeds,UK
4623,Ryan Turner,Male,46,Boston,USA
4624,Alexis Jackson,Female,45,London,UK
4625,Tyler Anderson,Male,33,Cape Town,South Africa
4626,William Ntuli,Male,26,San Diego,USA
4627,Victoria Vilakazi,Female,20,East London,South Africa
4628,Madison Molefe,Female,44,Boston,USA
4629,Leo Mahlangu,Male,46,Austin,USA
4630,Tebogo Hall,Male,35,Leeds,UK
4631,Nandi Jones,Female,57,Polokwane,South Africa
4632,Isabella Martinez,Female,37,Leicester,UK
4633,Patricia Wood,Female,26,Coventry,UK
4634,Liam Phillips,Male,33,Phoenix,USA
4635,Thandeka Moore,Female,54,Louisville,USA
4636,Nokukhanya Turner,Female,57,Jacksonville,USA
4637,Tebogo Reddy,Male,49,Fort Worth,USA
4638,Amanda Nkosi,Female,37,New York,USA
4639,Matthew Green,Male,18,Cardiff,UK
4640,Isabella Khan,Female,68,Bristol,UK
4641,Patricia Thomas,Female,48,Roodepoort,South Africa
4642,Samuel Smith,Male,37,San Diego,USA
4643,Jack Hughes,Male,41,Durban,South Africa
4644,Nobuhle Shabalala,Female,36,San Antonio,USA
4645,Marcus Nkosi,Male,25,Boksburg,South Africa
4646,Anisha Zwane,Female,47,Austin,USA
4647,Jack Mkhize,Male,62,Johannesburg,South Africa
4648,Nandi Davies,Female,46,Columbus,USA
4649,Mia Kunene,Female,30,Randburg,South Africa
4650,Priya Miller,Female,21,Roodepoort,South Africa
4651,Nompumelelo Dlamini,Female,37,Durban,South Africa
4652,Ava Moore,Female,34,Sandton,South Africa
4653,Nomsa Ndlovu,Female,69,Roodepoort,South Africa
4654,Daniel Martinez,Male,24,George,South Africa
4655,Madison Hall,Female,26,Soweto,South Africa
4656,Ryan Smith,Male,27,Wolverhampton,UK
4657,Nkosi Taylor,Male,41,Sheffield,UK
4658,James Thomas,Male,20,East London,South Africa
4659,Themba Majola,Male,45,Cardiff,UK
4660,Tshepo Green,Male,26,Pretoria,South Africa
4661,Siyanda Buthelezi,Male,19,Sandton,South Africa
4662,Leo Scott,Male,22,Boksburg,South Africa
4663,Oliver Zulu,Male,43,Polokwane,South Africa
4664,Joseph Zwane,Male,27,Port Elizabeth,South Africa
4665,Amelia Brown,Female,38,Boksburg,South Africa
4666,Themba Govender,Male,21,Port Elizabeth,South Africa
4667,Leo Davis,Male,22,East London,South Africa
4668,Neha Wood,Female,31,Pretoria,South Africa
4669,Sandile Govender,Male,41,George,South Africa
4670,William Mokoena,Male,28,Benoni,South Africa
4671,Brittany Jackson,Female,61,Port Elizabeth,South Africa
4672,Musa Reddy,Male,50,Kimberley,South Africa
4673,Madison Smith,Female,29,Randburg,South Africa
4674,Madison Patel,Female,35,Cape Town,South Africa
4675,Nompumelelo Martin,Female,66,Portland,USA
4676,Bongiwe Davies,Female,35,Seattle,USA
4677,Zanele Mahlangu,Female,32,Durban,South Africa
4678,Phindile Govender,Female,42,Coventry,UK
4679,Melissa Baker,Female,54,Liverpool,UK
4680,Nozipho Phillips,Female,28,Polokwane,South Africa
4681,Henry White,Male,44,Nelspruit,South Africa
4682,Jennifer Perez,Female,32,Boksburg,South Africa
4683,Nomsa Clarke,Female,46,Dallas,USA
4684,Madison Scott,Female,60,East London,South Africa
4685,Harper Adams,Female,65,Kimberley,South Africa
4686,Thomas Phillips,Male,49,Glasgow,UK
4687,Mia Adams,Female,48,Soweto,South Africa
4688,Nokwanda Molefe,Female,38,Kimberley,South Africa
4689,Emma Baker,Female,50,San Diego,USA
4690,Ryan Zulu,Male,43,Phoenix,USA
4691,Grace Mahlangu,Female,55,Boston,USA
4692,Ryan Zulu,Male,40,Plymouth,UK
4693,Leo Anderson,Male,68,San Antonio,USA
4694,Ava Jones,Female,33,East London,South Africa
4695,Harper Turner,Female,21,Philadelphia,USA
4696,Leo Lewis,Male,52,Atlanta,USA
4697,Daniel Mkhize,Male,42,Denver,USA
4698,Liam Ntuli,Male,25,Coventry,UK
4699,Benjamin Hall,Male,68,Fort Worth,USA
4700,Tyler Lewis,Male,27,Nashville,USA
4701,Elijah Walker,Male,40,San Antonio,USA
4702,Lucas Ndlovu,Male,47,Boksburg,South Africa
4703,Sophia Mokoena,Female,43,Liverpool,UK
4704,Kabelo Khumalo,Male,29,Las Vegas,USA
4705,Ntombi Walker,Female,54,Boston,USA
4706,Samantha Jones,Female,44,Seattle,USA
4707,Lungelo Baker,Male,32,Los Angeles,USA
4708,Elijah Ndlovu,Male,28,Boksburg,South Africa
4709,Liam Thomas,Male,67,Denver,USA
4710,Busisiwe Brown,Female,66,San Antonio,USA
4711,Sandile Roberts,Male,35,Witbank,South Africa
4712,Sibongile Khan,Female,61,Pretoria,South Africa
4713,Amelia Vilakazi,Female,69,Chicago,USA
4714,Jack Martin,Male,49,Los Angeles,USA
4715,Mandla Vilakazi,Male,23,Johannesburg,South Africa
4716,Hannah Dlamini,Female,67,Kimberley,South Africa
4717,Christopher Brown,Male,27,Columbus,USA
4718,Susan Mthembu,Female,43,Birmingham,UK
4719,Thomas Davis,Male,33,Pretoria,South Africa
4720,Mandla Majola,Male,65,Bristol,UK
4721,Patricia Buthelezi,Female,21,East London,South Africa
4722,Dylan Wilson,Male,62,Portland,USA
4723,Yusuf Zulu,Male,31,Coventry,UK
4724,George Green,Male,68,Las Vegas,USA
4725,William Ngcobo,Male,25,Port Elizabeth,South Africa
4726,Benjamin Wood,Male,70,Port Elizabeth,South Africa
4727,Linda Robinson,Female,60,Sheffield,UK
4728,Siyanda Nkosi,Male,25,Roodepoort,South Africa
4729,Rebecca Hall,Female,38,Sandton,South Africa
4730,Sibusiso Mokoena,Male,45,Miami,USA
4731,Fatima Turner,Female,36,Bradford,UK
4732,Nkosi Dlamini,Male,20,Belfast,UK
4733,Victoria Khumalo,Female,60,Leeds,UK
4734,Nomsa Davies,Female,59,Rustenburg,South Africa
4735,Patricia Miller,Female,22,Chicago,USA
4736,Thandeka Baker,Female,21,Witbank,South Africa
4737,Elijah Moore,Male,44,Jacksonville,USA
4738,Nomsa Green,Female,29,Atlanta,USA
4739,Linda Taylor,Female,18,Rustenburg,South Africa
4740,Fatima Moore,Female,63,Seattle,USA
4741,Anisha Mnguni,Female,40,Benoni,South Africa
4742,Priya Molefe,Female,21,Pretoria,South Africa
4743,Madison Garcia,Female,40,Coventry,UK
4744,Jayden Mitchell,Male,67,Phoenix,USA
4745,Nathan Nkosi,Male,47,George,South Africa
4746,Nhlanhla Mitchell,Male,43,Nelspruit,South Africa
4747,Sharon Johnson,Female,48,Cape Town,South Africa
4748,Siyanda Lewis,Male,25,London,UK
4749,Priya White,Female,29,Randburg,South Africa
4750,Khanyisile Ndlovu,Female,18,Witbank,South Africa
4751,Neha Wilson,Female,61,Pretoria,South Africa
4752,Harper Hlongwane,Female,27,Witbank,South Africa
4753,Bongani Majola,Male,64,Rustenburg,South Africa
4754,Mason Sithole,Male,27,Philadelphia,USA
4755,Daniel Buthelezi,Male,36,Nelspruit,South Africa
4756,Ashley Buthelezi,Female,51,Benoni,South Africa
4757,Amelia Smith,Female,35,Roodepoort,South Africa
4758,Samantha Khumalo,Female,32,Pretoria,South Africa
4759,Matthew Davies,Male,40,Louisville,USA
4760,Nokwanda Scott,Female,67,Glasgow,UK
4761,Sibusiso Mnguni,Male,55,Johannesburg,South Africa
4762,Nandi Mthembu,Female,58,Portland,USA
4763,Fatima Davis,Female,56,Miami,USA
4764,Oliver Ntuli,Male,52,Durban,South Africa
4765,Christopher Hall,Male,24,Las Vegas,USA
4766,Nompumelelo Hall,Female,22,Louisville,USA
4767,William Kunene,Male,66,Liverpool,UK
4768,Aisha Jackson,Female,69,Memphis,USA
4769,Daniel Brown,Male,29,Randburg,South Africa
4770,Oliver Phillips,Male,32,Atlanta,USA
4771,Tshepo Sithole,Male,47,Louisville,USA
4772,Kabelo Cele,Male,24,Benoni,South Africa
4773,Ayanda Evans,Female,70,Boston,USA
4774,Tyler Baker,Male,53,Rustenburg,South Africa
4775,Jennifer Perez,Female,55,Las Vegas,USA
4776,Arjun Lewis,Male,29,Memphis,USA
4777,David White,Male,56,Wolverhampton,UK
4778,Mpho Hall,Male,40,Plymouth,UK
4779,Sophia Turner,Female,22,Fort Worth,USA
4780,Alexis Martinez,Female,33,Nelspruit,South Africa
4781,Samantha Davis,Female,23,Port Elizabeth,South Africa
4782,Alexis Nkosi,Female,32,Roodepoort,South Africa
4783,Musa Wilson,Male,26,Johannesburg,South Africa
4784,Nokwanda Shabalala,Female,64,Benoni,South Africa
4785,Tebogo Anderson,Male,36,Soweto,South Africa
4786,Sharon Reddy,Female,38,London,UK
4787,Nobuhle Reddy,Female,33,Dallas,USA
4788,Lungelo Hall,Male,50,Cape Town,South Africa
4789,Ava Martinez,Female,63,Pretoria,South Africa
4790,Brittany Davies,Female,43,Austin,USA
4791,Ashley Martinez,Female,36,Wolverhampton,UK
4792,Elijah Govender,Male,49,Fort Worth,USA
4793,Sipho Lewis,Male,28,Cape Town,South Africa
4794,Nhlanhla Mokoena,Male,32,Boston,USA
4795,Nobuhle Walker,Female,40,Polokwane,South Africa
4796,Tyler Hlongwane,Male,69,George,South Africa
4797,Harry Lewis,Male,19,Glasgow,UK
4798,Kayla Reddy,Female,62,Chicago,USA
4799,Nomsa Zulu,Female,49,Bloemfontein,South Africa
4800,David Ntuli,Male,19,Witbank,South Africa
4801,Neha Govender,Female,25,Polokwane,South Africa
4802,Christopher Thomas,Male,42,Atlanta,USA
4803,Caleb Molefe,Male,26,Birmingham,UK
4804,Liam Sithole,Male,55,Cape Town,South Africa
4805,Neha Carter,Female,18,Cape Town,South Africa
4806,Mia Miller,Female,24,Nashville,USA
4807,Lungelo Perez,Male,57,Benoni,South Africa
4808,Ava Wilson,Female,18,Johannesburg,South Africa
4809,Karabo Adams,Male,45,Port Elizabeth,South Africa
4810,David Adams,Male,42,Portland,USA
4811,Phindile Ngcobo,Female,22,Jacksonville,USA
4812,Sofia Wood,Female,18,Denver,USA
4813,Sandile Smith,Male,36,Jacksonville,USA
4814,Mason Sithole,Male,23,Newcastle,UK
4815,Barbara Hlongwane,Female,67,Pietermaritzburg,South Africa
4816,Nandi Thompson,Female,64,Polokwane,South Africa
4817,Sophia Mthembu,Female,57,Rustenburg,South Africa
4818,Tshepo Ndlovu,Male,23,Atlanta,USA
4819,Alexis Harris,Female,39,Bloemfontein,South Africa
4820,Ntombifuthi White,Female,22,Boksburg,South Africa
4821,Daniel Nkosi,Male,70,Austin,USA
4822,Emma Wilson,Female,44,Memphis,USA
4823,Ethan Ntuli,Male,33,Pretoria,South Africa
4824,Aisha Thompson,Female,19,Sandton,South Africa
4825,Thandeka Baker,Female,33,East London,South Africa
4826,Charlotte Vilakazi,Female,40,Chicago,USA
4827,Elijah Zwane,Male,64,Randburg,South Africa
4828,Alexis Molefe,Female,49,Kimberley,South Africa
4829,Lucas Wood,Male,30,Johannesburg,South Africa
4830,Jordan Adams,Male,67,Wolverhampton,UK
4831,Charles Davies,Male,62,San Antonio,USA
4832,Mandla Martin,Male,40,Nashville,USA
4833,Destiny Khan,Female,26,Stoke-on-Trent,UK
4834,Mia Masondo,Female,60,Portland,USA
4835,Alexis Adams,Female,54,Pietermaritzburg,South Africa
4836,Andrew Mnguni,Male,26,Pretoria,South Africa
4837,Sibongile Jones,Female,70,Rustenburg,South Africa
4838,Mpho Harris,Male,43,Witbank,South Africa
4839,Sharon Molefe,Female,41,Port Elizabeth,South Africa
4840,Zanele Lewis,Female,38,Edinburgh,UK
4841,Yusuf Mitchell,Male,61,George,South Africa
4842,Alexis Price,Female,51,Kimberley,South Africa
4843,Nomsa Pillay,Female,35,Wolverhampton,UK
4844,Ntombi Perez,Female,25,Witbank,South Africa
4845,Tyler Smith,Male,44,Denver,USA
4846,Ashley Phillips,Female,52,Leeds,UK
4847,Michael Miller,Male,44,Louisville,USA
4848,Patricia White,Female,63,Boston,USA
4849,Khulekani Scott,Male,62,Soweto,South Africa
4850,Mandla Roberts,Male,26,Boksburg,South Africa
4851,Musa Martin,Male,68,New York,USA
4852,Ethan Singh,Male,36,Newcastle,UK
4853,Siyanda Nelson,Male,49,Charlotte,USA
4854,Jayden Khumalo,Male,51,Cape Town,South Africa
4855,Olivia Khan,Female,32,Miami,USA
4856,George Walker,Male,46,Phoenix,USA
4857,Bongani Thompson,Male,59,Phoenix,USA
4858,Matthew Roberts,Male,38,George,South Africa
4859,Kayla Thompson,Female,18,Witbank,South Africa
4860,Kabelo Mkhize,Male,68,Plymouth,UK
4861,Nokwanda Smith,Female,25,Port Elizabeth,South Africa
4862,Oliver Miller,Male,64,San Jose,USA
4863,Harper Phillips,Female,70,Roodepoort,South Africa
4864,Lungelo Mokoena,Male,45,Wolverhampton,UK
4865,Olivia Kunene,Female,28,Stoke-on-Trent,UK
4866,Fatima Dlamini,Female,62,Johannesburg,South Africa
4867,Bongiwe Hughes,Female,56,Nottingham,UK
4868,Oliver Perez,Male,44,Cape Town,South Africa
4869,Charles Patel,Male,27,Rustenburg,South Africa
4870,Andrew Mokoena,Male,41,Johannesburg,South Africa
4871,Leo Baker,Male,36,Sandton,South Africa
4872,Jennifer Mnguni,Female,63,Las Vegas,USA
4873,Arjun Miller,Male,31,Plymouth,UK
4874,Siyanda Hughes,Male,58,Kimberley,South Africa
4875,Thabo Evans,Male,22,George,South Africa
4876,Isabella Mokoena,Female,39,Pretoria,South Africa
4877,Priya Mokoena,Female,48,Pietermaritzburg,South Africa
4878,Priya Miller,Female,30,Johannesburg,South Africa
4879,Matthew Thomas,Male,51,Coventry,UK
4880,Samantha Khumalo,Female,49,Newcastle,UK
4881,Amelia Nkosi,Female,56,Soweto,South Africa
4882,Caleb Mnguni,Male,62,Las Vegas,USA
4883,Mohammed Ndlovu,Male,45,Rustenburg,South Africa
4884,Madison Zwane,Female,45,Boksburg,South Africa
4885,Melissa Phillips,Female,46,Randburg,South Africa
4886,Kabelo Singh,Male,28,Sandton,South Africa
4887,Lesedi Green,Male,19,Roodepoort,South Africa
4888,Jayden Patel,Male,34,Roodepoort,South Africa
4889,Benjamin Nelson,Male,45,Port Elizabeth,South Africa
4890,Nompumelelo Mitchell,Female,33,Wolverhampton,UK
4891,Siyanda Naidoo,Male,42,Port Elizabeth,South Africa
4892,Jordan Shabalala,Male,39,Chicago,USA
4893,Neha Roberts,Female,45,Sandton,South Africa
4894,James Singh,Male,18,Randburg,South Africa
4895,Thandeka Naidoo,Female,70,Atlanta,USA
4896,Madison Molefe,Female,34,Rustenburg,South Africa
4897,Sipho Scott,Male,26,Leicester,UK
4898,Madison Ndlovu,Female,33,Roodepoort,South Africa
4899,Melissa Patel,Female,18,Denver,USA
4900,Harper Johnson,Female,58,San Diego,USA
4901,Mohammed Mahlangu,Male,48,Memphis,USA
4902,Liam Majola,Male,36,Port Elizabeth,South Africa
4903,Ntombifuthi Majola,Female,42,Benoni,South Africa
4904,James Thompson,Male,23,Cape Town,South Africa
4905,Karabo Lewis,Male,27,Kimberley,South Africa
4906,Thandeka Miller,Female,40,Atlanta,USA
4907,Aisha Zulu,Female,66,Las Vegas,USA
4908,Susan Mthembu,Female,61,Nashville,USA
4909,Mia Turner,Female,41,Columbus,USA
4910,Khanyisile Thomas,Female,43,Columbus,USA
4911,Amelia Turner,Female,51,Bradford,UK
4912,Khanyisile Roberts,Female,19,Rustenburg,South Africa
4913,Sipho Clarke,Male,26,Coventry,UK
4914,Nokwanda Martinez,Female,57,Bloemfontein,South Africa
4915,David Nkosi,Male,55,Nelspruit,South Africa
4916,Henry Johnson,Male,47,Kimberley,South Africa
4917,Sibongile Davies,Female,44,Pretoria,South Africa
4918,Fatima Khumalo,Female,23,Cardiff,UK
4919,Khulekani Zulu,Male,20,Port Elizabeth,South Africa
4920,Sophia Jones,Female,50,George,South Africa
4921,Emma Khan,Female,60,Soweto,South Africa
4922,Sofia Martinez,Female,53,Bradford,UK
4923,Tyler Clarke,Male,50,San Antonio,USA
4924,Fatima Nkosi,Female,56,Kimberley,South Africa
4925,Aisha Nkosi,Female,70,Polokwane,South Africa
4926,Bongiwe Phillips,Female,36,San Diego,USA
4927,Oliver Khan,Male,23,Belfast,UK
4928,Michael Jackson,Male,45,Randburg,South Africa
4929,Musa Anderson,Male,52,Boksburg,South Africa
4930,Lesedi Ngcobo,Male,60,Johannesburg,South Africa
4931,Alexander Brown,Male,62,Glasgow,UK
4932,Arjun Anderson,Male,60,Kimberley,South Africa
4933,Jennifer Williams,Female,38,Johannesburg,South Africa
4934,Palesa Khan,Female,70,Pretoria,South Africa
4935,Ntombifuthi Singh,Female,64,East London,South Africa
4936,Tyler White,Male,59,Coventry,UK
4937,Alexander Johnson,Male,23,Birmingham,UK
4938,Benjamin Miller,Male,51,Wolverhampton,UK
4939,Jack Thompson,Male,51,Johannesburg,South Africa
4940,Rebecca Hlongwane,Female,20,Polokwane,South Africa
4941,Phindile Lewis,Female,22,Benoni,South Africa
4942,Henry Miller,Male,57,Los Angeles,USA
4943,Ntombi Molefe,Female,58,Witbank,South Africa
4944,Nkosi White,Male,43,Johannesburg,South Africa
4945,Mason Mkhize,Male,61,Miami,USA
4946,Marcus Hall,Male,67,Las Vegas,USA
4947,Khanyisile Martinez,Female,18,Edinburgh,UK
4948,David Nkosi,Male,20,Stoke-on-Trent,UK
4949,Tshepo Davies,Male,18,Nottingham,UK
4950,Susan Singh,Female,56,Randburg,South Africa
4951,Harper Zulu,Female,53,Houston,USA
4952,Harper Harris,Female,56,Witbank,South Africa
4953,Ntombifuthi Jones,Female,66,Fort Worth,USA
4954,Madison Shabalala,Female,62,Plymouth,UK
4955,Aisha Anderson,Female,26,Seattle,USA
4956,Ryan Evans,Male,45,Portland,USA
4957,Olivia Nkosi,Female,64,Louisville,USA
4958,Jordan Thomas,Male,29,Philadelphia,USA
4959,Madison Martin,Female,46,Las Vegas,USA
4960,Samuel Patel,Male,46,Chicago,USA
4961,Melissa Green,Female,28,Benoni,South Africa
4962,Jordan Walker,Male,55,Austin,USA
4963,Mason Green,Male,39,Atlanta,USA
4964,Ella Martin,Female,38,Belfast,UK
4965,Nandi Jones,Female,53,Stoke-on-Trent,UK
4966,Nokukhanya Hlongwane,Female,19,Durban,South Africa
4967,Charlotte Thompson,Female,24,Coventry,UK
4968,Aisha Patel,Female,54,Port Elizabeth,South Africa
4969,Sharon Anderson,Female,40,Stoke-on-Trent,UK
4970,Ava Khumalo,Female,37,Los Angeles,USA
4971,Charles Mitchell,Male,67,Benoni,South Africa
4972,Mandla Roberts,Male,56,Philadelphia,USA
4973,Emma Masondo,Female,40,Los Angeles,USA
4974,Lehlohonolo Williams,Male,67,East London,South Africa
4975,Liam Ndlovu,Male,64,Cardiff,UK
4976,Jack Majola,Male,43,Birmingham,UK
4977,Palesa Pillay,Female,54,New York,USA
4978,Sibongile Nelson,Female,27,Sheffield,UK
4979,Joseph Patel,Male,44,Houston,USA
4980,Elijah Pillay,Male,20,Sandton,South Africa
4981,Oliver Mkhize,Male,69,Bloemfontein,South Africa
4982,Ntombifuthi Harris,Female,26,Boksburg,South Africa
4983,Jasmine Evans,Female,48,Bristol,UK
4984,Mpho Green,Male,49,Manchester,UK
4985,Lerato Anderson,Female,60,Leicester,UK
4986,Nobuhle Ngcobo,Female,34,George,South Africa
4987,Jennifer Khan,Female,41,Dallas,USA
4988,Lindiwe Hughes,Female,39,Dallas,USA
4989,Ntombifuthi Harris,Female,53,Nottingham,UK
4990,Susan Kunene,Female,30,Dallas,USA
4991,William Walker,Male,53,San Diego,USA
4992,Ntombifuthi Harris,Female,58,Witbank,South Africa
4993,Thandeka Martin,Female,43,Plymouth,UK
4994,Nompumelelo Buthelezi,Female,19,Newcastle,UK
4995,Jasmine Mnguni,Female,48,Randburg,South Africa
4996,Nompumelelo Naidoo,Female,67,Nottingham,UK
4997,Kabelo Hughes,Male,37,Witbank,South Africa
4998,Sharon Hlongwane,Female,20,Kimberley,South Africa
4999,Amanda Wilson,Female,41,Birmingham,UK
5000,Arjun Roberts,Male,43,Memphis,USA
