1,Jennifer Singh,Female,56,Pretoria,South Africa,-25.784576,28.187958,High Value,2024-09-22
2,Lucas Singh,Male,44,Cardiff,UK,51.453269,-3.138900,At Risk,2024-11-07
3,Connor Thomson,Male,29,Gold Coast,Australia,-28.058403,153.421668,High Value,2021-08-11
4,Ava Roberts,Female,53,Pretoria,South Africa,-25.761647,28.272614,Champion,2024-09-07
5,Mia Carter,Female,26,Benoni,South Africa,-26.166086,28.343751,New Customer,2022-09-22
6,Jack Khumalo,Male,19,Pietermaritzburg,South Africa,-29.568633,30.337516,New Customer,2021-03-10
7,William Baker,Male,26,Houston,USA,29.800397,-95.322417,High Value,2022-08-09
8,Palesa Carter,Female,62,New York,USA,40.675893,-73.969607,Dormant,2022-10-14
9,Bongani Mthembu,Male,27,Durban,South Africa,-29.867713,31.064213,Dormant,2023-08-26
10,Ravi Mthembu,Male,41,Cape Town,South Africa,-33.924777,18.375215,Occasional,2021-06-07
11,Zoe Adams,Female,43,Seattle,USA,47.593298,-122.372834,Champion,2023-12-28
12,Ella Sithole,Female,37,Perth,Australia,-31.935164,115.841566,Occasional,2023-04-25
13,Alexander Walker,Male,46,Melbourne,Australia,-37.775348,144.955211,At Risk,2021-09-10
14,Olivia Hlongwane,Female,26,Edmonton,Canada,53.539192,-113.514712,High Value,2022-05-13
15,Destiny Turner,Female,39,Ottawa,Canada,45.371931,-75.711671,At Risk,2022-11-22
16,Vikram Thomson,Male,44,Newcastle,UK,54.998926,-1.626975,Occasional,2023-11-13
17,Sandile Majola,Male,52,Nelspruit,South Africa,-25.493447,30.987530,High Value,2022-09-26
18,Alexis Price,Female,65,Canberra,Australia,-35.284098,149.133103,Dormant,2023-04-24
19,Lungelo Wood,Male,22,London,UK,51.499077,-0.140877,Dormant,2023-04-25
20,Lachlan Thomas,Male,29,Bloemfontein,South Africa,-29.122353,26.122666,New Customer,2024-07-18
21,Nhlanhla Hughes,Male,31,Kimberley,South Africa,-28.693765,24.769875,Loyal,2024-10-21
22,Brittany Taylor,Female,52,Polokwane,South Africa,-23.902183,29.430387,Occasional,2024-02-11
23,Oliver Lewis,Male,58,Bloemfontein,South Africa,-29.093806,26.126198,Dormant,2021-07-02
24,Mpho Kunene,Male,32,Glasgow,UK,55.830052,-4.257892,High Value,2024-04-26
25,Sandile Masondo,Male,28,Pietermaritzburg,South Africa,-29.614083,30.385370,Loyal,2022-12-12
26,Sandile Ntuli,Male,26,Cape Town,South Africa,-33.971592,18.425373,New Customer,2022-06-28
27,Tyler Adams,Male,21,Winnipeg,Canada,49.863899,-97.170442,Champion,2022-08-21
28,Jordan Turner,Male,61,Perth,Australia,-31.943825,115.883800,Dormant,2021-03-27
29,Aiden Perez,Male,34,New York,USA,40.721234,-74.053962,Loyal,2022-01-10
30,Hannah Mthembu,Female,49,Los Angeles,USA,34.006229,-118.277305,High Value,2023-06-22
31,Isabella Turner,Female,35,Bristol,UK,51.419575,-2.570462,Occasional,2023-12-13
32,Charlotte Sithole,Female,29,New York,USA,40.684016,-73.991219,Loyal,2021-07-01
33,Caleb Ntuli,Male,29,London,UK,51.556320,-0.152340,Dormant,2024-03-01
34,Mason Anderson,Male,46,Kimberley,South Africa,-28.754868,24.743367,New Customer,2021-06-17
35,Jordan Taylor,Male,49,Soweto,South Africa,-26.307654,27.869939,Occasional,2022-03-16
36,Marcus MacKenzie,Male,34,Nelspruit,South Africa,-25.457275,30.970750,Occasional,2021-04-08
37,Jackson Anderson,Male,51,Leeds,UK,53.775850,-1.522388,At Risk,2024-04-04
38,Jack Martin,Male,21,Denver,USA,39.694197,-105.011015,At Risk,2023-01-19
39,Kayla Mitchell,Female,25,East London,South Africa,-33.051071,27.892106,At Risk,2022-08-02
40,Lesedi Sithole,Male,27,Newcastle,UK,55.014415,-1.665994,At Risk,2024-04-18
41,Ethan Williams,Male,19,Pretoria,South Africa,-25.763544,28.204892,Champion,2021-07-04
42,Nomsa Fraser,Female,64,San Antonio,USA,29.429935,-98.506015,Dormant,2023-06-23
43,Lindiwe Roberts,Female,51,Benoni,South Africa,-26.234277,28.295706,Dormant,2021-05-10
44,Dylan Thompson,Male,60,New York,USA,40.722992,-74.029808,Occasional,2024-02-24
45,Samuel Ngcobo,Male,63,Miami,USA,25.804648,-80.209710,Loyal,2021-05-13
46,Mason Davies,Male,35,San Diego,USA,32.699549,-117.151564,High Value,2021-01-19
47,Mandla Jackson,Male,30,Austin,USA,30.282968,-97.735227,Champion,2021-06-07
48,Lungelo Johnson,Male,45,Adelaide,Australia,-34.960184,138.564184,Occasional,2023-03-23
49,Thandeka Wood,Female,29,Canberra,Australia,-35.267719,149.087769,Dormant,2023-05-28
50,Daniel Mthembu,Male,20,Newcastle,UK,54.935284,-1.620454,Loyal,2023-10-16
51,Mason Wood,Male,46,Port Elizabeth,South Africa,-33.947348,25.598145,Loyal,2022-06-17
52,Mason Sithole,Male,57,Dallas,USA,32.733757,-96.791421,Occasional,2022-10-01
53,Zoe Brown,Female,23,Cape Town,South Africa,-33.932324,18.384766,Champion,2022-02-25
54,Lucas Patel,Male,25,Port Elizabeth,South Africa,-33.939993,25.569523,Dormant,2022-02-20
55,Kabelo Jones,Male,31,Bloemfontein,South Africa,-29.084806,26.153901,At Risk,2024-09-20
56,Madison Nelson,Female,26,Bloemfontein,South Africa,-29.065624,26.164931,High Value,2022-04-26
57,Emma Naidoo,Female,56,Chicago,USA,41.900949,-87.595305,Dormant,2023-01-01
58,Busisiwe Ntuli,Female,45,Nelspruit,South Africa,-25.492544,30.987661,At Risk,2023-03-18
59,Nokwanda Smith,Female,36,Benoni,South Africa,-26.203284,28.288866,Loyal,2021-03-21
60,Liam Anderson,Male,45,Darwin,Australia,-12.475453,130.854812,Occasional,2024-05-04
61,Lesedi Mkhize,Male,22,Cape Town,South Africa,-33.882994,18.410873,At Risk,2022-10-04
62,Emma Jackson,Female,26,Benoni,South Africa,-26.139441,28.281965,High Value,2021-09-17
63,Lerato Davies,Female,44,Chicago,USA,41.854612,-87.636379,New Customer,2021-06-01
64,Brianna Shabalala,Female,59,Benoni,South Africa,-26.207448,28.346949,Champion,2022-08-26
65,Lesedi Jones,Male,26,Ottawa,Canada,45.449078,-75.693640,Champion,2021-01-27
66,Oliver Garcia,Male,30,Nottingham,UK,52.950616,-1.144551,Champion,2022-12-02
67,Musa MacDonald,Male,45,Durban,South Africa,-29.811669,31.063476,Dormant,2024-05-27
68,Jack Hall,Male,21,Leicester,UK,52.611817,-1.150455,At Risk,2024-03-10
69,Busisiwe Fraser,Female,20,Cairns,Australia,-16.886255,145.781727,Loyal,2024-11-09
70,Jacob Hughes,Male,48,Canberra,Australia,-35.260191,149.152037,At Risk,2023-08-01
71,Noah Murray,Male,34,Benoni,South Africa,-26.170167,28.364476,Occasional,2021-03-17
72,Lucas Hughes,Male,38,San Antonio,USA,29.390235,-98.517086,Occasional,2022-01-05
73,Hazel Lewis,Female,65,Gold Coast,Australia,-27.993548,153.367734,Dormant,2022-12-20
74,Mason Thomas,Male,53,Manchester,UK,53.510357,-2.245891,Dormant,2021-12-13
75,Aria Hlongwane,Female,38,Houston,USA,29.780804,-95.410851,High Value,2022-07-06
76,Cooper Sithole,Male,39,Johannesburg,South Africa,-26.181624,28.005916,New Customer,2024-04-24
77,Ella Adams,Female,50,Durban,South Africa,-29.843459,31.071049,New Customer,2024-06-09
78,Siyanda Shabalala,Male,54,Seattle,USA,47.569781,-122.333752,New Customer,2024-03-15
79,Sofia Hlongwane,Female,46,Nottingham,UK,52.914613,-1.204754,High Value,2024-04-04
80,Ava Johnson,Female,42,Philadelphia,USA,39.985435,-75.142290,Loyal,2021-09-14
81,Sandile Ntuli,Male,55,Manchester,UK,53.526267,-2.215460,At Risk,2021-06-23
82,George Singh,Male,20,Kimberley,South Africa,-28.678779,24.721236,Occasional,2021-03-15
83,Emma Carter,Female,41,Denver,USA,39.722965,-105.011073,High Value,2024-02-06
84,Dylan Thomas,Male,36,Gold Coast,Australia,-28.032685,153.420757,New Customer,2023-11-10
85,Isabella Johnson,Female,48,Nelspruit,South Africa,-25.464015,30.953497,Champion,2024-12-12
86,Marcus Perez,Male,40,Philadelphia,USA,39.970011,-75.119245,High Value,2023-07-06
87,Henry Hlongwane,Male,23,Polokwane,South Africa,-23.947294,29.427056,Loyal,2021-06-13
88,Samantha Davies,Female,21,Darwin,Australia,-12.488282,130.851821,Loyal,2021-06-11
89,William Roberts,Male,49,Manchester,UK,53.447747,-2.221585,Occasional,2021-11-02
90,Jack Wood,Male,40,New York,USA,40.676489,-73.990907,Dormant,2023-04-11
91,Liam Davies,Male,34,Los Angeles,USA,34.084687,-118.285308,Dormant,2022-01-21
92,Tebogo Masondo,Male,42,San Jose,USA,37.372014,-121.848832,Loyal,2022-07-27
93,Emma White,Female,30,Houston,USA,29.799268,-95.391662,Champion,2022-06-15
94,Bongani Smith,Male,63,Manchester,UK,53.433931,-2.272810,Occasional,2024-01-03
95,Brandon Williams,Male,33,Cape Town,South Africa,-33.968014,18.375999,Occasional,2023-06-25
96,Lauren Thompson,Female,42,Edinburgh,UK,55.921270,-3.218706,New Customer,2023-02-12
97,Henry Thomson,Male,37,Leicester,UK,52.608542,-1.169748,Dormant,2023-12-21
98,Connor Khumalo,Male,35,Canberra,Australia,-35.256394,149.092380,Loyal,2024-02-26
99,Caleb Ntuli,Male,28,Newcastle,UK,54.936042,-1.576820,Occasional,2023-02-26
100,Ryan Zwane,Male,52,Kimberley,South Africa,-28.734132,24.760726,Dormant,2023-12-19
101,Amelia Thompson,Female,26,Coventry,UK,52.454213,-1.515973,Occasional,2024-04-26
102,Thabo Moore,Male,59,Kimberley,South Africa,-28.754650,24.787367,Loyal,2024-11-10
103,Samuel Phillips,Male,29,Belfast,UK,54.637828,-5.974875,Dormant,2022-09-24
104,Nozipho Ntuli,Female,27,Liverpool,UK,53.393300,-2.956431,Loyal,2023-06-22
105,Ryan Robertson,Male,35,Kimberley,South Africa,-28.727486,24.710062,Occasional,2024-12-19
106,Liam Lewis,Male,59,Soweto,South Africa,-26.227721,27.830305,Dormant,2023-01-17
107,Emma Williams,Female,41,Benoni,South Africa,-26.199712,28.281746,Dormant,2023-09-03
108,Alexander Kunene,Male,54,Bristol,UK,51.441702,-2.622292,Champion,2021-08-04
109,Victoria Robertson,Female,50,Winnipeg,Canada,49.922784,-97.100670,High Value,2024-01-20
110,Owen Brown,Male,55,Leeds,UK,53.785275,-1.588819,High Value,2021-11-04
111,Yusuf Clarke,Male,54,Pretoria,South Africa,-25.741278,28.258259,At Risk,2022-07-27
112,Priya Wilson,Female,29,Cape Town,South Africa,-33.966540,18.392514,New Customer,2022-04-19
113,Sofia Ndlovu,Female,23,Ottawa,Canada,45.449987,-75.732776,Occasional,2021-02-13
114,Jacob Walker,Male,48,Nelspruit,South Africa,-25.445143,30.953323,New Customer,2023-12-06
115,Nandi Sithole,Female,27,San Diego,USA,32.690963,-117.173722,New Customer,2023-02-20
116,Dylan Masondo,Male,51,London,UK,51.501625,-0.090101,Dormant,2021-11-07
117,Aiden Davies,Male,58,New York,USA,40.681555,-74.048432,Dormant,2024-03-05
118,Tebogo Phillips,Male,59,Gold Coast,Australia,-27.997018,153.408487,Dormant,2024-01-25
119,Cooper Jones,Male,43,Montreal,Canada,45.452712,-73.585771,At Risk,2022-05-12
120,Yusuf Mahlangu,Male,36,San Jose,USA,37.366991,-121.843846,High Value,2022-01-03
121,William Scott,Male,50,Hobart,Australia,-42.928485,147.357969,Champion,2024-03-06
122,Jennifer Baker,Female,20,Port Elizabeth,South Africa,-33.953627,25.609130,Dormant,2024-01-07
123,Ethan Mnguni,Male,27,Rustenburg,South Africa,-25.639538,27.225322,New Customer,2021-08-23
124,Liam Mnguni,Male,27,Seattle,USA,47.578789,-122.292427,High Value,2022-11-05
125,Ravi Lewis,Male,40,Houston,USA,29.748633,-95.363159,Occasional,2023-02-17
126,Mia Anderson,Female,41,Sandton,South Africa,-26.144805,28.007801,Occasional,2022-07-17
127,Mpho Zwane,Male,45,Canberra,Australia,-35.258997,149.164459,Occasional,2022-12-03
128,Brittany Roberts,Female,27,Sydney,Australia,-33.864244,151.199394,At Risk,2023-05-05
129,Yusuf Thomson,Male,21,Nelspruit,South Africa,-25.516083,31.006812,Dormant,2021-05-17
130,Connor Molefe,Male,27,Newcastle,UK,55.024809,-1.599107,At Risk,2023-07-03
131,Lucas Fraser,Male,29,Atlanta,USA,33.753229,-84.411060,Occasional,2024-11-04
132,Tyler Thomas,Male,20,Pretoria,South Africa,-25.763462,28.224060,Loyal,2024-12-15
133,Caleb Ngcobo,Male,56,Seattle,USA,47.635032,-122.295374,Champion,2021-06-13
134,Aisha Hall,Female,37,Belfast,UK,54.560195,-5.974941,At Risk,2023-10-28
135,Jayden Sithole,Male,63,Chicago,USA,41.849071,-87.621372,High Value,2021-06-01
136,Layla Price,Female,63,Dallas,USA,32.749064,-96.804973,High Value,2023-11-08
137,Mpho Miller,Male,18,Birmingham,UK,52.497095,-1.879812,Occasional,2024-03-08
138,Yusuf Nelson,Male,46,Winnipeg,Canada,49.857621,-97.148158,New Customer,2023-07-15
139,Phindile Masondo,Female,56,Leeds,UK,53.823912,-1.529254,Dormant,2022-06-07
140,Anisha Thompson,Female,51,Soweto,South Africa,-26.287212,27.829112,Loyal,2023-02-10
141,Benjamin Harris,Male,61,Nottingham,UK,52.949670,-1.123915,Champion,2024-03-13
142,Connor Evans,Male,47,Johannesburg,South Africa,-26.197878,28.055669,High Value,2022-01-04
143,Tebogo Masondo,Male,51,Port Elizabeth,South Africa,-33.986657,25.578110,At Risk,2024-02-04
144,Owen Govender,Male,31,Leicester,UK,52.649771,-1.175237,Dormant,2022-12-12
145,Benjamin Reddy,Male,19,Phoenix,USA,33.409888,-112.104583,At Risk,2023-07-21
146,Kabelo Clarke,Male,42,Nelspruit,South Africa,-25.515852,30.960634,Champion,2023-10-01
147,Thandeka Carter,Female,26,East London,South Africa,-33.018705,27.868176,Loyal,2024-08-13
148,Layla Roberts,Female,45,Polokwane,South Africa,-23.928433,29.504777,Dormant,2022-08-28
149,Brittany Thompson,Female,52,New York,USA,40.722462,-74.025081,Champion,2021-10-01
150,Hunter Turner,Male,37,Leicester,UK,52.625299,-1.136038,Loyal,2024-02-14
151,Madison Ntuli,Female,60,Polokwane,South Africa,-23.954421,29.444933,Champion,2021-07-06
152,Ethan Taylor,Male,22,Atlanta,USA,33.788951,-84.373859,High Value,2023-10-04
153,Amelia Wilson,Female,39,Montreal,Canada,45.487538,-73.556776,Champion,2024-08-19
154,Owen Zulu,Male,25,Port Elizabeth,South Africa,-33.930297,25.626744,Occasional,2024-07-07
155,Ntombifuthi Jones,Female,28,San Jose,USA,37.357744,-121.858151,Champion,2021-09-20
156,Olivia Davis,Female,27,Phoenix,USA,33.415740,-112.086591,Champion,2022-12-22
157,Emma Singh,Female,61,Denver,USA,39.717158,-104.966049,Dormant,2021-03-18
158,Jackson Hall,Male,63,San Antonio,USA,29.429956,-98.451987,Dormant,2024-07-13
159,Sandile Mkhize,Male,36,San Antonio,USA,29.425898,-98.474923,Loyal,2023-07-27
160,Lungelo Walker,Male,32,Leicester,UK,52.610745,-1.150443,Dormant,2024-09-14
161,Mason Mnguni,Male,37,Soweto,South Africa,-26.313619,27.874211,Champion,2023-01-11
162,Ravi Jackson,Male,30,New York,USA,40.740079,-73.981826,New Customer,2021-12-07
163,Phindile Davies,Female,59,Dallas,USA,32.768399,-96.764406,High Value,2022-03-26
164,Samuel Masondo,Male,61,Adelaide,Australia,-34.968812,138.574822,At Risk,2021-09-27
165,Lachlan Davies,Male,65,Hobart,Australia,-42.847267,147.330296,Loyal,2021-04-23
166,Harper Turner,Female,31,Sheffield,UK,53.376581,-1.511395,Loyal,2023-06-01
167,Layla Adams,Female,32,Edinburgh,UK,55.989053,-3.194307,New Customer,2021-05-27
168,Mandla Taylor,Male,22,Cardiff,UK,51.445688,-3.158917,Dormant,2023-01-11
169,Musa Zwane,Male,33,Johannesburg,South Africa,-26.227249,28.057280,High Value,2024-03-14
170,Destiny Hall,Female,62,Leicester,UK,52.615804,-1.182415,Occasional,2021-04-25
171,Layla Taylor,Female,64,Belfast,UK,54.612457,-5.978433,High Value,2024-07-01
172,Khanyisile Davis,Female,45,Phoenix,USA,33.440473,-112.122532,Occasional,2023-06-20
173,Chloe Mkhize,Female,30,San Diego,USA,32.672078,-117.167578,New Customer,2022-09-12
174,Emma Reddy,Female,64,Johannesburg,South Africa,-26.162080,28.071970,At Risk,2022-07-04
175,Ella Carter,Female,34,Soweto,South Africa,-26.291454,27.823294,Occasional,2023-10-09
176,Ayanda Garcia,Female,55,Nottingham,UK,52.934753,-1.168573,Champion,2022-12-24
177,Karabo Masondo,Male,28,Johannesburg,South Africa,-26.206005,28.048986,Dormant,2023-11-25
178,Leo Zulu,Male,38,Dallas,USA,32.825915,-96.758006,Occasional,2022-05-23
179,Bongani Price,Male,46,Sydney,Australia,-33.899280,151.209491,Champion,2022-02-12
180,Yusuf Nkosi,Male,44,Cape Town,South Africa,-33.940664,18.412822,New Customer,2021-05-04
181,Connor Ndlovu,Male,49,Calgary,Canada,51.078691,-114.103105,Dormant,2021-05-17
182,Marcus Murray,Male,58,Seattle,USA,47.618249,-122.331486,Champion,2021-10-27
183,Alexis Singh,Female,40,Seattle,USA,47.627548,-122.363254,Champion,2023-02-11
184,William Perez,Male,60,Miami,USA,25.741687,-80.183862,High Value,2021-03-08
185,Elijah Davies,Male,61,Leeds,UK,53.806909,-1.534241,Dormant,2021-11-07
186,Emma Clarke,Female,50,Adelaide,Australia,-34.929029,138.576585,New Customer,2023-11-28
187,Madison Molefe,Female,34,Canberra,Australia,-35.326064,149.107231,Occasional,2024-01-25
188,Liam Sithole,Male,44,Leicester,UK,52.635478,-1.103815,At Risk,2024-07-09
189,Nandi Patel,Female,27,Hamilton,Canada,43.243659,-79.874357,Dormant,2022-08-28
190,Marcus Jones,Male,46,Kimberley,South Africa,-28.772101,24.759913,New Customer,2024-09-19
191,Ayanda Wilson,Female,29,Kimberley,South Africa,-28.722873,24.714350,At Risk,2023-04-01
192,Siyanda Jackson,Male,33,Ottawa,Canada,45.468960,-75.702897,Dormant,2022-10-04
193,Cooper Thomas,Male,38,Johannesburg,South Africa,-26.211599,28.019808,At Risk,2023-04-01
194,Lauren Mnguni,Female,49,Manchester,UK,53.520884,-2.242749,Loyal,2022-02-13
195,Zanele Reddy,Female,61,Quebec City,Canada,46.771593,-71.211327,Occasional,2023-09-28
196,Amelia Hlongwane,Female,55,Winnipeg,Canada,49.881536,-97.145854,Champion,2022-08-25
197,Nathan Kunene,Male,56,Port Elizabeth,South Africa,-33.925025,25.599566,High Value,2022-05-08
198,Hazel Scott,Female,20,Calgary,Canada,51.006006,-114.046399,High Value,2022-07-26
199,Ryan Martinez,Male,44,Bristol,UK,51.496505,-2.612062,High Value,2021-09-07
200,Zanele Cele,Female,28,Kimberley,South Africa,-28.757098,24.726334,High Value,2023-12-20
201,Mia Shabalala,Female,53,Polokwane,South Africa,-23.857879,29.484158,High Value,2022-10-06
202,Luna Nkosi,Female,60,Dallas,USA,32.805502,-96.778907,Loyal,2024-05-24
203,Aisha Walker,Female,44,Rustenburg,South Africa,-25.697707,27.265877,Dormant,2022-01-27
204,Harry Ndlovu,Male,46,Canberra,Australia,-35.243916,149.124647,Champion,2021-02-04
205,Aiden Evans,Male,57,Phoenix,USA,33.487107,-112.046562,Occasional,2023-07-18
206,Mia Thompson,Female,37,Sydney,Australia,-33.913572,151.215380,High Value,2024-10-27
207,Connor Murphy,Male,55,Cairns,Australia,-16.955158,145.799410,Dormant,2021-04-23
208,Evelyn Zulu,Female,54,Belfast,UK,54.583086,-5.932447,Occasional,2022-01-05
209,Nhlanhla Taylor,Male,56,Leicester,UK,52.624321,-1.119122,Dormant,2023-06-17
210,Carter Robertson,Male,20,Edmonton,Canada,53.514668,-113.536617,High Value,2022-11-06
211,Cooper Wilson,Male,58,Phoenix,USA,33.438175,-112.053835,Champion,2022-11-24
212,Mason Murray,Male,51,Seattle,USA,47.651520,-122.363349,Occasional,2022-02-17
213,Nozipho Hall,Female,63,East London,South Africa,-33.049261,27.923994,Loyal,2024-09-26
214,Ryan White,Male,24,Bloemfontein,South Africa,-29.104070,26.192386,Champion,2022-02-21
215,Emma Nkosi,Female,45,Cape Town,South Africa,-33.888892,18.430725,Dormant,2021-08-01
216,Mason Mitchell,Male,54,East London,South Africa,-32.999611,27.922834,New Customer,2022-05-08
217,Bongani Smith,Male,41,Cardiff,UK,51.445131,-3.132463,New Customer,2024-04-11
218,Owen Govender,Male,22,Atlanta,USA,33.779545,-84.369389,High Value,2021-05-27
219,Karabo Taylor,Male,32,Edmonton,Canada,53.548585,-113.482688,Loyal,2023-09-28
220,Benjamin Mthembu,Male,59,Calgary,Canada,51.041006,-114.066027,Occasional,2024-11-01
221,Ethan Thomas,Male,28,Polokwane,South Africa,-23.875454,29.476613,Champion,2023-10-09
222,Harry Govender,Male,58,Cardiff,UK,51.508494,-3.152135,Loyal,2024-04-15
223,Lucas Davis,Male,55,Soweto,South Africa,-26.242312,27.813972,At Risk,2024-09-11
224,William Moore,Male,46,Kimberley,South Africa,-28.759382,24.776516,New Customer,2024-08-07
225,Connor Ntuli,Male,32,Bloemfontein,South Africa,-29.081512,26.127374,Loyal,2024-08-18
226,James Wilson,Male,57,Edmonton,Canada,53.574534,-113.532423,High Value,2021-03-21
227,Sophia Jackson,Female,18,Hamilton,Canada,43.216469,-79.870436,At Risk,2021-09-03
228,Mia Nkosi,Female,55,Ottawa,Canada,45.421775,-75.661906,Champion,2023-11-25
229,Bongiwe Walker,Female,36,East London,South Africa,-33.063423,27.955544,Loyal,2022-12-26
230,Harper Davis,Female,19,Canberra,Australia,-35.330142,149.158470,Dormant,2024-03-01
231,Victoria Stewart,Female,49,Winnipeg,Canada,49.932390,-97.186629,New Customer,2023-12-07
232,Sipho Green,Male,38,Johannesburg,South Africa,-26.173984,28.092810,High Value,2023-04-07
233,Aria Pillay,Female,48,Brisbane,Australia,-27.424408,153.043498,Dormant,2023-10-20
234,Olivia Baker,Female,51,Polokwane,South Africa,-23.860830,29.464608,Champion,2021-12-18
235,George Ngcobo,Male,63,Leicester,UK,52.661134,-1.159730,Dormant,2021-05-08
236,Tyler Carter,Male,31,Canberra,Australia,-35.293144,149.109319,Occasional,2023-06-08
237,Amelia Scott,Female,36,Polokwane,South Africa,-23.904874,29.458796,High Value,2023-11-06
238,Alexander Lewis,Male,55,Atlanta,USA,33.737859,-84.396702,At Risk,2024-05-24
239,Layla Lewis,Female,32,Birmingham,UK,52.438089,-1.853956,Loyal,2021-10-13
240,Ava Martin,Female,42,Philadelphia,USA,39.915270,-75.124685,New Customer,2022-03-23
241,Cooper Ntuli,Male,29,Birmingham,UK,52.527929,-1.920221,Occasional,2023-11-10
242,Mia Johnson,Female,18,Cardiff,UK,51.504724,-3.169186,Occasional,2024-07-07
243,Tshepo Harris,Male,39,Nelspruit,South Africa,-25.517115,30.988563,High Value,2024-03-20
244,Neha Roberts,Female,24,Sheffield,UK,53.409048,-1.441080,Champion,2022-12-09
245,Cooper Fraser,Male,65,Seattle,USA,47.648756,-122.325634,Dormant,2024-10-25
246,Caleb Zwane,Male,51,Bristol,UK,51.453918,-2.538768,Dormant,2021-08-15
247,Mia Khan,Female,41,London,UK,51.495673,-0.160348,Dormant,2022-09-11
248,Charlotte Walker,Female,31,Durban,South Africa,-29.898250,30.995325,Champion,2023-10-13
249,Tebogo Mthembu,Male,22,Manchester,UK,53.484772,-2.263179,At Risk,2022-03-17
250,Neha Masondo,Female,24,Seattle,USA,47.581514,-122.288117,High Value,2022-08-23
251,Amelia Clarke,Female,18,Denver,USA,39.785215,-105.029621,High Value,2023-03-15
252,Amelia Hlongwane,Female,19,Chicago,USA,41.905354,-87.602536,Occasional,2021-04-27
253,Sibongile Patel,Female,23,Philadelphia,USA,39.915062,-75.201970,Dormant,2023-03-28
254,Noah Harris,Male,34,Nelspruit,South Africa,-25.503556,30.955695,Loyal,2024-07-19
255,Sibongile Anderson,Female,52,Perth,Australia,-31.922761,115.816834,High Value,2023-06-19
256,George Wilson,Male,44,Manchester,UK,53.489649,-2.261234,Champion,2023-01-23
257,Amelia Thompson,Female,18,Seattle,USA,47.589448,-122.301485,High Value,2024-09-12
258,Mia Buthelezi,Female,59,Melbourne,Australia,-37.854254,144.918182,Occasional,2024-08-05
259,Khanyisile MacKenzie,Female,21,Rustenburg,South Africa,-25.693207,27.195456,Dormant,2023-08-12
260,Madison Wood,Female,54,Phoenix,USA,33.432909,-112.040723,Loyal,2024-04-17
261,Nokwanda Naidoo,Female,60,Philadelphia,USA,39.907910,-75.127765,Occasional,2023-12-16
262,Oliver Jackson,Male,63,East London,South Africa,-33.061764,27.873796,High Value,2022-07-13
263,Nora Adams,Female,65,Adelaide,Australia,-34.929750,138.590316,Occasional,2021-08-24
264,Emily Fraser,Female,26,Philadelphia,USA,39.959649,-75.136862,At Risk,2022-01-07
265,Chloe Mokoena,Female,31,Halifax,Canada,44.624603,-63.610363,Occasional,2023-12-08
266,Sandile Mkhize,Male,47,Phoenix,USA,33.457676,-112.111771,High Value,2021-07-22
267,Sandile Moore,Male,33,Rustenburg,South Africa,-25.686283,27.243176,Loyal,2021-05-03
268,Amelia Martinez,Female,58,Birmingham,UK,52.493292,-1.912873,Occasional,2022-05-11
269,James Campbell,Male,55,Halifax,Canada,44.681508,-63.624379,At Risk,2024-01-12
270,Liam Mahlangu,Male,58,Phoenix,USA,33.476126,-112.045525,Champion,2022-10-22
271,Evelyn Thomas,Female,35,Miami,USA,25.717970,-80.197278,Dormant,2022-12-06
272,Brittany MacKenzie,Female,52,Newcastle,UK,54.984359,-1.652882,Loyal,2021-05-14
273,Olivia Perez,Female,57,Rustenburg,South Africa,-25.668424,27.209400,High Value,2024-03-16
274,Thabo Cele,Male,49,Rustenburg,South Africa,-25.691288,27.211241,At Risk,2021-04-13
275,Jordan Nelson,Male,43,Sandton,South Africa,-26.085806,28.023492,Champion,2023-03-11
276,Grace Govender,Female,57,Dallas,USA,32.754040,-96.809147,At Risk,2022-07-15
277,Zanele Evans,Female,19,Rustenburg,South Africa,-25.678763,27.223999,At Risk,2023-05-09
278,Thandeka Nelson,Female,24,Sandton,South Africa,-26.140381,28.033136,Dormant,2023-10-16
279,Ravi Wood,Male,51,Gold Coast,Australia,-28.032249,153.441681,New Customer,2022-11-11
280,Grace Stewart,Female,36,Port Elizabeth,South Africa,-33.964220,25.595014,New Customer,2023-10-15
281,Hunter Hughes,Male,37,Johannesburg,South Africa,-26.196252,28.016585,New Customer,2021-09-14
282,Mia Zwane,Female,42,Montreal,Canada,45.488535,-73.519915,New Customer,2022-03-22
283,Brittany Williams,Female,51,Quebec City,Canada,46.855407,-71.246616,Champion,2023-08-17
284,Lily Clarke,Female,46,Calgary,Canada,51.058029,-114.029652,Dormant,2024-02-14
285,Sandile Phillips,Male,60,Nelspruit,South Africa,-25.465420,30.982204,Loyal,2024-01-13
286,Emily Mokoena,Female,18,Pretoria,South Africa,-25.780196,28.258449,Occasional,2024-04-18
287,Noah Hall,Male,59,Vancouver,Canada,49.322558,-123.093738,Loyal,2023-11-25
288,Brittany Lewis,Female,29,Seattle,USA,47.571169,-122.315297,Champion,2022-10-17
289,Mia Murray,Female,64,Edmonton,Canada,53.501250,-113.454293,Dormant,2022-07-13
290,George Khan,Male,64,Cairns,Australia,-16.878899,145.788672,Loyal,2022-04-16
291,Sophia Kunene,Female,41,Phoenix,USA,33.415399,-112.081968,New Customer,2022-06-08
292,Liam Robertson,Male,36,Sheffield,UK,53.337083,-1.424160,Occasional,2022-08-24
293,Nozipho Wood,Female,36,Kimberley,South Africa,-28.741008,24.789203,Occasional,2022-08-15
294,Olivia Buthelezi,Female,61,Miami,USA,25.765078,-80.169080,Dormant,2023-12-14
295,Liam Davies,Male,19,Cairns,Australia,-16.906289,145.766169,At Risk,2022-10-03
296,Olivia Roberts,Female,46,Coventry,UK,52.374174,-1.534673,Loyal,2024-08-24
297,Thabo Thomson,Male,62,Montreal,Canada,45.484981,-73.529697,High Value,2022-01-20
298,William Masondo,Male,34,Sheffield,UK,53.411679,-1.489416,Loyal,2024-01-01
299,Cooper Green,Male,19,Perth,Australia,-31.905664,115.840578,Loyal,2024-03-16
300,Samuel Jackson,Male,34,San Diego,USA,32.738219,-117.191871,At Risk,2024-09-01
301,Lungelo Hall,Male,43,Pretoria,South Africa,-25.778972,28.279143,New Customer,2021-02-03
302,Mason Taylor,Male,30,Atlanta,USA,33.735425,-84.371099,At Risk,2021-06-07
303,Victoria Smith,Female,54,East London,South Africa,-32.987771,27.945111,Champion,2022-11-06
304,Sipho Mitchell,Male,55,Dallas,USA,32.766741,-96.824474,High Value,2024-05-07
305,Ava Anderson,Female,61,Seattle,USA,47.560237,-122.355713,High Value,2021-11-15
306,Henry Hughes,Male,43,Cairns,Australia,-16.957966,145.826933,Champion,2023-06-16
307,Ethan Dlamini,Male,55,Nottingham,UK,52.990278,-1.142202,At Risk,2024-04-13
308,Tyler Garcia,Male,62,Kimberley,South Africa,-28.702767,24.769739,Champion,2022-04-22
309,Evelyn Thompson,Female,33,Bloemfontein,South Africa,-29.108769,26.195327,High Value,2021-04-27
310,Benjamin Phillips,Male,64,Gold Coast,Australia,-28.029976,153.431168,New Customer,2022-09-16
311,Lachlan Roberts,Male,29,Johannesburg,South Africa,-26.155951,28.029793,New Customer,2023-04-13
312,Daniel Thompson,Male,26,Johannesburg,South Africa,-26.241435,28.042971,High Value,2022-07-03
313,Dylan Johnson,Male,28,Gold Coast,Australia,-28.051700,153.444618,High Value,2024-03-12
314,Carter Ndlovu,Male,55,Seattle,USA,47.585278,-122.292582,At Risk,2022-04-10
315,Lauren Robertson,Female,22,Hamilton,Canada,43.272145,-79.896009,Occasional,2023-07-16
316,Lachlan Baker,Male,61,Quebec City,Canada,46.857262,-71.239703,High Value,2024-12-22
317,Jack Harris,Male,26,Soweto,South Africa,-26.301753,27.882744,High Value,2022-02-09
318,Lindiwe Masondo,Female,57,Cardiff,UK,51.444239,-3.163870,New Customer,2022-02-27
319,Benjamin Reddy,Male,50,San Jose,USA,37.336196,-121.844938,High Value,2024-09-21
320,Nozipho Green,Female,34,Chicago,USA,41.853590,-87.590260,New Customer,2022-05-12
321,Themba Walker,Male,44,Denver,USA,39.693446,-105.019461,Loyal,2022-01-16
322,Mia Naidoo,Female,30,Leeds,UK,53.844662,-1.531397,Champion,2022-08-11
323,Karabo Miller,Male,58,Edmonton,Canada,53.527991,-113.444252,At Risk,2023-02-14
324,William Thomson,Male,38,Sheffield,UK,53.368701,-1.505246,Loyal,2021-08-16
325,Sofia Vilakazi,Female,46,Bloemfontein,South Africa,-29.086774,26.209073,At Risk,2022-12-05
326,Aisha Khan,Female,47,Chicago,USA,41.852348,-87.585533,Dormant,2023-07-09
327,James Ndlovu,Male,41,Leicester,UK,52.614222,-1.169430,Dormant,2024-02-17
328,Jordan Smith,Male,21,Calgary,Canada,51.034493,-114.109533,High Value,2021-06-27
329,Evelyn Nelson,Female,23,East London,South Africa,-32.972793,27.864294,Champion,2023-04-09
330,Luna Masondo,Female,53,Liverpool,UK,53.432703,-2.982736,New Customer,2024-04-28
331,Jasmine Roberts,Female,56,Adelaide,Australia,-34.945476,138.602417,Occasional,2024-07-22
332,Themba Roberts,Male,55,Edmonton,Canada,53.522947,-113.509142,Loyal,2022-04-11
333,Ethan Harris,Male,40,Hamilton,Canada,43.228214,-79.919977,Loyal,2022-07-21
334,Tshepo Singh,Male,26,Port Elizabeth,South Africa,-33.956392,25.618141,Loyal,2023-05-22
335,Mpho Scott,Male,47,San Antonio,USA,29.384048,-98.515894,New Customer,2024-04-21
336,Brittany Ndlovu,Female,42,Leicester,UK,52.597450,-1.165409,High Value,2023-05-09
337,Lucas Govender,Male,41,Dallas,USA,32.812043,-96.833114,New Customer,2022-01-09
338,Samuel Taylor,Male,58,Benoni,South Africa,-26.176438,28.290038,Loyal,2022-05-26
339,Logan Lewis,Male,63,New York,USA,40.707876,-74.010678,Dormant,2024-12-01
340,Nora Zulu,Female,34,Montreal,Canada,45.470927,-73.584049,Dormant,2024-01-12
341,Thabo Mnguni,Male,37,Durban,South Africa,-29.891297,31.043221,Occasional,2021-05-11
342,Oliver Adams,Male,38,Cape Town,South Africa,-33.943759,18.450960,Loyal,2021-02-05
343,Kayla Roberts,Female,24,Philadelphia,USA,39.936032,-75.179128,At Risk,2021-04-06
344,Anisha Miller,Female,25,Durban,South Africa,-29.882417,30.973356,Loyal,2023-04-18
345,Destiny Zwane,Female,58,Austin,USA,30.233668,-97.701496,Occasional,2024-05-18
346,Carter Naidoo,Male,41,Phoenix,USA,33.470148,-112.083662,Occasional,2021-07-28
347,Chloe Robinson,Female,52,Toronto,Canada,43.672825,-79.404756,High Value,2024-05-24
348,Lindiwe Ntuli,Female,39,Bloemfontein,South Africa,-29.099169,26.196492,Loyal,2023-12-18
349,Yusuf Nkosi,Male,35,London,UK,51.475252,-0.114638,Dormant,2024-08-22
350,Brittany Davies,Female,55,Kimberley,South Africa,-28.750794,24.780016,Loyal,2021-04-09
351,Charlotte Hall,Female,60,San Diego,USA,32.734777,-117.141828,Champion,2023-10-23
352,Harry Thompson,Male,47,Leeds,UK,53.792818,-1.507042,At Risk,2024-11-18
353,Lerato Pillay,Female,22,Port Elizabeth,South Africa,-33.982596,25.562939,Dormant,2024-12-06
354,Mandla Phillips,Male,25,Chicago,USA,41.830603,-87.668384,High Value,2024-03-12
355,Palesa Buthelezi,Female,54,Philadelphia,USA,39.959126,-75.175982,Occasional,2024-05-26
356,Samuel Smith,Male,40,Sheffield,UK,53.400911,-1.465568,At Risk,2022-05-12
357,Cooper Campbell,Male,40,Soweto,South Africa,-26.285158,27.863973,Champion,2022-01-11
358,Phindile Stewart,Female,30,Liverpool,UK,53.389020,-2.966073,Occasional,2023-07-17
359,Hannah Evans,Female,52,Port Elizabeth,South Africa,-34.009080,25.579477,New Customer,2023-03-26
360,Musa Clarke,Male,42,Denver,USA,39.787743,-105.019775,New Customer,2021-08-12
361,Harper Ntuli,Female,36,Bloemfontein,South Africa,-29.083064,26.197492,Dormant,2022-01-16
362,Nhlanhla Hughes,Male,20,Leeds,UK,53.817934,-1.566087,Loyal,2021-01-27
363,Daniel Taylor,Male,42,Ottawa,Canada,45.391960,-75.662795,High Value,2024-03-15
364,James Adams,Male,62,Cape Town,South Africa,-33.949299,18.414075,Dormant,2022-03-03
365,Themba Scott,Male,28,Phoenix,USA,33.487283,-112.105901,Occasional,2024-02-19
366,Mpho Garcia,Male,64,Adelaide,Australia,-34.904650,138.631353,High Value,2023-04-19
367,Dylan Robertson,Male,44,New York,USA,40.673310,-73.961256,High Value,2022-12-24
368,Samantha Clarke,Female,60,Leeds,UK,53.793717,-1.571618,Champion,2024-08-05
369,Samantha Khan,Female,65,Coventry,UK,52.450544,-1.558235,Occasional,2021-06-28
370,Anisha Ndlovu,Female,23,San Antonio,USA,29.414438,-98.526861,Champion,2021-06-11
371,Siyanda Ntuli,Male,27,Kimberley,South Africa,-28.679808,24.794024,Dormant,2021-10-01
372,Nhlanhla Sithole,Male,38,Cape Town,South Africa,-33.969659,18.448052,Loyal,2024-11-24
373,Sipho Garcia,Male,52,Bristol,UK,51.433071,-2.596713,At Risk,2023-04-28
374,Madison Govender,Female,19,Sandton,South Africa,-26.097637,28.074483,Dormant,2021-10-01
375,Mia MacDonald,Female,53,Montreal,Canada,45.502350,-73.565694,Champion,2022-06-02
376,Brittany Anderson,Female,60,Halifax,Canada,44.652338,-63.622807,High Value,2023-10-16
377,Abigail Garcia,Female,39,Coventry,UK,52.438110,-1.533406,High Value,2021-08-23
378,Ntombifuthi Patel,Female,52,Calgary,Canada,51.084592,-114.085507,High Value,2022-03-22
379,Harry Lewis,Male,64,Houston,USA,29.710960,-95.372304,Dormant,2021-04-17
380,Connor Nelson,Male,33,Halifax,Canada,44.652972,-63.539366,New Customer,2022-09-10
381,Nozipho Adams,Female,29,Pietermaritzburg,South Africa,-29.573619,30.360504,Loyal,2022-08-27
382,Brittany Reddy,Female,24,Pretoria,South Africa,-25.764098,28.256209,Occasional,2024-06-15
383,Bongani Carter,Male,24,Perth,Australia,-31.977628,115.853174,At Risk,2021-05-06
384,Samantha Anderson,Female,27,Leeds,UK,53.820290,-1.539400,At Risk,2021-09-22
385,Tebogo Taylor,Male,61,Dallas,USA,32.770306,-96.819376,Champion,2022-11-12
386,James Patel,Male,64,Sheffield,UK,53.370932,-1.474179,Occasional,2022-12-26
387,Sophia Mokoena,Female,47,Vancouver,Canada,49.277112,-123.157767,Loyal,2024-04-12
388,Zanele Adams,Female,52,Atlanta,USA,33.785937,-84.344381,At Risk,2021-12-14
389,Cooper Scott,Male,40,Philadelphia,USA,39.948562,-75.188184,High Value,2022-08-12
390,Ashley Mitchell,Female,19,Calgary,Canada,51.094387,-114.089963,At Risk,2022-05-14
391,Carter Wood,Male,62,Belfast,UK,54.641745,-5.904044,Dormant,2021-05-12
392,Charlotte Dlamini,Female,45,Ottawa,Canada,45.382318,-75.719429,At Risk,2024-06-17
393,Fatima Evans,Female,21,London,UK,51.522041,-0.150141,Occasional,2022-02-26
394,Isabella Buthelezi,Female,27,Cardiff,UK,51.450855,-3.183767,Loyal,2023-01-05
395,Priya Johnson,Female,62,Gold Coast,Australia,-27.983225,153.384514,Occasional,2021-05-12
396,Musa Adams,Male,21,Ottawa,Canada,45.437572,-75.695430,High Value,2021-02-10
397,Arjun Govender,Male,53,Coventry,UK,52.392864,-1.523769,At Risk,2023-05-07
398,Neha Vilakazi,Female,60,Bristol,UK,51.447791,-2.539320,New Customer,2023-06-01
399,Bongani Davies,Male,44,Toronto,Canada,43.618875,-79.335008,Champion,2022-02-28
400,Ethan Harris,Male,40,San Antonio,USA,29.455966,-98.458941,Occasional,2023-07-26
401,Harper Thomson,Female,46,Pretoria,South Africa,-25.760258,28.231424,Champion,2022-05-09
402,Thandeka Brown,Female,22,Adelaide,Australia,-34.906450,138.553568,Loyal,2023-08-13
403,Hannah Sithole,Female,40,Rustenburg,South Africa,-25.666210,27.193738,High Value,2024-03-14
404,Mia Davies,Female,30,Benoni,South Africa,-26.156227,28.300313,Occasional,2021-09-25
405,Brianna Hall,Female,27,Miami,USA,25.790684,-80.174790,At Risk,2021-12-09
406,Mia Jones,Female,28,Denver,USA,39.752511,-104.967254,Champion,2023-07-22
407,Hazel Thomas,Female,56,Pietermaritzburg,South Africa,-29.635120,30.336986,Occasional,2024-10-12
408,William Walker,Male,46,Soweto,South Africa,-26.254573,27.845339,Loyal,2021-04-22
409,Dylan Mkhize,Male,45,Houston,USA,29.771201,-95.346544,High Value,2023-08-23
410,Palesa Buthelezi,Female,44,Manchester,UK,53.500229,-2.200416,Occasional,2022-04-11
411,Emma Phillips,Female,24,Sydney,Australia,-33.899312,151.216196,At Risk,2024-04-04
412,Charlotte Cele,Female,40,Polokwane,South Africa,-23.912608,29.427934,At Risk,2021-09-25
413,Nathan Walker,Male,20,Atlanta,USA,33.709009,-84.339056,Champion,2022-10-09
414,Nozipho Garcia,Female,55,Dallas,USA,32.824889,-96.800287,High Value,2023-04-15
415,Grace Murray,Female,33,Cape Town,South Africa,-33.938525,18.401091,At Risk,2022-06-04
416,Tyler Reddy,Male,27,Port Elizabeth,South Africa,-33.958525,25.573342,Dormant,2024-06-21
417,Tyler Anderson,Male,19,New York,USA,40.749810,-73.963172,Dormant,2024-11-11
418,Karabo Scott,Male,62,Edinburgh,UK,55.905936,-3.180988,Champion,2023-03-01
419,Chloe Davies,Female,36,Calgary,Canada,51.037660,-114.073643,Occasional,2021-02-01
420,Harry Mahlangu,Male,51,Los Angeles,USA,34.028556,-118.231915,High Value,2024-06-25
421,Mandla Williams,Male,60,Cape Town,South Africa,-33.910752,18.466224,At Risk,2022-12-16
422,Mason Taylor,Male,41,San Antonio,USA,29.437490,-98.535093,High Value,2024-03-10
423,Ella Masondo,Female,55,Canberra,Australia,-35.250524,149.112480,Dormant,2024-02-17
424,Nathan Hlongwane,Male,46,Durban,South Africa,-29.856274,31.061878,Champion,2023-11-21
425,Brianna Khumalo,Female,40,Perth,Australia,-31.943278,115.897014,Dormant,2022-11-24
426,Palesa Cele,Female,49,Bristol,UK,51.465488,-2.617371,At Risk,2022-05-08
427,Benjamin Khumalo,Male,19,Denver,USA,39.756879,-104.966513,At Risk,2022-08-21
428,Noah Clarke,Male,51,Birmingham,UK,52.463867,-1.901085,Dormant,2021-10-22
429,Elijah Johnson,Male,65,Edinburgh,UK,55.965518,-3.214573,High Value,2024-02-09
430,Mandla Thomson,Male,25,Sydney,Australia,-33.886138,151.220196,Loyal,2023-01-16
431,Emily Khumalo,Female,57,Austin,USA,30.310608,-97.787038,At Risk,2024-04-28
432,Ava Davies,Female,61,Cape Town,South Africa,-33.875932,18.394911,Dormant,2023-12-20
433,Ava Scott,Female,31,Sandton,South Africa,-26.069656,28.061579,Dormant,2024-05-28
434,Sibusiso Wilson,Male,35,Hobart,Australia,-42.845063,147.370315,New Customer,2022-10-28
435,Nhlanhla Miller,Male,18,Chicago,USA,41.843566,-87.599203,New Customer,2021-01-20
436,Lauren Pillay,Female,26,Hobart,Australia,-42.854163,147.280712,Occasional,2023-09-10
437,Charlotte Molefe,Female,33,Houston,USA,29.798237,-95.341089,Loyal,2021-06-12
438,Themba Wilson,Male,41,Toronto,Canada,43.682472,-79.365901,At Risk,2024-04-06
439,Ayanda Miller,Female,49,Coventry,UK,52.427481,-1.539134,Champion,2023-12-22
440,Henry Mokoena,Male,26,Melbourne,Australia,-37.837542,144.957496,Champion,2022-03-12
441,Fatima Ntuli,Female,36,Polokwane,South Africa,-23.918551,29.442917,Dormant,2021-03-11
442,Phindile Sithole,Female,20,Nelspruit,South Africa,-25.456807,30.940038,Dormant,2023-10-20
443,Lily Nelson,Female,39,Edinburgh,UK,55.904054,-3.192467,Occasional,2023-11-21
444,Ashley Murphy,Female,50,Darwin,Australia,-12.473676,130.871970,High Value,2022-04-14
445,Noah Lewis,Male,43,San Jose,USA,37.384334,-121.880527,Loyal,2023-06-24
446,Karabo Campbell,Male,26,Pretoria,South Africa,-25.782625,28.262024,Dormant,2024-04-06
447,Amelia Brown,Female,34,Canberra,Australia,-35.287979,149.126026,Dormant,2021-01-01
448,Zanele Anderson,Female,43,Port Elizabeth,South Africa,-33.960883,25.584335,Champion,2021-06-03
449,Owen Adams,Male,45,Nottingham,UK,52.926778,-1.173246,Occasional,2021-11-25
450,Hazel Molefe,Female,46,Pretoria,South Africa,-25.783624,28.217984,Occasional,2023-09-28
451,Nokukhanya Ndlovu,Female,19,London,UK,51.491897,-0.162491,Champion,2021-03-16
452,Elijah Smith,Male,45,Philadelphia,USA,39.929970,-75.167318,Dormant,2024-08-15
453,Lily Singh,Female,59,Nelspruit,South Africa,-25.458315,30.983129,At Risk,2022-12-22
454,Samantha MacKenzie,Female,38,Kimberley,South Africa,-28.716132,24.713072,Champion,2022-01-27
455,Thandeka Zwane,Female,56,Cardiff,UK,51.441222,-3.162379,Occasional,2022-08-27
456,Phindile Davies,Female,55,San Diego,USA,32.701792,-117.137765,High Value,2021-12-10
457,Jackson Zwane,Male,18,New York,USA,40.671041,-74.030257,At Risk,2023-08-15
458,Isabella Molefe,Female,57,Nottingham,UK,52.909110,-1.111506,At Risk,2021-01-09
459,Dylan Anderson,Male,22,Bloemfontein,South Africa,-29.070882,26.207457,New Customer,2024-10-15
460,Lily Evans,Female,53,Pretoria,South Africa,-25.701384,28.245861,At Risk,2023-05-02
461,Harper Phillips,Female,32,Pietermaritzburg,South Africa,-29.607006,30.397672,High Value,2024-03-08
462,Busisiwe Wilson,Female,48,Cardiff,UK,51.475760,-3.140093,High Value,2023-12-03
463,Nandi Moore,Female,57,Nelspruit,South Africa,-25.489397,30.945994,At Risk,2021-04-23
464,Priya Hughes,Female,57,Dallas,USA,32.762117,-96.819120,At Risk,2023-11-03
465,Aiden Sithole,Male,45,Newcastle,UK,54.975826,-1.579121,Champion,2023-04-01
466,Vikram Campbell,Male,65,Leeds,UK,53.811663,-1.580975,Dormant,2022-04-27
467,Destiny Zulu,Female,64,Coventry,UK,52.433119,-1.524568,High Value,2021-09-15
468,Sipho Khumalo,Male,49,Pretoria,South Africa,-25.737251,28.260839,Occasional,2022-12-21
469,Ethan Walker,Male,54,Benoni,South Africa,-26.235721,28.291209,Champion,2023-12-28
470,Charlotte Davies,Female,30,Durban,South Africa,-29.819147,31.006165,Occasional,2023-02-05
471,Lungelo Miller,Male,58,Durban,South Africa,-29.821511,31.036496,Champion,2023-06-16
472,Jasmine Scott,Female,62,Bloemfontein,South Africa,-29.110284,26.176820,Champion,2021-11-16
473,Sipho Khan,Male,31,Durban,South Africa,-29.874838,31.002310,At Risk,2022-05-11
474,Dylan Wilson,Male,55,Cardiff,UK,51.438255,-3.134704,Loyal,2024-10-13
475,Phindile Masondo,Female,46,Phoenix,USA,33.459273,-112.084052,Occasional,2022-07-27
476,Neha Majola,Female,52,Houston,USA,29.777448,-95.398379,Dormant,2021-12-01
477,Chloe Stewart,Female,65,London,UK,51.482056,-0.083776,Dormant,2021-07-16
478,Grace MacKenzie,Female,57,Adelaide,Australia,-34.967259,138.606019,High Value,2023-03-26
479,Thabo Miller,Male,46,Houston,USA,29.764773,-95.386847,Loyal,2024-02-08
480,Olivia Turner,Female,43,San Diego,USA,32.762279,-117.115480,Champion,2021-07-27
481,Sophia Brown,Female,22,Bloemfontein,South Africa,-29.093501,26.111242,New Customer,2021-02-28
482,Benjamin Ntuli,Male,57,Polokwane,South Africa,-23.948126,29.485871,Occasional,2023-06-13
483,Jennifer Jackson,Female,57,London,UK,51.553395,-0.129667,Occasional,2022-10-04
484,Tyler Evans,Male,32,Cairns,Australia,-16.943549,145.748566,Champion,2023-07-25
485,Lucas Khumalo,Male,47,San Antonio,USA,29.410440,-98.522097,New Customer,2024-12-14
486,Lauren Green,Female,27,Phoenix,USA,33.480294,-112.038429,At Risk,2023-05-14
487,Fatima Naidoo,Female,63,Newcastle,UK,54.940225,-1.621692,At Risk,2021-11-22
488,Olivia Patel,Female,28,San Diego,USA,32.667637,-117.140640,Dormant,2024-11-09
489,Mia Walker,Female,34,Bloemfontein,South Africa,-29.118957,26.185011,Dormant,2023-08-14
490,Lesedi Pillay,Male,27,Coventry,UK,52.367955,-1.548945,High Value,2022-06-27
491,Benjamin Moore,Male,42,Hamilton,Canada,43.282106,-79.836821,New Customer,2022-09-23
492,Amelia Adams,Female,53,Sandton,South Africa,-26.131705,28.102970,Champion,2023-01-25
493,Lesedi Thomas,Male,39,Dallas,USA,32.753605,-96.795197,At Risk,2021-04-23
494,Benjamin Reddy,Male,64,Vancouver,Canada,49.291786,-123.075271,Champion,2023-06-26
495,Olivia Perez,Female,39,Liverpool,UK,53.407651,-2.982795,New Customer,2021-05-17
496,Ella Smith,Female,63,Port Elizabeth,South Africa,-33.954024,25.638640,Champion,2022-12-13
497,Emma Khan,Female,55,San Diego,USA,32.745949,-117.137806,Loyal,2023-09-11
498,Henry Majola,Male,22,Polokwane,South Africa,-23.888060,29.455783,At Risk,2023-12-07
499,Ella Anderson,Female,28,Cairns,Australia,-16.941635,145.783163,Dormant,2021-05-27
500,Oliver Harris,Male,30,Birmingham,UK,52.442070,-1.874994,Dormant,2021-01-03
501,Jordan Dlamini,Male,56,Atlanta,USA,33.723697,-84.338615,Occasional,2024-02-19
502,Lucas Mokoena,Male,35,San Antonio,USA,29.404522,-98.528419,At Risk,2024-12-18
503,Mia Walker,Female,50,Rustenburg,South Africa,-25.711092,27.288805,High Value,2022-05-10
504,Phindile Masondo,Female,50,Belfast,UK,54.627919,-5.917317,Occasional,2021-10-22
505,James Masondo,Male,57,Atlanta,USA,33.728708,-84.388758,High Value,2022-04-06
506,Hannah Thomas,Female,65,Durban,South Africa,-29.873301,30.979151,Champion,2023-09-14
507,Dylan Brown,Male,48,Pietermaritzburg,South Africa,-29.553474,30.424405,Champion,2024-07-27
508,Thandeka Evans,Female,37,New York,USA,40.716551,-74.050864,Loyal,2021-01-25
509,Nomsa Martinez,Female,54,Philadelphia,USA,39.949008,-75.163770,At Risk,2023-05-22
510,Kabelo Perez,Male,29,Winnipeg,Canada,49.897603,-97.174400,Dormant,2021-07-16
511,Anisha Campbell,Female,27,Adelaide,Australia,-34.935373,138.563338,Occasional,2024-07-08
512,Leo Molefe,Male,36,Leeds,UK,53.805017,-1.527863,At Risk,2022-08-10
513,Nomsa Phillips,Female,40,Sandton,South Africa,-26.072973,28.063213,Occasional,2023-08-14
514,Elijah Johnson,Male,20,Sydney,Australia,-33.896615,151.181626,Champion,2022-10-18
515,Lucas MacKenzie,Male,64,Canberra,Australia,-35.275510,149.156794,Loyal,2024-12-13
516,Alexis Adams,Female,40,Seattle,USA,47.571179,-122.345464,New Customer,2024-10-04
517,Luna Thomson,Female,40,San Diego,USA,32.666908,-117.168478,Dormant,2023-09-26
518,Logan Vilakazi,Male,43,Ottawa,Canada,45.376573,-75.684189,New Customer,2023-03-20
519,Logan Walker,Male,29,Polokwane,South Africa,-23.918063,29.451034,Loyal,2022-11-24
520,Thandeka Thomson,Female,23,Kimberley,South Africa,-28.752396,24.766707,Champion,2021-12-02
521,Mason MacDonald,Male,56,Philadelphia,USA,39.953749,-75.136500,High Value,2024-06-11
522,Amelia Mahlangu,Female,25,Los Angeles,USA,34.101046,-118.284493,New Customer,2023-04-17
523,Ethan Turner,Male,51,Austin,USA,30.310593,-97.752510,Dormant,2021-04-05
524,Sipho Ntuli,Male,20,Bloemfontein,South Africa,-29.048278,26.174117,High Value,2022-07-27
525,Nobuhle Pillay,Female,42,Soweto,South Africa,-26.270457,27.854499,Champion,2022-08-11
526,Charlotte Roberts,Female,29,Nelspruit,South Africa,-25.452136,30.980499,High Value,2022-05-03
527,Jennifer Hughes,Female,30,Polokwane,South Africa,-23.947303,29.483696,Dormant,2021-01-17
528,Hunter Jones,Male,29,Sheffield,UK,53.398596,-1.436695,At Risk,2022-09-06
529,Hunter Mkhize,Male,29,Cape Town,South Africa,-33.909686,18.420691,High Value,2022-05-23
530,Themba Carter,Male,56,Vancouver,Canada,49.313306,-123.079843,Loyal,2021-03-18
531,Liam Vilakazi,Male,65,Halifax,Canada,44.622810,-63.564660,Loyal,2023-04-17
532,Samuel Dlamini,Male,55,Kimberley,South Africa,-28.719866,24.713028,Champion,2021-10-28
533,Kabelo Jackson,Male,64,Kimberley,South Africa,-28.679854,24.723772,At Risk,2023-07-05
534,Siyanda Govender,Male,38,San Jose,USA,37.302645,-121.914411,Champion,2022-11-27
535,Lindiwe Davies,Female,45,Toronto,Canada,43.607720,-79.341161,At Risk,2024-12-07
536,Mia Williams,Female,46,Liverpool,UK,53.384687,-2.993276,New Customer,2023-07-21
537,Mason Nkosi,Male,55,Soweto,South Africa,-26.224189,27.891845,Champion,2022-02-14
538,Cooper Stewart,Male,55,Coventry,UK,52.450269,-1.520390,Occasional,2021-05-06
539,Lucas Thomson,Male,47,Seattle,USA,47.584106,-122.359220,Champion,2021-05-27
540,Harry Khumalo,Male,53,Hamilton,Canada,43.234945,-79.826495,Champion,2023-07-08
541,Nozipho Clarke,Female,18,Los Angeles,USA,34.060210,-118.229507,New Customer,2021-02-13
542,Marcus Jones,Male,47,Nelspruit,South Africa,-25.432219,30.951723,Loyal,2021-11-01
543,Jack Price,Male,33,Leicester,UK,52.663958,-1.171015,Loyal,2024-05-04
544,Khanyisile Davies,Female,31,Hobart,Australia,-42.861809,147.309071,Occasional,2023-11-10
545,Lindiwe Mahlangu,Female,54,Ottawa,Canada,45.412824,-75.698285,Dormant,2024-02-25
546,James Fraser,Male,56,Port Elizabeth,South Africa,-33.959907,25.556298,High Value,2023-11-11
547,Sipho Harris,Male,20,Pretoria,South Africa,-25.765221,28.209401,Occasional,2021-07-12
548,Noah Majola,Male,57,Birmingham,UK,52.514419,-1.934432,Dormant,2023-01-14
549,Thandeka Sithole,Female,65,Dallas,USA,32.748223,-96.824322,Occasional,2021-08-01
550,Zanele Khumalo,Female,41,Melbourne,Australia,-37.844334,144.956373,New Customer,2022-03-25
551,Sibongile Davies,Female,47,Johannesburg,South Africa,-26.164205,28.009870,Champion,2021-12-04
552,Jackson Khan,Male,40,Edinburgh,UK,55.914899,-3.205046,Champion,2023-11-05
553,Kabelo Perez,Male,26,Darwin,Australia,-12.446166,130.832843,New Customer,2024-03-27
554,Liam Molefe,Male,22,Dallas,USA,32.729007,-96.844878,New Customer,2021-07-03
555,Benjamin Zulu,Male,23,Johannesburg,South Africa,-26.162796,28.033417,Occasional,2024-12-07
556,Musa Ndlovu,Male,38,Bloemfontein,South Africa,-29.122518,26.134225,High Value,2024-10-01
557,Yusuf Pillay,Male,52,Toronto,Canada,43.649852,-79.373670,Occasional,2024-02-06
558,Jayden Khumalo,Male,56,Ottawa,Canada,45.432561,-75.741106,Dormant,2022-06-23
559,Lungelo Robertson,Male,22,Polokwane,South Africa,-23.948939,29.514474,High Value,2023-12-17
560,Mandla Walker,Male,32,New York,USA,40.732498,-74.034011,New Customer,2024-07-15
561,Henry Mahlangu,Male,34,Bloemfontein,South Africa,-29.036794,26.154940,Occasional,2023-05-10
562,William Mnguni,Male,45,Edinburgh,UK,55.938191,-3.202847,High Value,2022-11-18
563,William Lewis,Male,64,Vancouver,Canada,49.308429,-123.161404,Occasional,2022-03-01
564,Nokwanda Murray,Female,45,Cape Town,South Africa,-33.963371,18.459501,Occasional,2023-07-15
565,Mason Robertson,Male,44,Montreal,Canada,45.455823,-73.559363,At Risk,2021-12-03
566,Yusuf Singh,Male,18,Bloemfontein,South Africa,-29.072884,26.113099,High Value,2023-12-04
567,Marcus Pillay,Male,63,Nottingham,UK,52.948572,-1.148002,Champion,2024-12-06
568,Vikram Davies,Male,33,Leicester,UK,52.615051,-1.163702,High Value,2021-02-04
569,Nokukhanya Jones,Female,63,Gold Coast,Australia,-27.966914,153.434916,Champion,2022-04-20
570,Olivia Wood,Female,54,Darwin,Australia,-12.505629,130.858659,Loyal,2024-08-06
571,Ashley Turner,Female,41,Benoni,South Africa,-26.143066,28.332098,High Value,2022-07-18
572,Emma Ntuli,Female,29,Gold Coast,Australia,-28.052832,153.409394,At Risk,2024-12-14
573,Lucas Taylor,Male,26,New York,USA,40.753708,-74.028332,Dormant,2021-05-17
574,Jennifer Ntuli,Female,26,Bloemfontein,South Africa,-29.042396,26.141060,Loyal,2022-06-17
575,Isabella Taylor,Female,57,Newcastle,UK,54.943749,-1.623515,New Customer,2021-01-18
576,Anisha Moore,Female,52,Nelspruit,South Africa,-25.424726,30.954861,At Risk,2021-07-22
577,Liam White,Male,53,Calgary,Canada,51.021532,-114.101734,Loyal,2024-01-28
578,Owen Majola,Male,21,Austin,USA,30.223339,-97.704372,At Risk,2023-07-21
579,Brandon Anderson,Male,28,Bloemfontein,South Africa,-29.054542,26.147706,New Customer,2022-02-24
580,Ashley Taylor,Female,28,Edmonton,Canada,53.521373,-113.465877,At Risk,2022-09-20
581,Madison Pillay,Female,59,Atlanta,USA,33.791472,-84.353101,Dormant,2024-07-20
582,Logan Patel,Male,37,Edinburgh,UK,55.919568,-3.201181,Occasional,2024-03-11
583,Charlotte Garcia,Female,47,Miami,USA,25.763267,-80.204377,Loyal,2023-12-27
584,Yusuf Masondo,Male,32,Atlanta,USA,33.758470,-84.404828,At Risk,2024-04-16
585,Jack Hlongwane,Male,52,Melbourne,Australia,-37.797695,144.949118,High Value,2023-03-19
586,Lindiwe Khumalo,Female,27,Birmingham,UK,52.465441,-1.932012,Dormant,2022-02-15
587,Bongiwe Thompson,Female,22,Edinburgh,UK,55.954165,-3.170182,Champion,2021-09-08
588,Thandeka Murray,Female,57,Cardiff,UK,51.468966,-3.177477,Occasional,2024-01-07
589,Mpho Evans,Male,59,Winnipeg,Canada,49.916246,-97.115776,High Value,2023-05-03
590,Lachlan Ntuli,Male,38,Dallas,USA,32.800482,-96.750730,At Risk,2023-09-27
591,Grace Robertson,Female,49,Chicago,USA,41.857047,-87.664033,High Value,2022-02-01
592,Nozipho Green,Female,60,Polokwane,South Africa,-23.950842,29.493313,Dormant,2023-10-17
593,Abigail Taylor,Female,45,Durban,South Africa,-29.826296,30.994682,Dormant,2022-03-03
594,Caleb Campbell,Male,50,Pietermaritzburg,South Africa,-29.595899,30.408756,New Customer,2024-04-16
595,Ethan Evans,Male,53,Coventry,UK,52.386402,-1.533350,Occasional,2023-10-28
596,Aiden Jones,Male,53,Seattle,USA,47.617570,-122.344416,New Customer,2023-12-22
597,Layla Mokoena,Female,61,Atlanta,USA,33.746897,-84.436947,Loyal,2023-07-13
598,Thandeka Williams,Female,55,Port Elizabeth,South Africa,-33.926722,25.623907,At Risk,2021-12-04
599,Alexis Taylor,Female,53,Denver,USA,39.767893,-105.021464,At Risk,2021-10-21
600,Carter Smith,Male,25,Hamilton,Canada,43.270514,-79.919318,Champion,2023-03-01
601,Emma Molefe,Female,28,Rustenburg,South Africa,-25.622067,27.262170,Occasional,2024-04-07
602,Aisha Davies,Female,24,Polokwane,South Africa,-23.883152,29.474881,New Customer,2022-05-11
603,Yusuf Zulu,Male,61,Calgary,Canada,51.051149,-114.112908,High Value,2022-02-19
604,Noah Mahlangu,Male,51,Nottingham,UK,52.977220,-1.162653,Dormant,2022-03-23
605,Hazel Nelson,Female,41,Liverpool,UK,53.377794,-2.985533,At Risk,2022-02-19
606,Liam Mokoena,Male,29,Adelaide,Australia,-34.921470,138.641566,New Customer,2022-02-26
607,Owen Shabalala,Male,31,Gold Coast,Australia,-28.013580,153.402389,Occasional,2022-10-16
608,Anisha Anderson,Female,31,Rustenburg,South Africa,-25.679514,27.228851,Loyal,2022-04-01
609,Neha Govender,Female,23,San Antonio,USA,29.399389,-98.474786,Champion,2024-09-17
610,Sofia Reddy,Female,51,Chicago,USA,41.880055,-87.613620,New Customer,2024-10-07
611,Sipho Patel,Male,28,Belfast,UK,54.577235,-5.918988,Dormant,2021-10-18
612,Mandla Williams,Male,28,San Diego,USA,32.673647,-117.145205,At Risk,2021-12-05
613,Themba Walker,Male,46,Kimberley,South Africa,-28.734968,24.725474,At Risk,2021-04-09
614,Ayanda Hall,Female,25,Perth,Australia,-31.981614,115.865389,Occasional,2021-10-05
615,Henry MacKenzie,Male,32,Halifax,Canada,44.623203,-63.597452,Occasional,2024-04-06
616,Vikram Turner,Male,38,Philadelphia,USA,39.963091,-75.178741,Dormant,2024-11-02
617,Aria Roberts,Female,50,Port Elizabeth,South Africa,-33.947806,25.571939,Occasional,2022-04-24
618,Jordan Reddy,Male,57,Birmingham,UK,52.486597,-1.876343,High Value,2023-01-19
619,Ella Carter,Female,39,San Jose,USA,37.367521,-121.934473,Dormant,2024-11-24
620,Lachlan Nkosi,Male,27,Nelspruit,South Africa,-25.501803,31.012679,Loyal,2022-12-13
621,Hazel Thomson,Female,19,Quebec City,Canada,46.859789,-71.207477,Occasional,2022-10-22
622,Aisha Thomas,Female,22,Dallas,USA,32.758422,-96.830770,New Customer,2023-05-13
623,Noah Zulu,Male,28,Los Angeles,USA,34.032000,-118.278467,Champion,2023-05-12
624,Jackson Patel,Male,38,Hamilton,Canada,43.217351,-79.914452,New Customer,2024-03-08
625,Lungelo Nelson,Male,45,Cardiff,UK,51.453468,-3.133439,Champion,2024-09-24
626,Yusuf Garcia,Male,56,Canberra,Australia,-35.278785,149.086528,Occasional,2022-11-16
627,Ntombifuthi Roberts,Female,52,Toronto,Canada,43.631141,-79.351062,New Customer,2023-08-20
628,Cooper Sithole,Male,36,Cape Town,South Africa,-33.898823,18.410757,At Risk,2021-04-25
629,Neha Hughes,Female,53,Pretoria,South Africa,-25.747641,28.243998,Occasional,2024-06-05
630,Isabella Jones,Female,22,Benoni,South Africa,-26.211582,28.289789,Loyal,2021-11-16
631,Thandeka Reddy,Female,29,Johannesburg,South Africa,-26.246738,28.075453,At Risk,2023-03-21
632,Benjamin Price,Male,19,Sandton,South Africa,-26.078820,28.018530,Occasional,2022-07-25
633,Victoria Evans,Female,45,Pretoria,South Africa,-25.742658,28.240834,Occasional,2021-06-02
634,Ayanda Nelson,Female,65,Bloemfontein,South Africa,-29.059442,26.112500,Dormant,2024-07-07
635,Mohammed Walker,Male,22,Nelspruit,South Africa,-25.509252,30.957099,Champion,2021-07-25
636,Jack Wilson,Male,60,Benoni,South Africa,-26.153778,28.331942,Champion,2023-09-16
637,Mia Mnguni,Female,19,Vancouver,Canada,49.248110,-123.147701,High Value,2023-07-24
638,Liam Sithole,Male,38,Benoni,South Africa,-26.202795,28.324739,At Risk,2021-12-19
639,Khanyisile Wood,Female,56,Rustenburg,South Africa,-25.628312,27.266267,Loyal,2023-09-23
640,Carter Wood,Male,56,Pretoria,South Africa,-25.717598,28.215619,Loyal,2021-07-04
641,Zanele Moore,Female,29,Soweto,South Africa,-26.316496,27.883118,Occasional,2023-05-19
642,Ethan Price,Male,18,Sydney,Australia,-33.857962,151.178104,Occasional,2024-12-11
643,Nozipho Mitchell,Female,38,Manchester,UK,53.522296,-2.241712,Occasional,2023-09-16
644,Evelyn Wood,Female,48,Bloemfontein,South Africa,-29.077570,26.113515,Dormant,2023-06-04
645,Ava Singh,Female,25,Leicester,UK,52.638831,-1.098192,At Risk,2024-09-16
646,Jacob Phillips,Male,24,Chicago,USA,41.891244,-87.581044,Loyal,2021-10-03
647,Ethan Mkhize,Male,26,Liverpool,UK,53.433326,-2.979160,Dormant,2022-03-24
648,Jackson Mokoena,Male,55,Manchester,UK,53.524611,-2.225751,At Risk,2023-07-20
649,Themba Williams,Male,23,Soweto,South Africa,-26.286175,27.876586,Dormant,2023-01-19
650,Bongani Zwane,Male,42,Leeds,UK,53.812380,-1.574426,Occasional,2023-04-08
651,Palesa Murray,Female,21,Gold Coast,Australia,-28.052564,153.388874,Occasional,2021-11-18
652,Cooper Cele,Male,46,Seattle,USA,47.638216,-122.378363,At Risk,2022-08-16
653,Mason Martinez,Male,29,Belfast,UK,54.570456,-5.897158,Occasional,2021-11-12
654,Tshepo Price,Male,25,Halifax,Canada,44.694130,-63.565069,High Value,2024-02-28
655,Lungelo Wilson,Male,56,Atlanta,USA,33.736699,-84.436191,Champion,2022-01-13
656,Mia Majola,Female,35,Kimberley,South Africa,-28.687153,24.733464,Dormant,2024-09-11
657,Thandeka Davis,Female,63,Gold Coast,Australia,-28.018640,153.362389,New Customer,2021-08-28
658,Tyler Walker,Male,32,Dallas,USA,32.793617,-96.835580,Dormant,2022-06-22
659,Emily Sithole,Female,24,London,UK,51.479325,-0.126775,Loyal,2024-12-01
660,James White,Male,55,Cairns,Australia,-16.939740,145.796395,New Customer,2021-12-11
661,Musa Shabalala,Male,59,Vancouver,Canada,49.315262,-123.136350,Dormant,2021-12-22
662,Anisha Ngcobo,Female,44,Edinburgh,UK,55.965149,-3.191435,Occasional,2022-07-13
663,Arjun Zulu,Male,60,Belfast,UK,54.548824,-5.909621,Loyal,2024-02-23
664,Jackson Ngcobo,Male,47,Adelaide,Australia,-34.932683,138.623176,Champion,2022-10-05
665,Lindiwe Turner,Female,38,London,UK,51.490522,-0.168330,New Customer,2021-01-16
666,Sophia Masondo,Female,24,Kimberley,South Africa,-28.728884,24.764773,Dormant,2023-01-06
667,Tyler Vilakazi,Male,64,Cairns,Australia,-16.958040,145.811935,Loyal,2023-06-15
668,Isabella Miller,Female,52,Leeds,UK,53.811522,-1.594473,Champion,2022-12-26
669,Lily Brown,Female,32,Birmingham,UK,52.518275,-1.866575,Loyal,2021-05-08
670,Nora Mokoena,Female,24,Pretoria,South Africa,-25.735628,28.274531,Dormant,2023-01-22
671,Emily Miller,Female,30,London,UK,51.508130,-0.117180,Champion,2022-12-15
672,Thandeka Baker,Female,63,Austin,USA,30.245652,-97.784535,At Risk,2021-03-07
673,Ella Evans,Female,49,Durban,South Africa,-29.833053,31.034142,High Value,2023-12-09
674,Nokukhanya MacKenzie,Female,28,Edmonton,Canada,53.542461,-113.456029,Champion,2022-02-03
675,Fatima Hall,Female,44,Sandton,South Africa,-26.059010,28.081930,Occasional,2022-10-28
676,Lucas White,Male,33,Port Elizabeth,South Africa,-33.995215,25.611601,Loyal,2023-03-20
677,Madison Hall,Female,62,Pretoria,South Africa,-25.715222,28.261472,Occasional,2022-06-23
678,Caleb Robertson,Male,34,Pretoria,South Africa,-25.778280,28.226946,Dormant,2024-12-03
679,Sophia Thompson,Female,27,Nelspruit,South Africa,-25.450359,30.980441,New Customer,2021-07-22
680,Ella Walker,Female,37,London,UK,51.524549,-0.083093,Loyal,2022-08-13
681,Jacob Martin,Male,33,Canberra,Australia,-35.287691,149.100033,Dormant,2023-02-12
682,Fatima Sithole,Female,27,San Jose,USA,37.312605,-121.882162,Loyal,2021-06-12
683,Connor Evans,Male,28,Bristol,UK,51.444010,-2.574821,Loyal,2023-10-20
684,Alexander Taylor,Male,45,East London,South Africa,-33.004273,27.903625,Champion,2024-02-14
685,Tyler Walker,Male,33,Durban,South Africa,-29.811545,31.045294,Champion,2022-11-09
686,Lindiwe Smith,Female,41,Phoenix,USA,33.444010,-112.033278,Occasional,2021-02-19
687,Phindile Jones,Female,51,Sandton,South Africa,-26.119962,28.061451,Occasional,2024-09-27
688,Musa Zulu,Male,35,Rustenburg,South Africa,-25.630406,27.251024,Loyal,2021-11-28
689,Ella Majola,Female,19,Calgary,Canada,51.086374,-114.115815,Occasional,2022-09-03
690,Nobuhle Khumalo,Female,54,Birmingham,UK,52.491312,-1.842749,High Value,2023-01-14
691,Sibusiso Garcia,Male,65,Darwin,Australia,-12.484060,130.895429,New Customer,2021-07-23
692,Lucas Green,Male,47,Cape Town,South Africa,-33.951138,18.406691,Occasional,2021-03-15
693,Hannah MacKenzie,Female,27,Nottingham,UK,52.915717,-1.176445,High Value,2024-02-21
694,Nokukhanya Moore,Female,34,Gold Coast,Australia,-27.975936,153.413732,Occasional,2022-03-10
695,Busisiwe Pillay,Female,58,Darwin,Australia,-12.421501,130.864026,New Customer,2024-04-13
696,Grace Baker,Female,47,Manchester,UK,53.530661,-2.209728,High Value,2022-12-13
697,Phindile Williams,Female,35,Belfast,UK,54.604732,-5.924725,High Value,2024-03-21
698,Marcus Hughes,Male,60,Pietermaritzburg,South Africa,-29.642888,30.335922,Champion,2023-05-11
699,Mason Molefe,Male,44,Glasgow,UK,55.830637,-4.205052,Loyal,2022-07-22
700,Musa Murray,Male,29,Canberra,Australia,-35.246909,149.175514,At Risk,2022-03-11
701,Jack Evans,Male,39,San Antonio,USA,29.421491,-98.508839,Dormant,2021-02-09
702,Siyanda Molefe,Male,56,Calgary,Canada,51.013655,-114.032964,High Value,2021-04-16
703,Jordan Majola,Male,57,Belfast,UK,54.554635,-5.904416,High Value,2023-10-25
704,Neha Dlamini,Female,22,Chicago,USA,41.875982,-87.646826,Loyal,2021-04-19
705,Ryan Anderson,Male,29,East London,South Africa,-33.052204,27.881456,Dormant,2022-02-03
706,Aisha Garcia,Female,34,Darwin,Australia,-12.449221,130.795873,High Value,2022-04-10
707,Priya Anderson,Female,38,Nelspruit,South Africa,-25.440754,30.968294,Loyal,2024-07-25
708,Zoe Jones,Female,34,Newcastle,UK,54.988614,-1.594705,Champion,2023-04-15
709,Khanyisile Thomson,Female,62,Glasgow,UK,55.822112,-4.268911,New Customer,2021-11-27
710,Fatima Thomas,Female,38,Atlanta,USA,33.758651,-84.425618,New Customer,2024-03-22
711,Noah Wood,Male,26,Polokwane,South Africa,-23.936207,29.513623,High Value,2024-06-04
712,Musa Davis,Male,62,Sheffield,UK,53.380259,-1.459799,High Value,2022-04-25
713,Ethan Kunene,Male,31,Chicago,USA,41.895319,-87.634441,High Value,2024-03-18
714,Henry Mthembu,Male,47,Canberra,Australia,-35.322744,149.094037,Occasional,2024-09-10
715,Vikram Carter,Male,52,Quebec City,Canada,46.791909,-71.182143,Loyal,2024-09-25
716,Jacob MacDonald,Male,19,Toronto,Canada,43.663963,-79.361369,Loyal,2021-05-12
717,Nokukhanya Nkosi,Female,61,Hobart,Australia,-42.876680,147.366326,Occasional,2024-12-09
718,Jackson Walker,Male,30,Nottingham,UK,52.927113,-1.139485,High Value,2022-03-18
719,Charlotte Mkhize,Female,42,Kimberley,South Africa,-28.738561,24.772903,At Risk,2021-04-21
720,Ella Moore,Female,55,Cardiff,UK,51.442421,-3.225875,Loyal,2024-06-06
721,Arjun Reddy,Male,55,Phoenix,USA,33.457550,-112.059509,New Customer,2022-01-12
722,James Dlamini,Male,54,Sandton,South Africa,-26.139921,28.034940,High Value,2023-03-21
723,Bongani Masondo,Male,22,Bloemfontein,South Africa,-29.045078,26.168869,Dormant,2023-10-12
724,Lungelo Hlongwane,Male,53,Quebec City,Canada,46.764419,-71.166937,New Customer,2024-02-24
725,Phindile Zwane,Female,59,Houston,USA,29.786192,-95.375798,Loyal,2023-08-13
726,Karabo Davis,Male,63,Soweto,South Africa,-26.226739,27.903470,Occasional,2024-08-20
727,Henry Mnguni,Male,26,Melbourne,Australia,-37.819358,144.976467,Dormant,2021-11-13
728,Dylan Williams,Male,27,Kimberley,South Africa,-28.679685,24.726912,New Customer,2024-10-18
729,Elijah Mokoena,Male,48,Sydney,Australia,-33.867762,151.195025,Champion,2024-03-06
730,Oliver Davis,Male,22,Vancouver,Canada,49.331410,-123.094510,Champion,2021-09-23
731,Emily Price,Female,43,Newcastle,UK,54.976457,-1.575585,At Risk,2022-06-06
732,Ravi Evans,Male,61,Austin,USA,30.263322,-97.733689,At Risk,2021-01-21
733,Lucas Pillay,Male,57,Pietermaritzburg,South Africa,-29.638336,30.342443,At Risk,2022-08-06
734,Nokwanda Adams,Female,57,Hobart,Australia,-42.905356,147.349299,Loyal,2023-07-18
735,Oliver Hall,Male,20,Nottingham,UK,52.966218,-1.119562,New Customer,2023-05-16
736,Emily Roberts,Female,37,Nelspruit,South Africa,-25.435994,30.955380,Occasional,2023-09-20
737,Bongiwe Patel,Female,65,Calgary,Canada,51.075433,-114.064384,Occasional,2022-07-02
738,Lesedi Jones,Male,20,Rustenburg,South Africa,-25.683099,27.250472,Occasional,2021-08-06
739,Noah Sithole,Male,40,Denver,USA,39.710306,-104.979082,Dormant,2022-08-23
740,Nokwanda Davis,Female,52,Denver,USA,39.741420,-105.022235,At Risk,2024-05-14
741,Ryan Thompson,Male,46,Bloemfontein,South Africa,-29.070818,26.168691,Dormant,2023-02-19
742,Bongiwe Lewis,Female,37,Cape Town,South Africa,-33.942124,18.438311,New Customer,2022-01-20
743,Ryan Wilson,Male,26,Johannesburg,South Africa,-26.245209,28.033911,At Risk,2021-06-12
744,Daniel Jackson,Male,47,Nottingham,UK,52.992550,-1.159045,Dormant,2022-09-15
745,Alexander Phillips,Male,51,Edmonton,Canada,53.515769,-113.520212,Champion,2021-02-27
746,Phindile Scott,Female,63,Austin,USA,30.274728,-97.752656,New Customer,2022-01-25
747,Arjun Cele,Male,23,London,UK,51.489949,-0.115074,High Value,2021-02-09
748,Harper Baker,Female,59,Toronto,Canada,43.619167,-79.344258,New Customer,2024-06-05
749,Thandeka Mitchell,Female,28,Houston,USA,29.731215,-95.389369,Champion,2024-01-09
750,Liam Wood,Male,39,East London,South Africa,-33.054904,27.880268,Loyal,2023-01-12
751,Marcus Robertson,Male,49,Denver,USA,39.755444,-105.027320,New Customer,2021-03-03
752,Jacob Murray,Male,59,Toronto,Canada,43.685024,-79.430251,New Customer,2022-01-22
753,George Martin,Male,29,Bloemfontein,South Africa,-29.118105,26.132112,New Customer,2021-05-24
754,Ntombifuthi MacDonald,Female,43,Denver,USA,39.774470,-104.944185,Dormant,2023-02-12
755,Bongiwe Walker,Female,27,Ottawa,Canada,45.371762,-75.700958,Champion,2024-03-05
756,Emma Taylor,Female,58,Leeds,UK,53.827286,-1.549738,Dormant,2023-12-16
757,Destiny Wood,Female,31,Winnipeg,Canada,49.924392,-97.112058,At Risk,2022-03-08
758,Benjamin Khan,Male,51,Adelaide,Australia,-34.907556,138.565840,Champion,2023-05-17
759,Ethan Murray,Male,38,Winnipeg,Canada,49.906814,-97.103880,Occasional,2024-11-27
760,Ava Patel,Female,18,Winnipeg,Canada,49.891980,-97.128991,Occasional,2023-02-02
761,Caleb Roberts,Male,45,San Diego,USA,32.670875,-117.146904,At Risk,2024-06-05
762,Mandla Walker,Male,28,Coventry,UK,52.376082,-1.516292,New Customer,2021-11-09
763,Nokwanda Hughes,Female,26,Leeds,UK,53.801833,-1.524128,At Risk,2024-05-22
764,Lauren Evans,Female,42,Montreal,Canada,45.530010,-73.542776,Champion,2024-03-24
765,Jacob Khan,Male,40,Johannesburg,South Africa,-26.216038,28.033523,Occasional,2023-10-24
766,Sandile Smith,Male,65,Gold Coast,Australia,-28.050078,153.383944,At Risk,2023-06-10
767,Ella Nkosi,Female,27,Port Elizabeth,South Africa,-33.960020,25.598164,Occasional,2023-03-26
768,Arjun Phillips,Male,25,Philadelphia,USA,39.911243,-75.165130,Occasional,2021-07-20
769,Palesa Evans,Female,50,Manchester,UK,53.515697,-2.196107,At Risk,2023-09-04
770,Isabella Robertson,Female,48,San Antonio,USA,29.400860,-98.531809,Dormant,2022-12-19
771,Isabella Brown,Female,38,Sandton,South Africa,-26.125309,28.036453,High Value,2023-02-16
772,Grace Khan,Female,20,Port Elizabeth,South Africa,-33.913588,25.564475,Dormant,2021-03-14
773,Nandi Hall,Female,45,Winnipeg,Canada,49.936018,-97.113839,Champion,2023-02-20
774,Neha Anderson,Female,51,Port Elizabeth,South Africa,-33.968170,25.558760,Loyal,2023-01-09
775,Emma Ntuli,Female,62,Sydney,Australia,-33.880920,151.240584,Loyal,2023-11-23
776,Harry Ntuli,Male,32,Polokwane,South Africa,-23.880545,29.442766,At Risk,2022-09-19
777,Nandi Govender,Female,52,Port Elizabeth,South Africa,-33.955346,25.571633,High Value,2023-01-01
778,Ella Govender,Female,36,East London,South Africa,-33.061085,27.866732,High Value,2021-10-23
779,Palesa Harris,Female,64,Sandton,South Africa,-26.089116,28.011785,Dormant,2024-12-02
780,Harper Jones,Female,30,Manchester,UK,53.480448,-2.217488,Dormant,2023-05-27
781,Lucas Phillips,Male,56,Port Elizabeth,South Africa,-33.936331,25.626622,New Customer,2021-04-09
782,Vikram Davis,Male,52,Los Angeles,USA,34.083095,-118.283898,Occasional,2022-09-18
783,Amanda Mkhize,Female,54,Johannesburg,South Africa,-26.185015,28.017540,Dormant,2024-02-13
784,Aiden Evans,Male,35,East London,South Africa,-33.059341,27.935233,New Customer,2022-05-14
785,Marcus Hlongwane,Male,18,Los Angeles,USA,34.022748,-118.227615,High Value,2023-08-11
786,Amelia Roberts,Female,18,Soweto,South Africa,-26.219463,27.835089,Occasional,2021-10-10
787,Mason Green,Male,19,Canberra,Australia,-35.246807,149.163704,Dormant,2023-01-15
788,Harry Perez,Male,42,Los Angeles,USA,34.061007,-118.255283,High Value,2021-02-07
789,Nandi Miller,Female,60,Philadelphia,USA,39.944858,-75.140674,High Value,2022-12-15
790,Nora Ndlovu,Female,22,Pretoria,South Africa,-25.749902,28.262590,At Risk,2022-01-09
791,Ntombifuthi Johnson,Female,43,Toronto,Canada,43.637562,-79.364701,Loyal,2022-04-16
792,Olivia Khumalo,Female,48,Darwin,Australia,-12.429150,130.862107,Occasional,2024-04-02
793,Amanda Smith,Female,54,Cairns,Australia,-16.886833,145.815491,Dormant,2024-07-24
794,Carter Johnson,Male,56,New York,USA,40.673193,-74.024203,New Customer,2022-03-26
795,Amanda Sithole,Female,48,Kimberley,South Africa,-28.732868,24.703027,Dormant,2021-05-17
796,Jacob Zulu,Male,36,Nottingham,UK,52.937537,-1.147399,High Value,2022-01-10
797,Charlotte Thomas,Female,55,Sydney,Australia,-33.862219,151.204265,At Risk,2022-08-06
798,Sophia Phillips,Female,54,Denver,USA,39.734718,-105.007354,Loyal,2024-03-23
799,Lauren Johnson,Female,31,Darwin,Australia,-12.511385,130.849591,Occasional,2023-07-10
800,Jayden Smith,Male,34,Darwin,Australia,-12.419476,130.800176,Occasional,2024-11-01
801,Samantha Naidoo,Female,56,Bristol,UK,51.429576,-2.571044,Dormant,2021-03-25
802,Connor Mkhize,Male,38,Bristol,UK,51.436846,-2.587932,Champion,2023-06-07
803,Ntombifuthi Murray,Female,28,Durban,South Africa,-29.836594,31.051896,At Risk,2022-10-23
804,Vikram Khumalo,Male,57,Brisbane,Australia,-27.425477,153.037010,Dormant,2022-12-22
805,Khanyisile Price,Female,39,Benoni,South Africa,-26.171284,28.298548,Champion,2023-06-17
806,Noah Evans,Male,31,Sheffield,UK,53.340742,-1.491091,Loyal,2023-12-04
807,Isabella Reddy,Female,33,Bristol,UK,51.409490,-2.611440,High Value,2022-09-05
808,Ava Clarke,Female,26,Phoenix,USA,33.493061,-112.057961,At Risk,2023-09-25
809,Abigail Zwane,Female,51,Belfast,UK,54.594567,-5.958098,Champion,2023-05-02
810,Connor Harris,Male,22,Manchester,UK,53.523758,-2.239313,Champion,2024-09-07
811,George Price,Male,41,San Jose,USA,37.344693,-121.891134,Loyal,2024-06-24
812,Arjun Walker,Male,18,Soweto,South Africa,-26.243816,27.857080,New Customer,2024-07-17
813,Aria Taylor,Female,52,Rustenburg,South Africa,-25.703350,27.232232,Occasional,2023-07-20
814,Lungelo Brown,Male,59,Vancouver,Canada,49.297598,-123.119982,Occasional,2022-03-24
815,Madison Walker,Female,32,Benoni,South Africa,-26.144772,28.295163,Dormant,2022-12-12
816,Hazel Wood,Female,55,San Diego,USA,32.751536,-117.145612,High Value,2021-08-02
817,Henry Nelson,Male,30,Sydney,Australia,-33.892707,151.179441,New Customer,2021-07-18
818,Kayla Ngcobo,Female,31,Cairns,Australia,-16.939015,145.764980,Loyal,2023-08-13
819,Tyler Turner,Male,28,Liverpool,UK,53.414148,-3.032398,Dormant,2021-02-26
820,Nokukhanya Miller,Female,39,Cardiff,UK,51.489107,-3.181827,Dormant,2021-04-08
821,Destiny Turner,Female,46,Johannesburg,South Africa,-26.176920,28.090014,Loyal,2023-02-26
822,Busisiwe Martin,Female,37,Montreal,Canada,45.529171,-73.528819,Occasional,2022-07-01
823,Nokukhanya Lewis,Female,30,Brisbane,Australia,-27.448863,152.990776,Dormant,2023-05-24
824,Lungelo Brown,Male,56,Dallas,USA,32.767117,-96.818150,Loyal,2022-08-17
825,Samantha Singh,Female,53,Denver,USA,39.722786,-104.981805,Occasional,2024-08-21
826,Kayla Mthembu,Female,19,East London,South Africa,-33.013338,27.896693,New Customer,2022-07-07
827,Nandi Green,Female,30,Nelspruit,South Africa,-25.512850,31.002462,Champion,2021-07-02
828,Liam Vilakazi,Male,31,Bloemfontein,South Africa,-29.110042,26.204400,Occasional,2022-02-22
829,Isabella Smith,Female,23,San Diego,USA,32.675096,-117.156553,At Risk,2024-11-10
830,Henry Dlamini,Male,45,Cardiff,UK,51.469631,-3.201681,High Value,2021-06-06
831,Owen Thompson,Male,24,Leeds,UK,53.792341,-1.513584,Champion,2022-09-15
832,Ava Taylor,Female,46,Dallas,USA,32.794493,-96.827525,High Value,2023-01-02
833,Ashley Vilakazi,Female,32,Hobart,Australia,-42.843662,147.296768,Loyal,2023-11-11
834,Nandi Martinez,Female,64,Adelaide,Australia,-34.937698,138.595008,Occasional,2021-07-13
835,Nokukhanya Miller,Female,48,Bristol,UK,51.420052,-2.578606,Loyal,2023-01-20
836,Kabelo Davis,Male,29,Leicester,UK,52.595466,-1.145743,Occasional,2023-04-09
837,Jordan Brown,Male,34,Glasgow,UK,55.833988,-4.215140,New Customer,2024-03-22
838,Daniel Majola,Male,58,Hobart,Australia,-42.848599,147.285970,High Value,2024-04-26
839,Tebogo Khumalo,Male,64,Seattle,USA,47.572742,-122.345437,Loyal,2024-05-09
840,Owen Jones,Male,38,Glasgow,UK,55.905502,-4.285847,New Customer,2023-11-22
841,Lindiwe Cele,Female,58,Winnipeg,Canada,49.918975,-97.184523,High Value,2023-05-22
842,Tyler Wood,Male,48,Nelspruit,South Africa,-25.492472,31.019865,At Risk,2021-06-01
843,Lily Wilson,Female,22,San Diego,USA,32.675188,-117.161977,Champion,2023-10-16
844,Carter Hlongwane,Male,50,Nelspruit,South Africa,-25.432541,30.942423,At Risk,2024-05-26
845,Sandile Taylor,Male,20,Coventry,UK,52.397243,-1.569140,Occasional,2024-05-13
846,Ryan Nkosi,Male,20,Los Angeles,USA,34.084324,-118.225873,New Customer,2023-07-09
847,Abigail Govender,Female,50,Soweto,South Africa,-26.296694,27.852967,High Value,2024-04-15
848,Elijah Williams,Male,49,Nelspruit,South Africa,-25.516229,31.009103,Dormant,2024-01-22
849,Nora Kunene,Female,58,Polokwane,South Africa,-23.920420,29.480642,Dormant,2024-01-20
850,Sibusiso MacDonald,Male,50,Benoni,South Africa,-26.205030,28.328246,High Value,2024-10-24
851,Isabella Moore,Female,65,Bloemfontein,South Africa,-29.109249,26.113951,Dormant,2022-05-26
852,William Davies,Male,44,Sandton,South Africa,-26.082263,28.054215,Loyal,2023-05-28
853,Dylan Thompson,Male,56,Pietermaritzburg,South Africa,-29.572801,30.427126,High Value,2023-12-07
854,Lucas Patel,Male,32,Newcastle,UK,54.990956,-1.602180,High Value,2024-04-18
855,Nokwanda Martin,Female,43,Hamilton,Canada,43.270679,-79.835737,Loyal,2022-06-16
856,Jackson Khumalo,Male,65,San Jose,USA,37.324212,-121.923026,High Value,2023-01-04
857,Harper Hughes,Female,33,Sheffield,UK,53.420154,-1.454729,High Value,2021-09-05
858,Zoe Thomson,Female,43,Kimberley,South Africa,-28.754147,24.799597,Loyal,2021-02-09
859,William Lewis,Male,64,Sheffield,UK,53.371698,-1.441389,Occasional,2022-05-24
860,Nobuhle Wilson,Female,28,Newcastle,UK,55.018098,-1.610723,New Customer,2024-01-05
861,Bongani Scott,Male,28,Polokwane,South Africa,-23.894472,29.483900,At Risk,2022-01-27
862,Harper Jones,Female,19,Chicago,USA,41.880514,-87.663437,At Risk,2021-06-27
863,James Hlongwane,Male,51,Seattle,USA,47.633897,-122.350287,Loyal,2021-11-10
864,Emily Davis,Female,48,Edmonton,Canada,53.595736,-113.460971,Champion,2023-06-24
865,Luna Roberts,Female,20,Kimberley,South Africa,-28.757395,24.754921,High Value,2023-01-05
866,Khanyisile Carter,Female,56,Austin,USA,30.261300,-97.723432,Champion,2024-07-02
867,Alexander Fraser,Male,63,Cape Town,South Africa,-33.882705,18.474086,Occasional,2024-09-26
868,Phindile Ngcobo,Female,46,Coventry,UK,52.366013,-1.511704,At Risk,2024-03-02
869,Aria Lewis,Female,39,Cape Town,South Africa,-33.894529,18.432235,Occasional,2023-04-08
870,Samantha Roberts,Female,64,Benoni,South Africa,-26.222487,28.357494,At Risk,2023-01-17
871,Ayanda Smith,Female,53,Cardiff,UK,51.450342,-3.179238,Occasional,2021-06-28
872,Emma Murphy,Female,48,Pietermaritzburg,South Africa,-29.610172,30.354162,Champion,2022-09-05
873,Phindile MacDonald,Female,45,Cairns,Australia,-16.890759,145.797409,New Customer,2023-11-10
874,Daniel Khumalo,Male,54,Melbourne,Australia,-37.858393,145.007111,Dormant,2021-07-01
875,Phindile Govender,Female,54,Chicago,USA,41.895947,-87.656316,High Value,2021-08-09
876,Neha Nelson,Female,36,San Jose,USA,37.382592,-121.880506,Dormant,2024-03-05
877,Thandeka Stewart,Female,48,Phoenix,USA,33.443733,-112.114585,Loyal,2024-01-08
878,Ethan Harris,Male,52,Belfast,UK,54.586705,-5.911155,New Customer,2021-02-13
879,Harry Smith,Male,37,New York,USA,40.692465,-74.029234,Dormant,2021-06-19
880,Mandla MacDonald,Male,42,Pietermaritzburg,South Africa,-29.586402,30.347389,Champion,2024-10-28
881,Kabelo Mnguni,Male,19,Seattle,USA,47.568047,-122.358813,Occasional,2023-02-08
882,Sofia Taylor,Female,33,Chicago,USA,41.905773,-87.631425,New Customer,2022-04-27
883,Bongiwe Robinson,Female,64,Port Elizabeth,South Africa,-34.008415,25.605175,High Value,2022-07-26
884,Fatima Taylor,Female,58,Sheffield,UK,53.378638,-1.515383,Loyal,2022-02-02
885,Lucas Anderson,Male,57,Adelaide,Australia,-34.881316,138.648001,Occasional,2022-01-08
886,Charlotte Evans,Female,50,Bristol,UK,51.486563,-2.572321,At Risk,2023-11-20
887,Liam Cele,Male,59,Miami,USA,25.758692,-80.217040,Champion,2021-12-07
888,Amelia Thomas,Female,60,Canberra,Australia,-35.316676,149.125857,High Value,2022-09-15
889,Harper Ngcobo,Female,40,Melbourne,Australia,-37.771750,144.928629,Dormant,2023-09-09
890,Sipho Masondo,Male,19,Miami,USA,25.722809,-80.209406,At Risk,2023-03-25
891,Samantha Anderson,Female,26,Leeds,UK,53.829855,-1.530230,High Value,2024-02-07
892,Ella Reddy,Female,60,Newcastle,UK,54.980090,-1.595547,Champion,2024-09-20
893,Abigail Brown,Female,51,Polokwane,South Africa,-23.884291,29.428863,Loyal,2021-11-10
894,Samuel Clarke,Male,53,Dallas,USA,32.778277,-96.798976,Champion,2021-09-16
895,Brianna Mokoena,Female,61,Port Elizabeth,South Africa,-33.999924,25.624966,Occasional,2023-04-14
896,Ethan Martinez,Male,62,Miami,USA,25.729572,-80.183857,High Value,2021-08-14
897,Sophia Zulu,Female,21,Atlanta,USA,33.785797,-84.371429,Dormant,2021-02-02
898,Elijah Davies,Male,40,Perth,Australia,-31.995348,115.854088,Champion,2022-01-08
899,Sibongile Evans,Female,24,Liverpool,UK,53.374470,-2.982860,Champion,2023-08-14
900,Ayanda Vilakazi,Female,50,Port Elizabeth,South Africa,-33.974960,25.595902,At Risk,2024-11-27
901,Daniel Buthelezi,Male,62,Glasgow,UK,55.831522,-4.205821,Dormant,2021-08-16
902,Samantha Evans,Female,27,Canberra,Australia,-35.253486,149.138352,New Customer,2023-10-17
903,Sofia MacKenzie,Female,49,Johannesburg,South Africa,-26.251345,28.093230,Occasional,2021-03-20
904,Ravi Perez,Male,27,Port Elizabeth,South Africa,-33.997960,25.601363,Dormant,2022-02-07
905,Lachlan Phillips,Male,28,Polokwane,South Africa,-23.876295,29.474570,Occasional,2024-10-11
906,Olivia Taylor,Female,48,Dallas,USA,32.789294,-96.821337,Dormant,2024-10-02
907,Emma Carter,Female,35,Philadelphia,USA,39.978473,-75.153461,New Customer,2024-04-26
908,Ashley Singh,Female,23,New York,USA,40.725139,-73.965811,Dormant,2022-04-13
909,Daniel Stewart,Male,44,Belfast,UK,54.566612,-5.881911,Dormant,2022-01-16
910,Leo Thompson,Male,54,Newcastle,UK,54.976715,-1.578203,Occasional,2022-12-14
911,Mohammed MacKenzie,Male,52,Los Angeles,USA,34.082338,-118.212958,High Value,2024-06-11
912,Jayden Mnguni,Male,64,Cairns,Australia,-16.938262,145.746466,Champion,2021-06-04
913,Nathan Khumalo,Male,29,Port Elizabeth,South Africa,-33.973044,25.562075,At Risk,2022-06-24
914,Oliver Thomas,Male,29,Soweto,South Africa,-26.279919,27.858800,Champion,2024-09-11
915,Liam Price,Male,22,Birmingham,UK,52.486225,-1.933898,High Value,2022-11-17
916,Thabo Singh,Male,65,East London,South Africa,-32.996486,27.911051,New Customer,2021-11-26
917,Nandi Evans,Female,26,Winnipeg,Canada,49.937282,-97.180611,New Customer,2023-02-08
918,Mia Mthembu,Female,33,Port Elizabeth,South Africa,-34.007390,25.624173,Dormant,2024-04-12
919,Bongiwe Buthelezi,Female,59,Vancouver,Canada,49.276438,-123.147106,At Risk,2024-03-09
920,Liam Hall,Male,18,Darwin,Australia,-12.460996,130.876991,Champion,2022-08-06
921,Owen Buthelezi,Male,52,San Jose,USA,37.387942,-121.857220,Dormant,2023-03-18
922,Lindiwe Martinez,Female,61,New York,USA,40.698739,-73.970585,At Risk,2023-06-04
923,Destiny Roberts,Female,59,Rustenburg,South Africa,-25.637346,27.254799,Champion,2023-05-27
924,Emily Stewart,Female,62,Kimberley,South Africa,-28.747631,24.762123,At Risk,2022-02-20
925,Ravi Hlongwane,Male,23,Calgary,Canada,51.003975,-114.115562,At Risk,2021-07-19
926,Nora Walker,Female,49,Edmonton,Canada,53.564287,-113.463214,New Customer,2023-10-21
927,Nathan Majola,Male,31,Rustenburg,South Africa,-25.655367,27.230445,Occasional,2023-04-09
928,William Govender,Male,35,Birmingham,UK,52.458563,-1.852434,Champion,2022-08-19
929,Nokwanda MacKenzie,Female,37,Johannesburg,South Africa,-26.227827,28.030664,New Customer,2023-10-04
930,George Mitchell,Male,40,Canberra,Australia,-35.264546,149.169219,Occasional,2023-07-24
931,Thabo Moore,Male,38,Canberra,Australia,-35.273360,149.134049,Loyal,2022-08-22
932,Aisha Hughes,Female,61,Winnipeg,Canada,49.928885,-97.143217,Occasional,2021-07-23
933,Benjamin Campbell,Male,26,Halifax,Canada,44.684018,-63.614349,Occasional,2023-06-20
934,Chloe Walker,Female,64,Winnipeg,Canada,49.895950,-97.091043,New Customer,2021-07-28
935,Destiny Lewis,Female,39,Hamilton,Canada,43.215726,-79.842063,Occasional,2021-08-02
936,Alexander Murray,Male,54,Nelspruit,South Africa,-25.449419,30.989407,Champion,2022-10-16
937,Charlotte Cele,Female,58,Edinburgh,UK,55.929129,-3.181249,Occasional,2024-01-16
938,George Mthembu,Male,57,Hamilton,Canada,43.247209,-79.861678,Occasional,2021-03-09
939,Kayla Thomas,Female,45,Newcastle,UK,55.006272,-1.652067,Loyal,2022-12-26
940,Zanele Brown,Female,27,Houston,USA,29.801566,-95.330575,Dormant,2024-10-25
941,George Adams,Male,43,Sandton,South Africa,-26.086417,28.088564,High Value,2021-08-14
942,Lucas Naidoo,Male,65,Leicester,UK,52.639311,-1.119162,Dormant,2023-09-20
943,Lerato Campbell,Female,35,Miami,USA,25.754196,-80.183537,Dormant,2022-09-17
944,Ella Davies,Female,26,Austin,USA,30.265319,-97.742311,New Customer,2022-11-23
945,Samuel Roberts,Male,33,New York,USA,40.761762,-74.043654,Loyal,2021-05-24
946,Hannah Taylor,Female,30,Philadelphia,USA,39.931660,-75.182419,At Risk,2021-05-07
947,Nokwanda Green,Female,52,Nelspruit,South Africa,-25.460334,31.005221,At Risk,2023-12-07
948,Madison Walker,Female,51,Gold Coast,Australia,-28.029299,153.421944,High Value,2021-02-23
949,Jackson Lewis,Male,22,San Antonio,USA,29.413065,-98.445375,Occasional,2023-07-11
950,Zanele Smith,Female,30,Ottawa,Canada,45.413839,-75.719229,Champion,2021-11-12
951,Liam Ntuli,Male,54,Sandton,South Africa,-26.116152,28.087916,Loyal,2022-03-05
952,Nobuhle Evans,Female,35,Glasgow,UK,55.869178,-4.213790,Champion,2021-03-17
953,Evelyn Molefe,Female,62,Sheffield,UK,53.424981,-1.506776,New Customer,2024-05-21
954,Aria Thomson,Female,35,Houston,USA,29.736996,-95.408194,Occasional,2021-08-21
955,Madison Murray,Female,59,Johannesburg,South Africa,-26.159242,28.086037,Loyal,2021-01-06
956,Victoria Evans,Female,33,Phoenix,USA,33.416655,-112.027168,At Risk,2021-09-07
957,Hannah Stewart,Female,18,Durban,South Africa,-29.878279,31.041794,New Customer,2022-01-14
958,Fatima Hall,Female,20,Cairns,Australia,-16.940876,145.796711,High Value,2023-04-27
959,Sandile Mnguni,Male,35,New York,USA,40.714835,-74.046791,Dormant,2022-01-03
960,Mia Phillips,Female,21,Kimberley,South Africa,-28.778051,24.746674,Champion,2024-09-04
961,Destiny Majola,Female,35,Gold Coast,Australia,-27.977598,153.369787,Occasional,2024-08-20
962,Madison Mitchell,Female,21,Houston,USA,29.766524,-95.325410,Champion,2022-01-24
963,William Adams,Male,29,Phoenix,USA,33.468829,-112.074257,Dormant,2023-03-15
964,Amelia White,Female,47,Melbourne,Australia,-37.783607,144.928978,Loyal,2024-01-10
965,Nora Ndlovu,Female,50,Denver,USA,39.706917,-104.974552,High Value,2024-11-11
966,William Davies,Male,29,Austin,USA,30.257176,-97.706235,New Customer,2021-07-27
967,Isabella Turner,Female,18,Soweto,South Africa,-26.229499,27.892783,Loyal,2021-10-01
968,Luna Pillay,Female,25,Winnipeg,Canada,49.866885,-97.184017,At Risk,2021-12-21
969,Aisha Vilakazi,Female,57,Seattle,USA,47.563053,-122.309630,Loyal,2021-09-21
970,Lachlan Hlongwane,Male,61,Benoni,South Africa,-26.140381,28.347568,High Value,2022-02-07
971,Jordan Martinez,Male,42,Nelspruit,South Africa,-25.441498,30.933430,New Customer,2024-07-06
972,Siyanda Molefe,Male,23,Vancouver,Canada,49.288606,-123.129371,High Value,2021-10-16
973,Chloe Clarke,Female,58,Darwin,Australia,-12.506394,130.851352,Dormant,2021-09-26
974,Abigail Hughes,Female,60,Nelspruit,South Africa,-25.517244,30.922292,New Customer,2024-01-03
975,Sibusiso Green,Male,40,Los Angeles,USA,34.007716,-118.273351,Dormant,2021-10-05
976,Sibongile Garcia,Female,21,Nottingham,UK,52.908740,-1.183063,Loyal,2021-08-23
977,Grace Mahlangu,Female,63,Newcastle,UK,54.958116,-1.662636,Occasional,2022-07-11
978,Palesa Robinson,Female,38,Denver,USA,39.711782,-104.957803,High Value,2023-07-09
979,James Zulu,Male,54,Bristol,UK,51.447218,-2.590481,New Customer,2021-12-10
980,Lauren Khumalo,Female,42,East London,South Africa,-32.997567,27.956074,At Risk,2021-07-14
981,Jackson Jones,Male,20,Benoni,South Africa,-26.201086,28.368426,At Risk,2021-02-23
982,Musa Thomson,Male,20,Cape Town,South Africa,-33.940711,18.415329,New Customer,2024-08-17
983,Amelia Williams,Female,18,Sandton,South Africa,-26.108148,28.014585,High Value,2021-10-21
984,Noah Zulu,Male,52,Perth,Australia,-31.919135,115.894192,Occasional,2021-10-17
985,Nomsa Clarke,Female,30,Phoenix,USA,33.493180,-112.072605,Occasional,2022-10-03
986,Benjamin Davis,Male,34,Denver,USA,39.783700,-104.971903,Occasional,2023-10-15
987,Liam Nelson,Male,32,Cairns,Australia,-16.907879,145.812346,Occasional,2022-02-20
988,Grace Fraser,Female,47,Glasgow,UK,55.860235,-4.277992,Champion,2023-01-08
989,Lungelo Nelson,Male,56,Dallas,USA,32.759970,-96.831757,New Customer,2021-06-08
990,Zoe Price,Female,54,Newcastle,UK,54.970177,-1.629740,Loyal,2024-07-28
991,Aria Thomson,Female,45,Sandton,South Africa,-26.131833,28.088860,High Value,2023-08-06
992,Abigail Walker,Female,62,Glasgow,UK,55.912428,-4.288718,At Risk,2021-01-23
993,Sibusiso Pillay,Male,21,Austin,USA,30.226713,-97.770813,Loyal,2023-08-08
994,Nathan Brown,Male,60,Ottawa,Canada,45.470473,-75.657645,At Risk,2022-03-09
995,Busisiwe Smith,Female,63,Atlanta,USA,33.761827,-84.361489,Occasional,2023-07-06
996,Lauren Davies,Female,55,Austin,USA,30.308425,-97.780072,Champion,2021-05-12
997,Ayanda Khumalo,Female,36,Hamilton,Canada,43.285913,-79.826171,Occasional,2021-11-08
998,Bongani Davis,Male,48,Canberra,Australia,-35.279379,149.115374,At Risk,2023-02-03
999,Dylan Walker,Male,52,Miami,USA,25.745840,-80.141892,New Customer,2023-01-26
1000,Sipho Kunene,Male,39,Soweto,South Africa,-26.306610,27.894647,High Value,2021-05-09
1001,Priya Evans,Female,31,Canberra,Australia,-35.280486,149.172248,Occasional,2021-09-12
1002,Ella Walker,Female,26,Ottawa,Canada,45.404704,-75.656176,New Customer,2021-09-15
1003,Cooper Shabalala,Male,31,Atlanta,USA,33.789220,-84.373832,Occasional,2022-11-21
1004,Harry Mkhize,Male,32,Nelspruit,South Africa,-25.500600,30.971478,New Customer,2024-05-04
1005,Mandla Shabalala,Male,50,Canberra,Australia,-35.266128,149.127647,Champion,2023-01-21
1006,Destiny Brown,Female,36,Polokwane,South Africa,-23.873088,29.443762,New Customer,2022-03-10
1007,Lily MacDonald,Female,59,Seattle,USA,47.588973,-122.289693,Champion,2024-08-18
1008,Dylan Khan,Male,38,Brisbane,Australia,-27.485062,152.978641,Champion,2023-12-28
1009,Sibusiso Smith,Male,46,Quebec City,Canada,46.783009,-71.182136,Occasional,2022-08-18
1010,Karabo Singh,Male,58,Los Angeles,USA,34.064866,-118.228944,New Customer,2024-10-17
1011,Ashley Fraser,Female,20,Calgary,Canada,51.075635,-114.063708,Loyal,2024-12-06
1012,Owen Wilson,Male,42,Sheffield,UK,53.387499,-1.511434,Dormant,2021-09-17
1013,Luna Perez,Female,55,Edinburgh,UK,55.935387,-3.208819,Loyal,2022-04-03
1014,Ethan Anderson,Male,52,San Diego,USA,32.707425,-117.135714,Occasional,2022-07-24
1015,Emma Fraser,Female,51,Gold Coast,Australia,-27.983290,153.397685,Occasional,2024-09-18
1016,Benjamin Phillips,Male,42,Austin,USA,30.250489,-97.694326,At Risk,2024-03-28
1017,Busisiwe Sithole,Female,52,Halifax,Canada,44.694828,-63.551342,Dormant,2022-08-10
1018,Karabo Naidoo,Male,47,Phoenix,USA,33.406556,-112.100292,Dormant,2024-06-23
1019,Caleb Taylor,Male,38,Pietermaritzburg,South Africa,-29.553674,30.341421,Occasional,2024-07-27
1020,Victoria Phillips,Female,40,San Antonio,USA,29.405837,-98.485445,Dormant,2023-09-18
1021,Palesa Davies,Female,58,Phoenix,USA,33.490975,-112.112883,Dormant,2023-04-24
1022,Fatima Buthelezi,Female,28,Edmonton,Canada,53.570430,-113.476344,Occasional,2023-04-04
1023,Harper Roberts,Female,18,Winnipeg,Canada,49.872621,-97.176045,At Risk,2024-11-14
1024,Ayanda Robertson,Female,55,Belfast,UK,54.619840,-5.919842,High Value,2022-02-19
1025,Karabo Wilson,Male,37,San Jose,USA,37.329384,-121.837052,High Value,2024-02-07
1026,Sibongile Moore,Female,56,Polokwane,South Africa,-23.866718,29.429798,Champion,2021-10-15
1027,Evelyn Khan,Female,58,Quebec City,Canada,46.799308,-71.171950,Dormant,2022-10-21
1028,Grace Mokoena,Female,43,Johannesburg,South Africa,-26.157350,28.060984,Occasional,2022-10-21
1029,Harper Khumalo,Female,49,Brisbane,Australia,-27.441658,153.014230,Dormant,2021-04-24
1030,Logan MacDonald,Male,51,Dallas,USA,32.765079,-96.827257,Champion,2024-05-06
1031,Tebogo Scott,Male,35,Pretoria,South Africa,-25.716488,28.182857,High Value,2023-11-14
1032,Ntombifuthi Zwane,Female,23,Melbourne,Australia,-37.769896,144.998083,At Risk,2022-07-15
1033,Olivia Ndlovu,Female,49,Belfast,UK,54.570940,-5.934758,High Value,2022-02-14
1034,Amelia Smith,Female,51,Polokwane,South Africa,-23.879898,29.420006,At Risk,2021-04-02
1035,Ella Taylor,Female,22,Benoni,South Africa,-26.169433,28.363831,High Value,2022-10-05
1036,Samuel Robertson,Male,33,Nottingham,UK,52.905698,-1.130880,Dormant,2023-08-23
1037,Abigail Harris,Female,45,Houston,USA,29.767197,-95.351160,New Customer,2024-01-22
1038,Henry Jones,Male,48,Canberra,Australia,-35.244106,149.160829,At Risk,2022-02-25
1039,Samantha Moore,Female,62,Birmingham,UK,52.469962,-1.869315,Loyal,2023-03-26
1040,Hazel Price,Female,24,London,UK,51.547214,-0.154017,Champion,2022-12-13
1041,Sipho Clarke,Male,26,Vancouver,Canada,49.277579,-123.160470,Champion,2023-11-24
1042,Luna MacKenzie,Female,33,Austin,USA,30.303813,-97.707086,Occasional,2024-07-21
1043,Jacob Zwane,Male,30,Brisbane,Australia,-27.475767,152.981297,Champion,2023-10-14
1044,Jack Zulu,Male,19,Edinburgh,UK,55.980673,-3.147114,Champion,2022-04-19
1045,Charlotte Scott,Female,63,Winnipeg,Canada,49.926436,-97.185223,At Risk,2024-08-10
1046,Aria Anderson,Female,58,Coventry,UK,52.450585,-1.470486,High Value,2024-10-18
1047,William Davies,Male,46,Bristol,UK,51.459792,-2.585072,Champion,2022-12-18
1048,George Lewis,Male,61,Edmonton,Canada,53.595340,-113.534732,At Risk,2024-06-20
1049,Thabo Scott,Male,25,Belfast,UK,54.569190,-5.899743,Dormant,2023-08-13
1050,Noah Reddy,Male,35,Gold Coast,Australia,-28.014534,153.379310,High Value,2021-08-04
1051,Ayanda Perez,Female,59,Seattle,USA,47.647000,-122.357904,Champion,2023-10-07
1052,Ella Anderson,Female,59,Cardiff,UK,51.444711,-3.150741,High Value,2024-01-07
1053,Nhlanhla Thomas,Male,45,Chicago,USA,41.844576,-87.597914,High Value,2021-07-21
1054,Sophia Johnson,Female,56,Austin,USA,30.259106,-97.713911,At Risk,2022-12-04
1055,William Martin,Male,41,Glasgow,UK,55.848274,-4.229132,New Customer,2022-01-06
1056,Victoria MacDonald,Female,58,Hamilton,Canada,43.284799,-79.884625,High Value,2023-01-10
1057,Nomsa Zulu,Female,51,San Diego,USA,32.753863,-117.168249,High Value,2022-12-14
1058,Liam Khumalo,Male,20,Belfast,UK,54.567501,-5.949444,Loyal,2022-09-22
1059,Liam Walker,Male,37,Adelaide,Australia,-34.898834,138.563491,High Value,2021-08-04
1060,Sophia Robinson,Female,21,Liverpool,UK,53.454424,-3.027681,High Value,2022-06-15
1061,Tyler Mnguni,Male,23,Manchester,UK,53.498512,-2.209756,High Value,2023-11-25
1062,Lindiwe MacKenzie,Female,34,New York,USA,40.714324,-74.002300,Dormant,2024-05-16
1063,Lindiwe Roberts,Female,23,Cardiff,UK,51.484118,-3.164107,At Risk,2022-07-03
1064,Lily Williams,Female,32,Leicester,UK,52.679327,-1.103127,Occasional,2022-10-13
1065,Aisha Brown,Female,29,Sheffield,UK,53.423292,-1.482978,High Value,2023-08-25
1066,Charlotte Scott,Female,19,Pietermaritzburg,South Africa,-29.614061,30.387357,Dormant,2024-01-04
1067,Nozipho Nkosi,Female,48,Cardiff,UK,51.492898,-3.144148,New Customer,2021-10-27
1068,Samuel Phillips,Male,65,Pietermaritzburg,South Africa,-29.612634,30.330686,Champion,2022-07-20
1069,Liam Robertson,Male,60,Denver,USA,39.710753,-104.989993,Loyal,2021-05-03
1070,Victoria Ngcobo,Female,64,Nottingham,UK,52.969332,-1.190837,Dormant,2022-05-09
1071,Emma Brown,Female,39,Austin,USA,30.224710,-97.763047,Occasional,2023-12-05
1072,Tshepo Wilson,Male,22,Halifax,Canada,44.648751,-63.624054,At Risk,2021-09-28
1073,Emily Hughes,Female,19,Johannesburg,South Africa,-26.164811,28.008805,Occasional,2023-01-03
1074,Elijah MacDonald,Male,33,Ottawa,Canada,45.462523,-75.684106,Occasional,2023-01-02
1075,Emma Molefe,Female,44,Perth,Australia,-31.977124,115.873948,Dormant,2023-01-05
1076,Vikram Majola,Male,29,Nottingham,UK,52.992420,-1.205975,High Value,2023-03-26
1077,Charlotte MacDonald,Female,43,Kimberley,South Africa,-28.730050,24.745084,At Risk,2024-10-28
1078,Noah Buthelezi,Male,49,Melbourne,Australia,-37.806398,144.976142,At Risk,2022-11-16
1079,Jordan Molefe,Male,29,Cardiff,UK,51.528089,-3.171927,Dormant,2021-07-17
1080,Emma Evans,Female,24,Perth,Australia,-31.962844,115.893696,New Customer,2024-12-07
1081,Alexander Anderson,Male,26,Johannesburg,South Africa,-26.174120,28.078372,Dormant,2024-08-01
1082,Fatima Molefe,Female,31,Atlanta,USA,33.773234,-84.431846,New Customer,2021-04-09
1083,Siyanda Davies,Male,26,Manchester,UK,53.514169,-2.242786,High Value,2023-06-26
1084,Samuel Walker,Male,38,Belfast,UK,54.607444,-5.937300,Champion,2023-04-14
1085,Isabella Jones,Female,30,Liverpool,UK,53.440966,-2.998775,Loyal,2021-04-15
1086,Mpho Nelson,Male,21,Edinburgh,UK,55.926282,-3.141525,Loyal,2024-03-12
1087,Ethan Ndlovu,Male,63,Pietermaritzburg,South Africa,-29.598976,30.389427,New Customer,2021-04-13
1088,Ethan Murphy,Male,20,Bloemfontein,South Africa,-29.133070,26.117184,Occasional,2024-07-19
1089,Brianna Dlamini,Female,62,Houston,USA,29.798987,-95.410959,New Customer,2021-08-26
1090,Caleb Adams,Male,53,Atlanta,USA,33.748711,-84.377171,Occasional,2023-08-22
1091,Mason Nkosi,Male,64,Melbourne,Australia,-37.769509,144.962060,Loyal,2021-06-19
1092,Ayanda Evans,Female,38,Toronto,Canada,43.643753,-79.419239,Champion,2024-07-28
1093,Nokukhanya Campbell,Female,51,London,UK,51.541803,-0.172442,At Risk,2024-12-08
1094,Ryan Wilson,Male,49,Durban,South Africa,-29.853659,30.983039,Dormant,2024-10-08
1095,Aiden Wilson,Male,50,New York,USA,40.714557,-73.990782,New Customer,2022-08-16
1096,Jennifer Pillay,Female,64,Miami,USA,25.765383,-80.214836,Occasional,2021-05-20
1097,Liam Kunene,Male,46,Hamilton,Canada,43.217739,-79.889380,Champion,2024-02-21
1098,Arjun MacDonald,Male,32,Toronto,Canada,43.674225,-79.370890,Champion,2021-09-07
1099,Hannah Singh,Female,24,Manchester,UK,53.466836,-2.239765,Loyal,2023-06-09
1100,Oliver Cele,Male,25,San Antonio,USA,29.448298,-98.458698,Occasional,2023-05-21
1101,Victoria Turner,Female,34,Port Elizabeth,South Africa,-33.976223,25.566327,Champion,2023-12-26
1102,Nathan Mokoena,Male,37,Leicester,UK,52.597797,-1.168248,At Risk,2021-12-10
1103,Brittany Naidoo,Female,26,Rustenburg,South Africa,-25.641067,27.236601,At Risk,2022-05-18
1104,Daniel Taylor,Male,26,Vancouver,Canada,49.291388,-123.120960,New Customer,2021-12-08
1105,Abigail Anderson,Female,47,Nelspruit,South Africa,-25.491934,30.948530,New Customer,2022-04-21
1106,Victoria Jackson,Female,25,San Jose,USA,37.330247,-121.928767,Champion,2021-03-23
1107,Ntombifuthi Pillay,Female,27,Quebec City,Canada,46.788426,-71.197442,High Value,2023-04-05
1108,Abigail Reddy,Female,18,Polokwane,South Africa,-23.879858,29.517732,New Customer,2022-07-20
1109,Ashley Fraser,Female,27,Port Elizabeth,South Africa,-33.987346,25.604810,Champion,2022-03-23
1110,Nozipho Thompson,Female,59,Glasgow,UK,55.837815,-4.287698,New Customer,2023-06-08
1111,Yusuf Murray,Male,47,London,UK,51.539981,-0.148430,High Value,2022-05-23
1112,Hunter Lewis,Male,30,Miami,USA,25.734268,-80.202949,New Customer,2024-05-27
1113,Ella Singh,Female,60,Sandton,South Africa,-26.131939,28.016423,At Risk,2024-11-26
1114,Olivia Jones,Female,25,East London,South Africa,-32.997676,27.929035,Occasional,2024-03-09
1115,Logan Fraser,Male,35,Cape Town,South Africa,-33.921715,18.418997,High Value,2021-08-13
1116,Neha Nkosi,Female,29,Atlanta,USA,33.754042,-84.352529,Occasional,2022-06-14
1117,Lauren Perez,Female,26,Winnipeg,Canada,49.927164,-97.141361,Occasional,2023-08-07
1118,Mason Mokoena,Male,59,Pretoria,South Africa,-25.704708,28.206600,New Customer,2021-09-23
1119,Ella Davis,Female,30,Hamilton,Canada,43.269579,-79.889797,Occasional,2023-12-05
1120,Luna Majola,Female,47,Hamilton,Canada,43.285015,-79.918231,New Customer,2022-09-07
1121,Vikram Turner,Male,46,San Antonio,USA,29.449108,-98.468368,High Value,2023-12-08
1122,Noah Shabalala,Male,32,Quebec City,Canada,46.830199,-71.200264,At Risk,2024-01-12
1123,Ethan Ndlovu,Male,61,Birmingham,UK,52.437578,-1.858626,Occasional,2024-08-23
1124,Jasmine Wilson,Female,36,Hobart,Australia,-42.888820,147.290094,New Customer,2023-05-21
1125,Mason Zwane,Male,22,Phoenix,USA,33.470556,-112.123595,Dormant,2023-09-02
1126,Marcus Sithole,Male,42,East London,South Africa,-32.968002,27.915507,New Customer,2022-11-09
1127,Nkosi Murphy,Male,60,Atlanta,USA,33.766159,-84.350662,New Customer,2021-07-28
1128,Madison Walker,Female,36,Benoni,South Africa,-26.204860,28.339526,At Risk,2022-01-14
1129,Caleb Roberts,Male,39,Montreal,Canada,45.540664,-73.613050,Champion,2024-05-09
1130,Kabelo Davies,Male,26,Melbourne,Australia,-37.797015,144.926844,New Customer,2022-10-27
1131,Nathan Brown,Male,26,Pietermaritzburg,South Africa,-29.557416,30.419168,Champion,2024-03-20
1132,Neha Smith,Female,62,Rustenburg,South Africa,-25.677877,27.203276,Champion,2022-12-09
1133,Aria Reddy,Female,47,Chicago,USA,41.863465,-87.658679,At Risk,2021-04-12
1134,Ava Hughes,Female,50,Winnipeg,Canada,49.913353,-97.153408,New Customer,2022-02-09
1135,Dylan Smith,Male,64,Soweto,South Africa,-26.295029,27.847720,At Risk,2022-05-17
1136,Lucas Brown,Male,42,San Diego,USA,32.671543,-117.209491,Loyal,2022-09-28
1137,Jackson Govender,Male,51,Nottingham,UK,52.905980,-1.162372,Champion,2024-08-17
1138,James Jackson,Male,22,Durban,South Africa,-29.817514,31.035433,Loyal,2024-11-02
1139,Jordan Zwane,Male,30,Halifax,Canada,44.619463,-63.620280,Loyal,2021-07-11
1140,Ella Martin,Female,27,Dallas,USA,32.736250,-96.816125,Loyal,2021-12-27
1141,Hazel Clarke,Female,23,Glasgow,UK,55.858634,-4.261324,Champion,2023-03-10
1142,Grace Vilakazi,Female,47,Newcastle,UK,54.949760,-1.621475,New Customer,2021-12-08
1143,Benjamin Price,Male,33,Bristol,UK,51.484997,-2.627940,Champion,2023-03-13
1144,Phindile Stewart,Female,21,Canberra,Australia,-35.284591,149.087301,At Risk,2022-04-27
1145,Fatima Roberts,Female,34,Melbourne,Australia,-37.794978,144.963734,Occasional,2023-09-19
1146,Khanyisile Stewart,Female,54,Brisbane,Australia,-27.499862,153.012041,Dormant,2022-06-14
1147,Ella Murray,Female,39,Rustenburg,South Africa,-25.621249,27.230278,Occasional,2024-06-15
1148,Noah Reddy,Male,44,Calgary,Canada,51.077779,-114.050369,At Risk,2022-09-16
1149,Hunter Buthelezi,Male,34,Newcastle,UK,54.951864,-1.600605,At Risk,2024-11-26
1150,Phindile Khumalo,Female,41,Philadelphia,USA,39.904506,-75.189135,Dormant,2022-05-02
1151,Mohammed Green,Male,36,Phoenix,USA,33.458125,-112.036854,High Value,2024-12-10
1152,Nathan Nkosi,Male,41,Manchester,UK,53.482380,-2.236965,Loyal,2022-05-25
1153,Tebogo Carter,Male,57,Port Elizabeth,South Africa,-33.947287,25.582653,At Risk,2023-02-25
1154,Grace Martin,Female,47,Leeds,UK,53.815298,-1.571566,Occasional,2022-08-18
1155,Elijah Roberts,Male,45,Leeds,UK,53.848754,-1.585873,New Customer,2022-04-23
1156,Tebogo Phillips,Male,53,Leeds,UK,53.792137,-1.586723,New Customer,2022-09-25
1157,Busisiwe Anderson,Female,47,Houston,USA,29.711170,-95.417878,High Value,2021-10-11
1158,Nokukhanya Sithole,Female,62,Hamilton,Canada,43.218946,-79.916745,New Customer,2023-08-10
1159,Owen Adams,Male,37,Seattle,USA,47.590488,-122.296403,At Risk,2024-11-08
1160,George Govender,Male,54,Newcastle,UK,54.965020,-1.569108,Champion,2024-05-03
1161,Yusuf Williams,Male,48,Toronto,Canada,43.689795,-79.372313,Occasional,2021-09-08
1162,Hannah Ntuli,Female,37,Quebec City,Canada,46.842605,-71.207728,Occasional,2022-09-26
1163,Jordan Williams,Male,48,Johannesburg,South Africa,-26.156150,28.065964,New Customer,2024-03-21
1164,Oliver Harris,Male,54,Vancouver,Canada,49.326857,-123.142682,Dormant,2024-08-01
1165,Harry Perez,Male,38,Durban,South Africa,-29.870128,31.007574,Loyal,2023-12-26
1166,Jennifer Zulu,Female,21,Miami,USA,25.802362,-80.187168,At Risk,2022-04-14
1167,George Shabalala,Male,63,Benoni,South Africa,-26.224526,28.273998,High Value,2023-03-14
1168,Nhlanhla Roberts,Male,51,Seattle,USA,47.569705,-122.311002,High Value,2021-03-02
1169,Jennifer Murphy,Female,50,Dallas,USA,32.793482,-96.805564,Loyal,2023-02-21
1170,Luna Evans,Female,58,Melbourne,Australia,-37.844215,144.971233,Occasional,2021-07-22
1171,Sibongile Mkhize,Female,18,Edinburgh,UK,55.926454,-3.192553,Loyal,2024-03-28
1172,Leo Cele,Male,43,Philadelphia,USA,39.923518,-75.167794,Occasional,2023-05-02
1173,Jack Moore,Male,65,Pietermaritzburg,South Africa,-29.576370,30.356398,At Risk,2024-03-22
1174,Aria Walker,Female,58,Leicester,UK,52.593073,-1.154736,Loyal,2023-03-03
1175,James Anderson,Male,28,Seattle,USA,47.617319,-122.340876,Occasional,2021-07-18
1176,Carter Mahlangu,Male,59,Los Angeles,USA,34.011691,-118.243277,At Risk,2024-03-09
1177,Busisiwe Shabalala,Female,31,Polokwane,South Africa,-23.857044,29.462618,High Value,2022-12-18
1178,Ethan Davis,Male,43,Bloemfontein,South Africa,-29.066042,26.111221,Champion,2022-05-04
1179,Emma Davis,Female,40,Pretoria,South Africa,-25.775099,28.236973,New Customer,2022-10-23
1180,Emily Robertson,Female,44,Newcastle,UK,54.988109,-1.590794,At Risk,2023-10-26
1181,Arjun Brown,Male,44,Sydney,Australia,-33.903209,151.202347,New Customer,2023-09-21
1182,Brittany Mokoena,Female,43,Leicester,UK,52.605652,-1.138861,New Customer,2021-06-17
1183,Thandeka Molefe,Female,47,Miami,USA,25.771563,-80.194152,At Risk,2023-11-08
1184,Fatima Garcia,Female,37,Adelaide,Australia,-34.954448,138.602660,Champion,2024-01-24
1185,Nobuhle Thomas,Female,58,Gold Coast,Australia,-27.986672,153.402297,Champion,2024-10-06
1186,Amanda Anderson,Female,53,Bloemfontein,South Africa,-29.037486,26.146623,New Customer,2024-11-21
1187,James Jones,Male,41,Miami,USA,25.753118,-80.195954,At Risk,2021-05-06
1188,Themba Jones,Male,39,Hobart,Australia,-42.905612,147.346574,Loyal,2023-04-09
1189,Elijah Taylor,Male,19,Nelspruit,South Africa,-25.473164,30.930901,Occasional,2023-04-02
1190,Alexander Davis,Male,52,Johannesburg,South Africa,-26.164596,28.071836,Loyal,2023-06-09
1191,Marcus Pillay,Male,20,Kimberley,South Africa,-28.712373,24.795909,Occasional,2022-05-28
1192,Ella Robinson,Female,23,Glasgow,UK,55.844708,-4.287961,Occasional,2024-06-18
1193,Harper Cele,Female,31,Liverpool,UK,53.367901,-2.956161,Dormant,2024-03-27
1194,James Evans,Male,24,San Jose,USA,37.342851,-121.931248,High Value,2023-04-26
1195,Oliver Mitchell,Male,37,Hamilton,Canada,43.296083,-79.869872,Dormant,2022-05-02
1196,Emma Buthelezi,Female,35,Sheffield,UK,53.391964,-1.455604,High Value,2024-06-18
1197,Anisha Sithole,Female,23,Calgary,Canada,51.056021,-114.110332,High Value,2023-02-03
1198,Emma Patel,Female,57,Manchester,UK,53.510883,-2.240806,Dormant,2023-12-10
1199,Olivia Nkosi,Female,28,Bloemfontein,South Africa,-29.042631,26.203390,High Value,2021-06-05
1200,Abigail Miller,Female,27,Cape Town,South Africa,-33.945921,18.416857,Dormant,2024-01-02
1201,William Nelson,Male,28,Darwin,Australia,-12.440030,130.835602,At Risk,2021-09-15
1202,Noah Murray,Male,64,Bristol,UK,51.477368,-2.538320,Occasional,2023-11-07
1203,Jennifer Naidoo,Female,42,Philadelphia,USA,39.927978,-75.176550,At Risk,2024-07-08
1204,Oliver Lewis,Male,23,Canberra,Australia,-35.292855,149.171779,Champion,2023-06-01
1205,Karabo Evans,Male,36,Houston,USA,29.775714,-95.394553,Occasional,2021-10-10
1206,Ethan Campbell,Male,35,Kimberley,South Africa,-28.750541,24.743773,Dormant,2022-08-27
1207,Nathan Stewart,Male,57,Edinburgh,UK,55.948541,-3.226740,High Value,2024-01-16
1208,Noah White,Male,24,Pietermaritzburg,South Africa,-29.555469,30.350532,High Value,2023-03-10
1209,Sophia Patel,Female,54,Perth,Australia,-31.936711,115.829584,High Value,2024-10-23
1210,Abigail Shabalala,Female,63,Austin,USA,30.309965,-97.772212,Occasional,2024-09-25
1211,Emma Williams,Female,19,Atlanta,USA,33.770806,-84.360236,Loyal,2021-04-19
1212,Chloe Mkhize,Female,21,San Diego,USA,32.667753,-117.185309,High Value,2023-08-23
1213,Jack Anderson,Male,51,Benoni,South Africa,-26.142857,28.283042,Champion,2024-12-06
1214,Nozipho Clarke,Female,20,Seattle,USA,47.610594,-122.345110,New Customer,2024-02-19
1215,Nobuhle Davis,Female,48,Sandton,South Africa,-26.093109,28.029617,Loyal,2024-06-10
1216,Lesedi Ngcobo,Male,53,Chicago,USA,41.842166,-87.658210,At Risk,2021-11-10
1217,Layla Anderson,Female,60,Phoenix,USA,33.420964,-112.081851,New Customer,2021-10-04
1218,Amelia Wilson,Female,64,Port Elizabeth,South Africa,-34.009862,25.636071,High Value,2024-04-25
1219,James Hlongwane,Male,37,Kimberley,South Africa,-28.689083,24.780441,New Customer,2022-06-24
1220,Aisha Clarke,Female,51,Hobart,Australia,-42.873950,147.356781,Champion,2024-04-15
1221,Luna Dlamini,Female,57,Perth,Australia,-31.984968,115.821367,High Value,2021-08-25
1222,Tebogo Taylor,Male,55,Quebec City,Canada,46.807802,-71.217161,Champion,2023-02-04
1223,Tebogo Mthembu,Male,50,Austin,USA,30.257065,-97.782974,Occasional,2022-10-28
1224,Nomsa Mnguni,Female,48,Phoenix,USA,33.426211,-112.055294,New Customer,2022-08-28
1225,Mandla Smith,Male,49,Rustenburg,South Africa,-25.671055,27.263604,High Value,2023-09-14
1226,Thabo Shabalala,Male,21,Sheffield,UK,53.401554,-1.458256,High Value,2024-08-23
1227,Alexis Khan,Female,44,Nelspruit,South Africa,-25.440279,30.920818,High Value,2022-01-25
1228,Liam Murphy,Male,29,San Jose,USA,37.326382,-121.926163,High Value,2022-06-01
1229,Thandeka Cele,Female,28,Bristol,UK,51.492911,-2.588456,New Customer,2022-07-23
1230,Alexander Stewart,Male,63,Chicago,USA,41.851971,-87.678911,Champion,2024-11-02
1231,Themba Phillips,Male,59,Pietermaritzburg,South Africa,-29.638857,30.409198,New Customer,2023-09-27
1232,Lindiwe Pillay,Female,35,Chicago,USA,41.851977,-87.652740,High Value,2022-08-17
1233,Fatima Martin,Female,27,Polokwane,South Africa,-23.877786,29.514413,Loyal,2021-01-07
1234,Jack Taylor,Male,51,Montreal,Canada,45.536799,-73.546298,New Customer,2021-02-04
1235,Kayla Khumalo,Female,63,Benoni,South Africa,-26.212495,28.351275,Dormant,2024-12-17
1236,Lungelo MacDonald,Male,26,New York,USA,40.727492,-74.020326,Dormant,2023-01-14
1237,Olivia Ntuli,Female,20,San Diego,USA,32.694338,-117.151701,At Risk,2024-01-28
1238,Samantha Mthembu,Female,44,Liverpool,UK,53.426359,-3.034812,At Risk,2023-06-13
1239,Phindile Wood,Female,38,San Diego,USA,32.756378,-117.141667,New Customer,2022-06-15
1240,Leo Buthelezi,Male,55,Cardiff,UK,51.526097,-3.172097,High Value,2022-11-08
1241,Charlotte Green,Female,50,Pretoria,South Africa,-25.760377,28.223077,New Customer,2024-12-24
1242,Liam Brown,Male,56,Newcastle,UK,54.998332,-1.576640,High Value,2021-02-21
1243,Mason Moore,Male,65,Manchester,UK,53.512661,-2.199301,Dormant,2024-11-04
1244,Marcus Davies,Male,49,New York,USA,40.684241,-74.012039,Dormant,2023-08-12
1245,Ashley Jones,Female,54,Kimberley,South Africa,-28.679926,24.786106,Dormant,2021-10-23
1246,Hunter Wilson,Male,23,Edinburgh,UK,55.922143,-3.153832,New Customer,2021-02-06
1247,Palesa Robinson,Female,60,Cardiff,UK,51.504781,-3.195588,At Risk,2021-01-24
1248,Lungelo Khumalo,Male,60,Manchester,UK,53.520595,-2.229548,Occasional,2021-02-04
1249,Henry Smith,Male,58,Houston,USA,29.764776,-95.388925,Loyal,2024-03-23
1250,Arjun Garcia,Male,18,Winnipeg,Canada,49.913018,-97.128473,Occasional,2024-12-22
1251,Carter Martinez,Male,55,Hobart,Australia,-42.848802,147.279897,Dormant,2023-10-09
1252,Lucas Dlamini,Male,47,Adelaide,Australia,-34.887431,138.638326,Occasional,2024-03-16
1253,Harry Green,Male,63,Bloemfontein,South Africa,-29.106270,26.126704,Loyal,2021-01-02
1254,Mason Zulu,Male,64,Pretoria,South Africa,-25.732913,28.214233,Occasional,2024-09-17
1255,Jack Smith,Male,59,East London,South Africa,-32.993659,27.863446,Dormant,2021-11-05
1256,Nandi Jackson,Female,61,Sandton,South Africa,-26.106596,28.041077,Loyal,2022-06-26
1257,Lily Thomas,Female,47,Kimberley,South Africa,-28.698802,24.728011,Occasional,2022-05-17
1258,Nathan Martin,Male,50,Phoenix,USA,33.421979,-112.074165,High Value,2022-08-22
1259,Nozipho Evans,Female,39,Cape Town,South Africa,-33.942249,18.374154,Occasional,2022-07-21
1260,Hunter Phillips,Male,38,San Jose,USA,37.297721,-121.910142,Loyal,2024-03-26
1261,Nkosi Davis,Male,21,Cardiff,UK,51.487535,-3.194331,Champion,2023-06-10
1262,Liam Walker,Male,58,Pietermaritzburg,South Africa,-29.582691,30.381095,Occasional,2022-08-25
1263,Nhlanhla Robinson,Male,58,San Diego,USA,32.750507,-117.142152,Champion,2023-02-26
1264,Nora Thomas,Female,22,Houston,USA,29.800947,-95.376757,Dormant,2024-09-21
1265,Isabella Mitchell,Female,45,Sydney,Australia,-33.824572,151.184540,Champion,2021-10-14
1266,Nokukhanya Mitchell,Female,20,Durban,South Africa,-29.871989,30.975680,High Value,2023-07-03
1267,Ashley Martin,Female,32,Cairns,Australia,-16.871664,145.800263,High Value,2023-12-28
1268,Caleb Clarke,Male,18,Birmingham,UK,52.532420,-1.875547,High Value,2024-04-13
1269,Jayden Ntuli,Male,33,Cardiff,UK,51.461029,-3.212613,New Customer,2022-03-01
1270,Olivia Zulu,Female,57,Cardiff,UK,51.448138,-3.162419,At Risk,2023-07-07
1271,Ethan Thompson,Male,50,Dallas,USA,32.818895,-96.794683,Occasional,2022-12-25
1272,Kayla Wilson,Female,28,Ottawa,Canada,45.375832,-75.719309,Occasional,2024-01-04
1273,Carter Baker,Male,26,Birmingham,UK,52.445039,-1.868734,High Value,2024-06-23
1274,Dylan White,Male,39,Leeds,UK,53.844899,-1.518850,Loyal,2024-02-05
1275,Alexander Wilson,Male,30,Glasgow,UK,55.846933,-4.301729,High Value,2022-02-08
1276,Fatima Smith,Female,53,Edinburgh,UK,55.955567,-3.209422,At Risk,2023-03-03
1277,Sipho Davis,Male,52,Bristol,UK,51.446406,-2.625902,High Value,2023-04-16
1278,Arjun Moore,Male,47,Austin,USA,30.229883,-97.777745,Loyal,2023-03-10
1279,Nandi Brown,Female,63,Edmonton,Canada,53.555070,-113.502733,New Customer,2021-07-23
1280,Tebogo Adams,Male,39,San Jose,USA,37.298998,-121.872882,Champion,2024-05-11
1281,Ava Davis,Female,59,Atlanta,USA,33.785652,-84.359788,Occasional,2023-04-01
1282,Nhlanhla Mkhize,Male,63,Cape Town,South Africa,-33.949164,18.402551,Loyal,2021-07-20
1283,Anisha Campbell,Female,40,Polokwane,South Africa,-23.923453,29.421998,Dormant,2021-10-02
1284,William Martinez,Male,65,Toronto,Canada,43.652667,-79.385058,Champion,2023-07-05
1285,Brandon Martinez,Male,20,Winnipeg,Canada,49.910019,-97.172229,At Risk,2023-02-11
1286,Tyler Perez,Male,31,San Diego,USA,32.675641,-117.140297,At Risk,2023-10-04
1287,Khanyisile Molefe,Female,43,Newcastle,UK,54.934177,-1.642324,New Customer,2023-06-10
1288,Busisiwe Thomas,Female,62,Port Elizabeth,South Africa,-33.984734,25.575201,New Customer,2021-08-14
1289,Mia Wilson,Female,33,Manchester,UK,53.490349,-2.204144,High Value,2021-10-16
1290,Ethan Williams,Male,29,Darwin,Australia,-12.438644,130.857000,High Value,2022-06-02
1291,Grace Ngcobo,Female,58,Chicago,USA,41.828963,-87.656400,New Customer,2022-07-09
1292,Luna Reddy,Female,60,Gold Coast,Australia,-28.050423,153.378110,Occasional,2023-04-17
1293,Sipho Walker,Male,36,Denver,USA,39.692361,-105.032900,Loyal,2022-07-15
1294,Madison Robinson,Female,50,Coventry,UK,52.407162,-1.482588,Occasional,2022-02-14
1295,Thabo Evans,Male,37,Sandton,South Africa,-26.059025,28.011101,High Value,2024-11-04
1296,Mia Price,Female,40,Leicester,UK,52.604082,-1.112093,At Risk,2024-08-15
1297,Leo Vilakazi,Male,42,Belfast,UK,54.555259,-5.893470,At Risk,2023-03-04
1298,Karabo Clarke,Male,26,Houston,USA,29.787021,-95.334215,High Value,2024-01-11
1299,Dylan Shabalala,Male,24,Dallas,USA,32.785160,-96.747605,Champion,2024-12-05
1300,Kayla Hughes,Female,59,Hobart,Australia,-42.878402,147.289855,Champion,2024-06-18
1301,Chloe Molefe,Female,36,Soweto,South Africa,-26.270278,27.871180,Occasional,2022-06-08
1302,Aria Ngcobo,Female,57,Atlanta,USA,33.785178,-84.377340,At Risk,2023-10-22
1303,Tebogo Jones,Male,34,Chicago,USA,41.926426,-87.628915,Loyal,2023-07-15
1304,James Kunene,Male,20,Port Elizabeth,South Africa,-34.002644,25.624546,At Risk,2024-07-08
1305,Ravi Carter,Male,45,Newcastle,UK,54.929731,-1.608887,At Risk,2022-05-22
1306,Oliver Singh,Male,39,Dallas,USA,32.737767,-96.777157,High Value,2023-07-02
1307,Bongani Naidoo,Male,53,Pietermaritzburg,South Africa,-29.573793,30.422208,Occasional,2023-05-21
1308,Olivia Vilakazi,Female,27,Pietermaritzburg,South Africa,-29.601528,30.380991,Champion,2024-03-26
1309,Mason Jones,Male,27,Winnipeg,Canada,49.848860,-97.115771,Dormant,2022-03-01
1310,Ethan Dlamini,Male,65,East London,South Africa,-33.028582,27.885196,High Value,2021-05-15
1311,Emma Nelson,Female,54,Newcastle,UK,54.973288,-1.586446,Occasional,2021-10-23
1312,Benjamin Smith,Male,46,Phoenix,USA,33.489364,-112.027690,High Value,2021-06-17
1313,Neha Harris,Female,43,Houston,USA,29.746724,-95.394275,High Value,2024-02-21
1314,Alexander Sithole,Male,25,Pietermaritzburg,South Africa,-29.576674,30.387773,Dormant,2023-03-11
1315,Lucas Mahlangu,Male,58,Pietermaritzburg,South Africa,-29.649487,30.398878,High Value,2024-03-26
1316,Oliver Jackson,Male,56,Manchester,UK,53.466253,-2.241457,Champion,2023-12-07
1317,Sophia Anderson,Female,30,San Diego,USA,32.671563,-117.133856,Occasional,2023-06-16
1318,Sibusiso Clarke,Male,34,Durban,South Africa,-29.903862,30.999725,Loyal,2021-06-25
1319,Nora Miller,Female,20,Soweto,South Africa,-26.302496,27.890307,At Risk,2024-01-19
1320,Owen Brown,Male,61,Kimberley,South Africa,-28.712655,24.711230,At Risk,2023-07-05
1321,Jayden Molefe,Male,65,Atlanta,USA,33.750009,-84.397084,Champion,2024-02-25
1322,Daniel Adams,Male,42,Quebec City,Canada,46.822460,-71.229412,At Risk,2023-11-19
1323,Lucas Buthelezi,Male,33,Belfast,UK,54.631306,-5.927251,High Value,2024-07-24
1324,Destiny Green,Female,27,Houston,USA,29.768054,-95.396196,At Risk,2024-06-15
1325,Olivia Ndlovu,Female,50,Miami,USA,25.738874,-80.211219,Loyal,2021-04-21
1326,Emma Cele,Female,57,Pretoria,South Africa,-25.753428,28.216438,New Customer,2021-08-17
1327,Lerato Murray,Female,61,Pretoria,South Africa,-25.702512,28.197356,Occasional,2021-06-23
1328,Jackson Nkosi,Male,48,Ottawa,Canada,45.403383,-75.653279,High Value,2022-01-08
1329,Aria Anderson,Female,31,Sheffield,UK,53.385095,-1.475233,Loyal,2022-10-22
1330,Amelia Roberts,Female,50,Calgary,Canada,51.062695,-114.034080,Occasional,2023-07-15
1331,Evelyn Garcia,Female,44,San Diego,USA,32.742509,-117.199889,Occasional,2024-05-01
1332,Alexander Ngcobo,Male,19,Polokwane,South Africa,-23.929213,29.453573,High Value,2022-03-24
1333,Sophia Cele,Female,57,Hamilton,Canada,43.296970,-79.854011,Dormant,2023-10-06
1334,Ava Phillips,Female,38,Adelaide,Australia,-34.949447,138.573726,At Risk,2024-06-06
1335,Tyler Fraser,Male,57,Chicago,USA,41.847049,-87.618589,High Value,2024-11-08
1336,Bongani Scott,Male,47,Atlanta,USA,33.719972,-84.389076,Occasional,2023-12-06
1337,Nora White,Female,21,Austin,USA,30.268780,-97.742208,At Risk,2024-11-24
1338,Harry Walker,Male,55,Atlanta,USA,33.755641,-84.385664,Loyal,2023-04-15
1339,Brittany Mokoena,Female,65,Sandton,South Africa,-26.143979,28.090644,High Value,2024-08-19
1340,Karabo MacDonald,Male,65,San Diego,USA,32.674421,-117.149237,Dormant,2021-06-21
1341,Olivia Smith,Female,26,San Jose,USA,37.340009,-121.840360,High Value,2022-06-22
1342,Elijah Vilakazi,Male,29,Adelaide,Australia,-34.950831,138.642672,New Customer,2022-02-27
1343,William Moore,Male,58,Hamilton,Canada,43.299857,-79.841290,Dormant,2021-03-16
1344,Amelia Roberts,Female,30,Soweto,South Africa,-26.271664,27.878491,New Customer,2021-08-08
1345,Nokukhanya Davis,Female,47,Adelaide,Australia,-34.886354,138.558765,Champion,2023-09-21
1346,Emma Taylor,Female,29,Pietermaritzburg,South Africa,-29.604679,30.365370,High Value,2024-01-03
1347,Chloe Mnguni,Female,25,Phoenix,USA,33.451839,-112.048870,Loyal,2021-04-11
1348,Amelia Sithole,Female,52,New York,USA,40.721344,-74.009686,New Customer,2022-12-15
1349,Mia Davis,Female,53,Winnipeg,Canada,49.891397,-97.154046,Occasional,2023-08-21
1350,Nokukhanya Singh,Female,32,Cardiff,UK,51.435586,-3.139251,Loyal,2024-11-12
1351,Owen Smith,Male,53,San Antonio,USA,29.454790,-98.514290,Occasional,2022-06-10
1352,Tshepo Perez,Male,45,Denver,USA,39.768483,-105.014842,Occasional,2021-11-23
1353,Ella Fraser,Female,45,Adelaide,Australia,-34.971191,138.586151,Dormant,2023-03-08
1354,Jasmine White,Female,36,Toronto,Canada,43.695742,-79.429787,At Risk,2021-01-27
1355,Connor MacKenzie,Male,19,Johannesburg,South Africa,-26.219809,28.023894,At Risk,2024-11-17
1356,Liam Mokoena,Male,39,Montreal,Canada,45.473536,-73.573938,Champion,2023-12-14
1357,Jennifer Nkosi,Female,42,Cairns,Australia,-16.941472,145.769320,Occasional,2021-03-02
1358,Ryan Vilakazi,Male,23,Miami,USA,25.779356,-80.210311,Loyal,2023-09-06
1359,Mpho Dlamini,Male,40,East London,South Africa,-32.976447,27.923765,Loyal,2021-07-25
1360,Grace Turner,Female,18,Houston,USA,29.805893,-95.396100,Dormant,2024-03-02
1361,Nkosi Wilson,Male,23,Seattle,USA,47.583435,-122.327963,High Value,2024-08-09
1362,Neha Anderson,Female,62,Adelaide,Australia,-34.918847,138.631997,At Risk,2022-03-17
1363,Cooper Nelson,Male,49,Rustenburg,South Africa,-25.675467,27.291056,At Risk,2024-09-18
1364,Bongani Jones,Male,49,New York,USA,40.675264,-73.969243,High Value,2022-10-11
1365,Mia Martinez,Female,45,Liverpool,UK,53.414135,-3.019518,Occasional,2022-07-12
1366,Noah Davies,Male,24,Newcastle,UK,55.016320,-1.604295,Dormant,2021-02-19
1367,Caleb Miller,Male,34,Sandton,South Africa,-26.106911,28.093812,Dormant,2024-12-28
1368,Ethan Reddy,Male,38,Adelaide,Australia,-34.919971,138.594756,Loyal,2021-06-23
1369,Charlotte Carter,Female,60,New York,USA,40.707269,-74.046812,High Value,2023-04-12
1370,Ava Miller,Female,46,Port Elizabeth,South Africa,-33.933756,25.576510,Dormant,2024-01-04
1371,Dylan Green,Male,60,Belfast,UK,54.647063,-5.882197,Dormant,2024-05-15
1372,Sibusiso Wilson,Male,36,Polokwane,South Africa,-23.904039,29.430131,Champion,2022-07-28
1373,Nobuhle White,Female,25,Seattle,USA,47.642897,-122.305040,Dormant,2023-12-20
1374,Ravi Shabalala,Male,44,Pietermaritzburg,South Africa,-29.610263,30.330855,At Risk,2022-05-18
1375,Benjamin Thompson,Male,28,Johannesburg,South Africa,-26.206358,28.023835,Dormant,2024-11-14
1376,Mohammed Thompson,Male,26,Bloemfontein,South Africa,-29.051101,26.120305,At Risk,2021-03-13
1377,Zoe Smith,Female,65,Brisbane,Australia,-27.457970,153.068616,Loyal,2023-12-11
1378,Harper Perez,Female,49,London,UK,51.468015,-0.138330,Champion,2023-03-23
1379,Madison Taylor,Female,37,San Antonio,USA,29.395381,-98.536122,High Value,2023-05-23
1380,Cooper Jackson,Male,37,New York,USA,40.733103,-74.012042,Champion,2022-07-26
1381,Sibongile Evans,Female,22,New York,USA,40.720643,-73.980077,High Value,2021-07-20
1382,Oliver Pillay,Male,55,Cardiff,UK,51.436236,-3.168384,Loyal,2023-01-01
1383,Benjamin Hall,Male,44,Manchester,UK,53.499628,-2.197576,Occasional,2023-09-23
1384,Harper Turner,Female,24,Soweto,South Africa,-26.255403,27.899724,Occasional,2022-10-14
1385,Jacob Buthelezi,Male,59,Denver,USA,39.693401,-104.953885,Loyal,2021-08-10
1386,Jacob Nelson,Male,34,Soweto,South Africa,-26.291861,27.834035,Champion,2024-01-02
1387,Sibusiso Price,Male,22,Cairns,Australia,-16.924228,145.800774,Loyal,2024-06-26
1388,Daniel Ndlovu,Male,47,Philadelphia,USA,39.995356,-75.161095,Loyal,2022-01-22
1389,Hunter Molefe,Male,39,Cairns,Australia,-16.887394,145.814923,Occasional,2022-08-28
1390,Ava Masondo,Female,23,Houston,USA,29.722237,-95.408571,High Value,2021-12-21
1391,Bongiwe Thomas,Female,30,Pietermaritzburg,South Africa,-29.625681,30.349867,At Risk,2023-03-17
1392,Layla Smith,Female,52,Atlanta,USA,33.773652,-84.341647,Dormant,2024-04-05
1393,Jasmine Majola,Female,44,Darwin,Australia,-12.479610,130.887838,Loyal,2024-03-07
1394,Lungelo Wilson,Male,34,Edmonton,Canada,53.588632,-113.499395,Occasional,2024-06-28
1395,Arjun Walker,Male,43,Bloemfontein,South Africa,-29.071867,26.168996,High Value,2024-01-22
1396,Lucas Jones,Male,56,Brisbane,Australia,-27.514654,153.074391,Occasional,2023-04-02
1397,Khanyisile Smith,Female,50,Glasgow,UK,55.840366,-4.251969,Dormant,2022-11-15
1398,Ava Smith,Female,61,Cardiff,UK,51.524605,-3.155348,Loyal,2024-04-02
1399,Musa Walker,Male,32,Cardiff,UK,51.431705,-3.217881,At Risk,2024-11-19
1400,Zoe Adams,Female,50,London,UK,51.507940,-0.132765,Champion,2024-02-19
1401,Neha Jackson,Female,46,Chicago,USA,41.890125,-87.638747,New Customer,2021-07-24
1402,Thandeka Moore,Female,65,Nelspruit,South Africa,-25.463771,31.018896,New Customer,2021-11-01
1403,Victoria Campbell,Female,51,Quebec City,Canada,46.786970,-71.190241,Dormant,2023-11-25
1404,Samantha Carter,Female,25,Phoenix,USA,33.398772,-112.111326,Occasional,2022-08-08
1405,Leo Anderson,Male,43,Halifax,Canada,44.681218,-63.529160,High Value,2022-08-10
1406,Fatima Jackson,Female,41,Sandton,South Africa,-26.065067,28.015255,New Customer,2021-08-24
1407,Mandla Campbell,Male,37,New York,USA,40.685235,-73.976201,New Customer,2024-05-13
1408,Nokwanda Perez,Female,23,Polokwane,South Africa,-23.942569,29.497876,Champion,2021-01-19
1409,Oliver Wood,Male,52,Adelaide,Australia,-34.930603,138.571888,Loyal,2023-07-13
1410,Jordan Murray,Male,49,Pietermaritzburg,South Africa,-29.570207,30.396757,Occasional,2024-02-08
1411,James Perez,Male,33,Pretoria,South Africa,-25.760283,28.238596,Loyal,2021-02-12
1412,Ethan Zwane,Male,59,Pretoria,South Africa,-25.732450,28.270640,Champion,2023-10-02
1413,Liam Shabalala,Male,19,Benoni,South Africa,-26.159923,28.327679,At Risk,2021-02-09
1414,Oliver MacDonald,Male,47,Atlanta,USA,33.792174,-84.409091,High Value,2024-04-16
1415,Phindile Ntuli,Female,44,Sheffield,UK,53.334947,-1.428232,New Customer,2023-09-23
1416,Sofia Clarke,Female,59,Glasgow,UK,55.905845,-4.275075,Dormant,2022-11-01
1417,Nomsa Moore,Female,51,Nelspruit,South Africa,-25.516340,30.979468,High Value,2022-12-16
1418,Chloe Khumalo,Female,63,Sheffield,UK,53.361158,-1.510019,Occasional,2024-09-17
1419,Hunter Lewis,Male,41,New York,USA,40.674083,-74.023479,New Customer,2022-05-18
1420,Fatima Brown,Female,60,Durban,South Africa,-29.827473,31.014458,Occasional,2022-12-02
1421,Nozipho Clarke,Female,37,Johannesburg,South Africa,-26.226457,28.008423,Occasional,2024-01-19
1422,Chloe Clarke,Female,18,New York,USA,40.698884,-74.020172,New Customer,2023-06-20
1423,Brandon Mitchell,Male,61,Pietermaritzburg,South Africa,-29.569353,30.383153,New Customer,2021-11-24
1424,Lucas Roberts,Male,58,East London,South Africa,-32.971915,27.891363,Dormant,2024-11-05
1425,Zoe Murphy,Female,34,Chicago,USA,41.903012,-87.649244,High Value,2022-03-26
1426,Siyanda Wilson,Male,33,Toronto,Canada,43.604691,-79.336286,At Risk,2024-12-04
1427,Ethan Robertson,Male,50,Miami,USA,25.805805,-80.199377,New Customer,2024-08-26
1428,Ashley Roberts,Female,43,Seattle,USA,47.621924,-122.326617,Dormant,2022-06-11
1429,Lily Jones,Female,19,Calgary,Canada,51.036330,-114.079213,At Risk,2021-11-10
1430,Nkosi Walker,Male,52,Sandton,South Africa,-26.079521,28.105627,New Customer,2024-03-28
1431,Destiny Vilakazi,Female,59,Leeds,UK,53.834347,-1.511967,Occasional,2022-06-12
1432,Lily Buthelezi,Female,48,Houston,USA,29.794370,-95.333215,High Value,2021-10-06
1433,Oliver Taylor,Male,40,Miami,USA,25.730026,-80.203272,At Risk,2022-06-15
1434,Mason Zulu,Male,52,Darwin,Australia,-12.442684,130.895437,Champion,2022-09-08
1435,Thandeka Carter,Female,42,Nottingham,UK,52.956620,-1.192094,New Customer,2023-12-10
1436,Bongiwe Carter,Female,58,Nelspruit,South Africa,-25.523587,30.929735,High Value,2022-01-09
1437,Marcus Davis,Male,42,Quebec City,Canada,46.825703,-71.226162,New Customer,2024-03-24
1438,Sandile Adams,Male,27,Leicester,UK,52.672684,-1.099234,Champion,2024-11-19
1439,Busisiwe Nelson,Female,49,Seattle,USA,47.613733,-122.326312,At Risk,2021-09-15
1440,James Zwane,Male,62,Sheffield,UK,53.406604,-1.486821,At Risk,2022-06-26
1441,Mia MacDonald,Female,29,Denver,USA,39.788817,-104.994432,Occasional,2023-12-01
1442,Abigail Moore,Female,34,Edmonton,Canada,53.518834,-113.497899,Loyal,2021-02-15
1443,Liam Reddy,Male,28,Calgary,Canada,51.015062,-114.023669,High Value,2022-12-17
1444,Mohammed Kunene,Male,25,Pretoria,South Africa,-25.734135,28.261191,At Risk,2023-04-25
1445,Daniel Adams,Male,44,San Jose,USA,37.364058,-121.868314,Occasional,2023-04-12
1446,Henry Mkhize,Male,27,Nelspruit,South Africa,-25.467824,30.997165,Dormant,2022-09-10
1447,Lucas Taylor,Male,61,Leicester,UK,52.660196,-1.153155,Dormant,2023-10-07
1448,Themba Carter,Male,22,New York,USA,40.705260,-74.037783,New Customer,2023-04-04
1449,Layla Thompson,Female,40,Coventry,UK,52.369252,-1.562882,Loyal,2024-10-01
1450,Ravi Smith,Male,31,Darwin,Australia,-12.424961,130.846560,High Value,2024-12-26
1451,Ella Singh,Female,63,London,UK,51.534094,-0.155812,High Value,2021-10-21
1452,Leo Carter,Male,25,San Jose,USA,37.344910,-121.885450,High Value,2024-06-04
1453,Alexander Smith,Male,31,Hobart,Australia,-42.911874,147.286806,Champion,2024-06-21
1454,Lindiwe Price,Female,51,San Antonio,USA,29.406570,-98.514043,Occasional,2021-05-17
1455,Liam Nkosi,Male,26,Quebec City,Canada,46.827154,-71.161455,New Customer,2021-08-03
1456,Khanyisile Thomas,Female,60,Seattle,USA,47.624897,-122.358140,New Customer,2024-01-04
1457,Cooper Murray,Male,42,Atlanta,USA,33.774559,-84.369738,Champion,2021-06-01
1458,Busisiwe Majola,Female,60,Philadelphia,USA,39.916478,-75.146002,Champion,2023-08-17
1459,Carter Williams,Male,62,Bristol,UK,51.496639,-2.631859,High Value,2023-02-09
1460,Lauren Clarke,Female,62,Atlanta,USA,33.711709,-84.344966,Champion,2023-04-27
1461,Lucas Jones,Male,36,Bristol,UK,51.485755,-2.626579,Occasional,2022-11-26
1462,Isabella Mitchell,Female,20,Cape Town,South Africa,-33.966597,18.389677,At Risk,2023-12-15
1463,Olivia Martinez,Female,41,Vancouver,Canada,49.284683,-123.148723,New Customer,2021-06-09
1464,Lily Wilson,Female,60,New York,USA,40.699112,-74.025972,Occasional,2024-01-13
1465,Harper Stewart,Female,32,Canberra,Australia,-35.274541,149.169907,At Risk,2024-09-09
1466,Ayanda Ngcobo,Female,61,Denver,USA,39.753820,-105.031098,High Value,2022-07-02
1467,Ella Robertson,Female,50,San Diego,USA,32.727762,-117.147972,Dormant,2021-03-27
1468,Isabella Carter,Female,45,Rustenburg,South Africa,-25.667261,27.215285,Dormant,2024-01-18
1469,Amelia Zulu,Female,18,Durban,South Africa,-29.839893,31.020635,New Customer,2021-06-03
1470,Karabo Khumalo,Male,26,Nottingham,UK,52.970786,-1.156311,Loyal,2022-04-07
1471,Harper Campbell,Female,61,Nottingham,UK,52.951501,-1.170430,Loyal,2022-11-01
1472,Khanyisile Naidoo,Female,63,Liverpool,UK,53.415223,-3.004632,Dormant,2022-02-22
1473,Musa Clarke,Male,25,Seattle,USA,47.629826,-122.354746,At Risk,2022-08-26
1474,Sibusiso Mahlangu,Male,19,Belfast,UK,54.565277,-5.935929,At Risk,2022-08-20
1475,Amelia Zwane,Female,64,Polokwane,South Africa,-23.914941,29.452747,At Risk,2024-12-16
1476,Sofia Sithole,Female,53,Houston,USA,29.802092,-95.370286,At Risk,2021-07-25
1477,Ethan Thomas,Male,56,Phoenix,USA,33.463143,-112.086330,At Risk,2024-02-10
1478,Madison Ngcobo,Female,22,Denver,USA,39.699360,-104.975794,Dormant,2023-02-16
1479,Lauren Reddy,Female,45,Sydney,Australia,-33.912876,151.173893,High Value,2024-02-03
1480,Tshepo Thomas,Male,38,Sheffield,UK,53.338975,-1.440059,At Risk,2021-09-24
1481,Harper Jones,Female,32,Leicester,UK,52.639622,-1.183029,High Value,2022-07-26
1482,Zanele Price,Female,33,Gold Coast,Australia,-28.045341,153.426662,Loyal,2023-07-16
1483,Harry Thomas,Male,19,San Jose,USA,37.293794,-121.850358,Occasional,2024-10-27
1484,Ethan Nkosi,Male,23,Polokwane,South Africa,-23.913780,29.425170,Champion,2023-12-19
1485,Ayanda Davies,Female,55,Polokwane,South Africa,-23.880186,29.517789,Dormant,2023-05-17
1486,Oliver Khan,Male,53,Durban,South Africa,-29.850482,30.977588,Dormant,2023-06-27
1487,Amelia Khumalo,Female,62,East London,South Africa,-33.059922,27.871278,Champion,2023-06-17
1488,Ethan Clarke,Male,24,Pretoria,South Africa,-25.727864,28.196314,Loyal,2022-03-16
1489,Nomsa Taylor,Female,55,Darwin,Australia,-12.512357,130.881552,At Risk,2022-11-13
1490,Busisiwe Vilakazi,Female,28,Vancouver,Canada,49.317113,-123.162823,Loyal,2022-07-24
1491,Mason Robertson,Male,47,Seattle,USA,47.583229,-122.361271,At Risk,2021-06-13
1492,Noah Pillay,Male,52,Benoni,South Africa,-26.166621,28.301722,Occasional,2021-08-01
1493,Aisha Mkhize,Female,30,Austin,USA,30.305490,-97.709309,Occasional,2022-09-08
1494,Connor Smith,Male,32,Pretoria,South Africa,-25.710465,28.226888,At Risk,2024-01-03
1495,Charlotte Thompson,Female,48,Nelspruit,South Africa,-25.473104,30.968374,Occasional,2023-05-11
1496,Nathan Scott,Male,44,Bloemfontein,South Africa,-29.035973,26.184821,High Value,2021-10-07
1497,Elijah Campbell,Male,60,Houston,USA,29.804125,-95.418618,Loyal,2023-03-03
1498,Thandeka Davies,Female,57,Cape Town,South Africa,-33.879091,18.416157,Champion,2021-07-05
1499,Amanda Thomas,Female,58,Perth,Australia,-31.942489,115.839727,Dormant,2021-09-08
1500,Themba Moore,Male,24,Philadelphia,USA,39.965527,-75.211772,New Customer,2024-03-14
1501,Ethan MacKenzie,Male,24,Coventry,UK,52.388250,-1.488754,Champion,2022-12-01
1502,Emma Khumalo,Female,18,Houston,USA,29.780030,-95.348918,At Risk,2022-02-01
1503,William Scott,Male,43,Benoni,South Africa,-26.145585,28.357119,Champion,2023-05-26
1504,Lily Mitchell,Female,35,Toronto,Canada,43.641392,-79.341572,New Customer,2023-10-23
1505,James Evans,Male,49,Johannesburg,South Africa,-26.177950,28.080639,At Risk,2022-01-20
1506,Karabo Anderson,Male,56,San Antonio,USA,29.415564,-98.465949,New Customer,2021-01-26
1507,Harper Stewart,Female,25,Cardiff,UK,51.437663,-3.153756,Loyal,2023-07-22
1508,Sophia Davies,Female,30,Austin,USA,30.307639,-97.778507,At Risk,2023-11-25
1509,Thabo Evans,Male,42,Leeds,UK,53.848893,-1.572407,Loyal,2024-06-09
1510,Mohammed Brown,Male,45,Adelaide,Australia,-34.929038,138.579470,Dormant,2021-04-17
1511,Lauren Price,Female,18,Sandton,South Africa,-26.155021,28.077614,Loyal,2023-09-03
1512,Charlotte Khan,Female,52,Dallas,USA,32.819380,-96.828358,At Risk,2022-02-27
1513,Harry Naidoo,Male,58,Vancouver,Canada,49.268175,-123.166690,Champion,2024-01-09
1514,Harper Ndlovu,Female,49,Edmonton,Canada,53.594180,-113.505293,At Risk,2024-11-01
1515,Khanyisile Thompson,Female,56,Philadelphia,USA,39.942334,-75.180392,High Value,2024-11-01
1516,Alexis Davis,Female,26,Edinburgh,UK,55.936391,-3.141208,Champion,2023-11-09
1517,Hazel Jones,Female,43,Nelspruit,South Africa,-25.456926,30.954144,New Customer,2022-03-19
1518,Charlotte Smith,Female,62,Sheffield,UK,53.428559,-1.478385,Champion,2021-11-25
1519,Nozipho Taylor,Female,42,Phoenix,USA,33.495609,-112.093360,High Value,2023-12-15
1520,Connor Nkosi,Male,34,Nottingham,UK,52.968447,-1.142835,New Customer,2022-01-15
1521,Dylan Williams,Male,50,Chicago,USA,41.926853,-87.600883,At Risk,2022-08-02
1522,Thabo Davies,Male,24,Polokwane,South Africa,-23.923765,29.517032,Occasional,2024-09-22
1523,Ethan Hughes,Male,41,Sheffield,UK,53.373863,-1.498806,High Value,2021-02-04
1524,Themba Walker,Male,41,New York,USA,40.741277,-73.985457,Occasional,2022-04-11
1525,Ethan Phillips,Male,53,Toronto,Canada,43.691957,-79.394458,Occasional,2024-05-16
1526,Harper Hughes,Female,25,Durban,South Africa,-29.833467,30.996441,Loyal,2022-08-17
1527,Siyanda Thomas,Male,47,Soweto,South Africa,-26.234582,27.824277,Champion,2022-07-20
1528,Liam Green,Male,30,Port Elizabeth,South Africa,-34.006467,25.606147,Loyal,2024-03-11
1529,Ntombifuthi Garcia,Female,21,Durban,South Africa,-29.895169,31.067604,High Value,2022-06-22
1530,Isabella Wilson,Female,55,Sandton,South Africa,-26.157124,28.100552,New Customer,2024-11-15
1531,Henry Mthembu,Male,59,Birmingham,UK,52.521486,-1.909716,Champion,2023-06-25
1532,Sipho Murray,Male,22,Hamilton,Canada,43.304762,-79.835831,Champion,2024-12-17
1533,Lungelo Ngcobo,Male,27,Sandton,South Africa,-26.086543,28.054944,Dormant,2021-09-01
1534,Bongani Buthelezi,Male,50,Rustenburg,South Africa,-25.677499,27.272310,New Customer,2021-03-15
1535,Brianna Johnson,Female,33,Polokwane,South Africa,-23.927685,29.508402,Occasional,2024-08-16
1536,Kayla Wilson,Female,57,Winnipeg,Canada,49.920892,-97.129880,Dormant,2021-07-10
1537,Thabo Singh,Male,25,London,UK,51.544211,-0.177438,New Customer,2021-04-09
1538,Isabella Ndlovu,Female,44,East London,South Africa,-33.022992,27.953041,Occasional,2022-06-23
1539,Sibusiso Jones,Male,63,Hamilton,Canada,43.207022,-79.904551,New Customer,2022-06-18
1540,Brianna Nelson,Female,43,Bloemfontein,South Africa,-29.038850,26.193649,New Customer,2024-10-09
1541,Harry Carter,Male,42,Canberra,Australia,-35.288475,149.088828,Champion,2021-07-19
1542,Alexis Mkhize,Female,21,Miami,USA,25.771378,-80.149342,Dormant,2022-09-16
1543,Nokukhanya Garcia,Female,60,Leeds,UK,53.815371,-1.536275,High Value,2021-05-22
1544,Destiny Cele,Female,39,Cape Town,South Africa,-33.879963,18.464289,Champion,2023-05-13
1545,Lauren MacKenzie,Female,55,San Diego,USA,32.732728,-117.180907,New Customer,2022-09-17
1546,Samantha Thomas,Female,41,Port Elizabeth,South Africa,-33.922518,25.587046,Occasional,2023-08-03
1547,Hunter Smith,Male,42,Seattle,USA,47.603664,-122.369576,New Customer,2023-10-08
1548,Cooper MacKenzie,Male,24,Leeds,UK,53.790921,-1.583801,Loyal,2023-05-21
1549,Brittany Wilson,Female,51,Austin,USA,30.234441,-97.775994,New Customer,2021-01-07
1550,Sofia Robinson,Female,34,Cardiff,UK,51.443567,-3.162233,High Value,2024-09-07
1551,Musa Robertson,Male,51,Birmingham,UK,52.493091,-1.872600,Loyal,2021-01-04
1552,Alexis Shabalala,Female,63,Kimberley,South Africa,-28.757599,24.758403,New Customer,2022-04-05
1553,Emma Martin,Female,30,Soweto,South Africa,-26.298142,27.820655,Loyal,2024-10-20
1554,Harper Hughes,Female,23,Hobart,Australia,-42.835244,147.371867,Champion,2023-04-03
1555,Thabo Perez,Male,52,Los Angeles,USA,34.015999,-118.211279,Dormant,2023-02-05
1556,Mason Jones,Male,21,Philadelphia,USA,39.979346,-75.143589,High Value,2024-05-09
1557,Ethan Buthelezi,Male,57,Rustenburg,South Africa,-25.663579,27.201518,New Customer,2021-01-27
1558,Daniel Nelson,Male,46,Bloemfontein,South Africa,-29.058322,26.180159,Champion,2023-01-03
1559,Luna Walker,Female,64,Pretoria,South Africa,-25.753228,28.270474,Dormant,2023-10-13
1560,Charlotte Reddy,Female,62,Durban,South Africa,-29.860567,31.058372,New Customer,2023-02-11
1561,Chloe Ntuli,Female,23,Newcastle,UK,54.970325,-1.602350,Dormant,2022-09-04
1562,Tshepo Robertson,Male,44,Atlanta,USA,33.776138,-84.382536,Loyal,2021-07-07
1563,Mohammed Robertson,Male,39,Coventry,UK,52.390619,-1.568532,At Risk,2021-03-23
1564,Liam Masondo,Male,45,Chicago,USA,41.857053,-87.636005,Loyal,2022-01-19
1565,Sophia Taylor,Female,57,London,UK,51.464846,-0.116470,Dormant,2022-02-26
1566,Elijah Mthembu,Male,36,Miami,USA,25.793504,-80.227367,Loyal,2022-06-22
1567,James Adams,Male,48,San Diego,USA,32.725731,-117.167277,High Value,2021-10-14
1568,Hunter Clarke,Male,45,Rustenburg,South Africa,-25.699101,27.233208,At Risk,2021-12-23
1569,Nkosi Thomas,Male,27,Sydney,Australia,-33.879389,151.215979,High Value,2022-05-18
1570,Tshepo Zulu,Male,38,Cairns,Australia,-16.958405,145.775639,At Risk,2021-07-14
1571,Siyanda Wilson,Male,31,Seattle,USA,47.573880,-122.337615,Occasional,2024-07-24
1572,Lucas Smith,Male,30,Manchester,UK,53.432229,-2.267067,Dormant,2023-07-11
1573,Neha Perez,Female,36,Denver,USA,39.693233,-105.019992,Loyal,2023-09-17
1574,Lucas Hughes,Male,42,Cardiff,UK,51.446446,-3.149695,Loyal,2024-09-13
1575,Caleb Ntuli,Male,52,Belfast,UK,54.633466,-5.937387,High Value,2021-06-09
1576,Lesedi Roberts,Male,20,Darwin,Australia,-12.509246,130.851782,Champion,2021-06-15
1577,Karabo Wood,Male,64,Cardiff,UK,51.514661,-3.158780,At Risk,2021-06-20
1578,James Perez,Male,18,Vancouver,Canada,49.264435,-123.155384,Loyal,2024-10-11
1579,Hazel Miller,Female,19,Chicago,USA,41.905925,-87.617054,Loyal,2022-08-22
1580,Dylan MacKenzie,Male,24,Port Elizabeth,South Africa,-33.921583,25.567018,Loyal,2023-12-08
1581,William Naidoo,Male,34,Polokwane,South Africa,-23.933838,29.473726,High Value,2024-11-12
1582,Anisha Smith,Female,55,Vancouver,Canada,49.321075,-123.135451,Dormant,2024-03-10
1583,Nobuhle Wilson,Female,28,Melbourne,Australia,-37.848521,145.009311,Loyal,2023-12-17
1584,Benjamin Roberts,Male,38,San Antonio,USA,29.438502,-98.536408,Champion,2021-02-01
1585,Caleb Shabalala,Male,57,Hamilton,Canada,43.270729,-79.869728,At Risk,2021-10-04
1586,Sibusiso Evans,Male,65,Pretoria,South Africa,-25.779719,28.242754,At Risk,2024-02-10
1587,Thabo Fraser,Male,35,Darwin,Australia,-12.496617,130.859379,Dormant,2021-08-04
1588,Lauren Davies,Female,35,Port Elizabeth,South Africa,-33.960152,25.576665,Loyal,2021-03-05
1589,Sophia Nelson,Female,37,Miami,USA,25.784709,-80.199225,Dormant,2024-02-12
1590,Ella Ntuli,Female,55,Cairns,Australia,-16.967033,145.761366,Occasional,2024-09-17
1591,Jayden Anderson,Male,38,Houston,USA,29.749109,-95.396448,New Customer,2023-08-20
1592,Ava MacDonald,Female,53,Winnipeg,Canada,49.889293,-97.100812,At Risk,2023-11-09
1593,Jordan Garcia,Male,57,Glasgow,UK,55.817550,-4.206223,Champion,2021-10-14
1594,Mason Carter,Male,59,Leeds,UK,53.841338,-1.521344,Dormant,2023-12-26
1595,Chloe White,Female,28,Coventry,UK,52.429187,-1.472154,Champion,2024-09-06
1596,Ethan Williams,Male,33,Durban,South Africa,-29.856828,31.036634,High Value,2021-11-09
1597,Oliver Ntuli,Male,63,Atlanta,USA,33.751597,-84.347606,New Customer,2021-07-22
1598,Carter Mnguni,Male,44,Pietermaritzburg,South Africa,-29.628865,30.345658,New Customer,2024-06-06
1599,Victoria Roberts,Female,60,Benoni,South Africa,-26.157491,28.276032,High Value,2021-05-08
1600,James Robertson,Male,22,Montreal,Canada,45.531247,-73.594625,At Risk,2021-09-23
1601,Nhlanhla Govender,Male,21,Cairns,Australia,-16.955116,145.819989,Occasional,2022-05-28
1602,Emma Mokoena,Female,63,Denver,USA,39.689584,-104.994098,High Value,2024-08-16
1603,Ayanda Anderson,Female,52,Birmingham,UK,52.519494,-1.890545,At Risk,2022-12-21
1604,Kayla Mkhize,Female,43,Durban,South Africa,-29.816399,30.983158,At Risk,2024-03-19
1605,Lindiwe Garcia,Female,65,Cardiff,UK,51.483033,-3.129679,Occasional,2023-04-19
1606,Benjamin Walker,Male,47,San Antonio,USA,29.445898,-98.477552,New Customer,2024-05-17
1607,Nozipho Brown,Female,40,Halifax,Canada,44.690990,-63.573264,Dormant,2021-05-06
1608,Nokukhanya Khan,Female,49,Nelspruit,South Africa,-25.492647,30.932538,Occasional,2021-08-19
1609,Lucas Hughes,Male,39,Durban,South Africa,-29.845215,31.020147,At Risk,2023-02-24
1610,Anisha Nelson,Female,54,Dallas,USA,32.757684,-96.789129,Occasional,2024-09-08
1611,Zanele Robinson,Female,56,Canberra,Australia,-35.323136,149.127917,At Risk,2024-03-22
1612,Jacob Naidoo,Male,58,Sandton,South Africa,-26.156782,28.042270,Occasional,2021-10-22
1613,Charlotte MacDonald,Female,30,Brisbane,Australia,-27.458983,153.006259,Occasional,2023-06-02
1614,Ethan Ndlovu,Male,36,Sydney,Australia,-33.865468,151.201873,Champion,2022-04-22
1615,Isabella Evans,Female,52,Manchester,UK,53.514142,-2.237685,Occasional,2021-10-03
1616,Mia Harris,Female,59,Quebec City,Canada,46.853809,-71.175632,Champion,2024-05-09
1617,Priya Mahlangu,Female,51,Kimberley,South Africa,-28.776103,24.728097,Occasional,2024-09-24
1618,Tyler Buthelezi,Male,26,New York,USA,40.753847,-74.019955,Occasional,2022-03-20
1619,Jordan Anderson,Male,43,Polokwane,South Africa,-23.919912,29.478822,Champion,2021-01-01
1620,Emily Murphy,Female,32,Benoni,South Africa,-26.162566,28.351699,Champion,2023-10-07
1621,Emma Mahlangu,Female,52,Nelspruit,South Africa,-25.518546,31.005288,New Customer,2023-05-04
1622,Grace Smith,Female,61,San Jose,USA,37.320631,-121.908177,New Customer,2022-07-02
1623,Themba Adams,Male,21,Edmonton,Canada,53.548932,-113.521483,Dormant,2024-04-07
1624,Brianna Fraser,Female,44,Denver,USA,39.768852,-105.012032,Occasional,2023-12-02
1625,Kabelo Taylor,Male,49,Adelaide,Australia,-34.911495,138.620046,Champion,2023-07-17
1626,Owen Davies,Male,23,Durban,South Africa,-29.861357,31.025936,New Customer,2021-03-01
1627,Brittany Harris,Female,55,Ottawa,Canada,45.379926,-75.701775,Occasional,2024-08-23
1628,Charlotte Wood,Female,49,Cardiff,UK,51.431819,-3.162188,At Risk,2024-05-20
1629,Aisha Evans,Female,55,Nelspruit,South Africa,-25.463307,30.962292,Dormant,2022-03-27
1630,Tebogo MacDonald,Male,38,Durban,South Africa,-29.851491,31.018988,New Customer,2024-05-06
1631,Kabelo Masondo,Male,57,Denver,USA,39.696007,-104.978885,At Risk,2022-12-07
1632,Hazel Anderson,Female,59,Durban,South Africa,-29.883152,31.013832,At Risk,2021-01-20
1633,Themba MacKenzie,Male,22,Polokwane,South Africa,-23.870168,29.491607,High Value,2024-08-20
1634,Nkosi Khan,Male,43,East London,South Africa,-33.054953,27.952150,Dormant,2022-03-08
1635,Samuel Clarke,Male,58,San Jose,USA,37.305206,-121.847678,Occasional,2023-08-17
1636,Emma Mkhize,Female,64,San Diego,USA,32.711855,-117.129792,Champion,2024-08-23
1637,Aria Green,Female,27,Vancouver,Canada,49.307051,-123.138582,Dormant,2021-08-20
1638,Benjamin Khan,Male,49,Chicago,USA,41.877581,-87.676298,High Value,2023-07-26
1639,Priya Thomas,Female,21,Dallas,USA,32.755949,-96.783474,Champion,2022-12-22
1640,Mia Murphy,Female,52,Adelaide,Australia,-34.880998,138.632473,Champion,2022-12-06
1641,Lesedi Martin,Male,47,Houston,USA,29.806557,-95.327202,Occasional,2023-10-09
1642,Connor Thomson,Male,51,Nottingham,UK,52.992978,-1.128290,New Customer,2024-05-01
1643,Bongani Perez,Male,55,Johannesburg,South Africa,-26.233030,28.030781,Champion,2022-11-16
1644,Jack Miller,Male,20,Leeds,UK,53.769219,-1.520360,Dormant,2024-02-15
1645,Brandon Campbell,Male,38,New York,USA,40.706558,-74.031649,High Value,2022-02-14
1646,Nkosi Taylor,Male,49,Rustenburg,South Africa,-25.682312,27.252567,Occasional,2024-07-20
1647,Lerato Garcia,Female,56,Sheffield,UK,53.429189,-1.459833,New Customer,2024-09-14
1648,Lungelo Sithole,Male,36,Atlanta,USA,33.778318,-84.363384,New Customer,2024-09-01
1649,Nhlanhla Garcia,Male,61,New York,USA,40.688581,-73.976747,At Risk,2024-06-04
1650,Priya Davies,Female,20,Winnipeg,Canada,49.853653,-97.187998,New Customer,2023-02-24
1651,Sibongile Kunene,Female,40,East London,South Africa,-33.060118,27.908049,Loyal,2022-05-15
1652,Tebogo Ndlovu,Male,34,Atlanta,USA,33.727574,-84.399594,High Value,2021-01-28
1653,Emma Ntuli,Female,47,Sandton,South Africa,-26.080284,28.092581,Dormant,2022-10-14
1654,Owen Nelson,Male,52,Calgary,Canada,51.015198,-114.032414,Champion,2021-04-23
1655,Mia Mnguni,Female,41,Pietermaritzburg,South Africa,-29.587326,30.343369,Occasional,2024-08-23
1656,Layla Cele,Female,50,Leicester,UK,52.668985,-1.113188,High Value,2021-06-15
1657,Ravi Roberts,Male,62,Durban,South Africa,-29.899781,30.991474,New Customer,2024-07-28
1658,Mandla Zulu,Male,64,Hamilton,Canada,43.268955,-79.917956,Champion,2022-05-28
1659,Alexander Anderson,Male,45,London,UK,51.490565,-0.147313,New Customer,2021-09-12
1660,Kayla Anderson,Female,38,Philadelphia,USA,39.940463,-75.125977,Occasional,2023-06-09
1661,Ella Masondo,Female,56,Gold Coast,Australia,-27.992021,153.444965,Loyal,2022-10-14
1662,Caleb Taylor,Male,50,Pietermaritzburg,South Africa,-29.565463,30.357184,Dormant,2021-07-18
1663,Hunter Vilakazi,Male,47,Miami,USA,25.749753,-80.160835,Champion,2022-07-22
1664,Ella Mthembu,Female,33,Glasgow,UK,55.890100,-4.217474,Occasional,2023-03-25
1665,Owen Scott,Male,49,London,UK,51.536201,-0.130731,Occasional,2024-05-21
1666,Thabo Mitchell,Male,59,Philadelphia,USA,39.967352,-75.190736,High Value,2021-04-19
1667,Zanele Smith,Female,22,Sandton,South Africa,-26.148559,28.012335,Occasional,2023-01-07
1668,William Fraser,Male,56,Phoenix,USA,33.490441,-112.104780,New Customer,2021-10-07
1669,Ryan Stewart,Male,29,Hamilton,Canada,43.288225,-79.850392,New Customer,2021-06-18
1670,James Singh,Male,54,Liverpool,UK,53.422929,-3.023593,High Value,2024-07-22
1671,Aisha Masondo,Female,39,London,UK,51.474118,-0.110104,Occasional,2024-10-14
1672,Mandla Taylor,Male,65,San Diego,USA,32.707900,-117.168981,Dormant,2023-12-14
1673,Ethan Ngcobo,Male,27,Leicester,UK,52.641199,-1.175640,Loyal,2022-04-18
1674,Connor White,Male,30,Birmingham,UK,52.510174,-1.850178,At Risk,2023-05-19
1675,Busisiwe Wilson,Female,31,Dallas,USA,32.813862,-96.840018,At Risk,2021-12-21
1676,Mia MacDonald,Female,51,Manchester,UK,53.456508,-2.269806,New Customer,2024-09-03
1677,Vikram MacKenzie,Male,19,Atlanta,USA,33.754453,-84.437757,New Customer,2023-06-22
1678,Oliver Mkhize,Male,27,Edmonton,Canada,53.498283,-113.482025,Dormant,2022-11-22
1679,Lachlan Shabalala,Male,53,London,UK,51.555196,-0.170038,Dormant,2021-02-17
1680,Marcus Anderson,Male,65,Cape Town,South Africa,-33.909914,18.408008,At Risk,2022-11-16
1681,Victoria Adams,Female,60,Birmingham,UK,52.451310,-1.907573,Occasional,2023-10-08
1682,William Davies,Male,43,Philadelphia,USA,39.908128,-75.204428,New Customer,2024-07-13
1683,Alexis Wilson,Female,18,Benoni,South Africa,-26.174001,28.346344,Occasional,2023-04-17
1684,Zoe Baker,Female,32,Bristol,UK,51.419685,-2.540027,High Value,2024-06-08
1685,Sipho Jones,Male,30,Montreal,Canada,45.495841,-73.550609,Dormant,2022-01-18
1686,Lindiwe Thomson,Female,57,Sandton,South Africa,-26.099403,28.024955,Champion,2022-02-09
1687,Olivia Anderson,Female,46,Quebec City,Canada,46.838915,-71.227571,Dormant,2022-07-19
1688,William Davies,Male,45,Quebec City,Canada,46.835936,-71.198040,New Customer,2021-10-21
1689,Phindile Taylor,Female,30,Soweto,South Africa,-26.257533,27.860610,Occasional,2021-08-26
1690,Emma Kunene,Female,36,Cape Town,South Africa,-33.922747,18.454624,At Risk,2024-04-09
1691,Charlotte Moore,Female,43,Manchester,UK,53.442843,-2.207055,Loyal,2024-11-02
1692,Ravi Dlamini,Male,34,Dallas,USA,32.763570,-96.805821,Dormant,2022-04-21
1693,Phindile Naidoo,Female,37,Birmingham,UK,52.468748,-1.872141,Champion,2021-12-10
1694,Zoe Walker,Female,45,San Jose,USA,37.317687,-121.862548,New Customer,2021-06-19
1695,Lucas Robinson,Male,21,East London,South Africa,-32.973324,27.942115,Champion,2023-03-24
1696,Isabella MacKenzie,Female,45,Birmingham,UK,52.494459,-1.911889,High Value,2022-02-03
1697,Caleb Khan,Male,65,Birmingham,UK,52.439715,-1.875490,Loyal,2022-05-03
1698,Evelyn Nkosi,Female,60,Soweto,South Africa,-26.277926,27.811435,High Value,2024-07-25
1699,Bongani Mkhize,Male,37,Melbourne,Australia,-37.859922,144.947786,Champion,2023-11-09
1700,Musa Smith,Male,35,London,UK,51.528983,-0.132571,High Value,2021-03-18
1701,Amanda Sithole,Female,58,Edinburgh,UK,55.926882,-3.184008,Champion,2022-05-01
1702,Arjun Adams,Male,26,Leicester,UK,52.644185,-1.113784,New Customer,2023-03-09
1703,Kayla Jones,Female,19,Seattle,USA,47.583614,-122.339001,Loyal,2023-09-07
1704,Phindile Walker,Female,46,New York,USA,40.666447,-74.002956,Loyal,2023-04-05
1705,Kayla Moore,Female,55,Birmingham,UK,52.457190,-1.897694,High Value,2022-05-09
1706,Brianna Robinson,Female,22,Chicago,USA,41.908683,-87.649077,At Risk,2022-03-04
1707,Oliver Davis,Male,19,Kimberley,South Africa,-28.749980,24.799671,Loyal,2024-03-19
1708,Sofia Williams,Female,50,Liverpool,UK,53.429242,-2.960411,At Risk,2022-11-18
1709,Bongani Vilakazi,Male,49,Austin,USA,30.233697,-97.737522,Occasional,2023-02-01
1710,Luna Roberts,Female,54,Denver,USA,39.706574,-105.016431,Dormant,2021-06-04
1711,Zoe Robinson,Female,64,Quebec City,Canada,46.838951,-71.184091,Occasional,2024-06-12
1712,Ethan Baker,Male,31,Polokwane,South Africa,-23.943249,29.424908,New Customer,2022-03-07
1713,Aisha Shabalala,Female,47,Manchester,UK,53.488714,-2.241243,New Customer,2024-12-23
1714,Charlotte Wilson,Female,54,Liverpool,UK,53.456344,-2.993544,Champion,2024-10-19
1715,Lucas Roberts,Male,22,Atlanta,USA,33.715234,-84.394065,Dormant,2021-10-22
1716,Aiden Khumalo,Male,23,Nelspruit,South Africa,-25.510989,30.946576,Loyal,2024-11-21
1717,Nokukhanya Zulu,Female,39,Liverpool,UK,53.433541,-2.996396,At Risk,2022-03-27
1718,Lucas Davis,Male,24,Port Elizabeth,South Africa,-33.935044,25.648297,Champion,2021-09-24
1719,Leo Martin,Male,63,Kimberley,South Africa,-28.710754,24.725863,New Customer,2021-07-18
1720,Nobuhle Cele,Female,56,Canberra,Australia,-35.265788,149.116624,Loyal,2024-08-14
1721,Charlotte Wilson,Female,55,Atlanta,USA,33.708282,-84.436709,High Value,2023-11-01
1722,Amelia Thomas,Female,28,Nottingham,UK,52.984203,-1.189961,Occasional,2022-05-22
1723,Jackson Cele,Male,56,Sydney,Australia,-33.902930,151.255835,Loyal,2023-05-08
1724,Vikram Thompson,Male,52,Canberra,Australia,-35.304737,149.116777,Occasional,2022-10-12
1725,Zoe Hlongwane,Female,43,Dallas,USA,32.743999,-96.795981,Occasional,2023-04-16
1726,Aiden Moore,Male,38,Cardiff,UK,51.453891,-3.151531,High Value,2022-03-03
1727,George Johnson,Male,58,Birmingham,UK,52.491012,-1.865832,High Value,2024-11-05
1728,Hunter Hlongwane,Male,59,Bloemfontein,South Africa,-29.092083,26.139554,High Value,2021-08-20
1729,Nkosi Vilakazi,Male,65,Seattle,USA,47.616132,-122.340572,At Risk,2021-05-05
1730,Logan Murphy,Male,27,Dallas,USA,32.788439,-96.769161,Loyal,2023-06-13
1731,Olivia Jackson,Female,40,Port Elizabeth,South Africa,-33.976779,25.642155,New Customer,2022-09-05
1732,Benjamin Adams,Male,49,Durban,South Africa,-29.880506,31.067949,Loyal,2024-06-24
1733,Harper Price,Female,52,Melbourne,Australia,-37.824994,144.943575,Dormant,2023-05-18
1734,Nobuhle Evans,Female,58,Belfast,UK,54.636888,-5.965836,At Risk,2022-04-03
1735,Nomsa Harris,Female,40,Liverpool,UK,53.363887,-2.967674,High Value,2024-01-08
1736,Destiny Jackson,Female,47,Montreal,Canada,45.485026,-73.557856,High Value,2024-06-18
1737,Oliver Thomson,Male,37,Liverpool,UK,53.381683,-2.959077,High Value,2024-10-07
1738,Palesa Davis,Female,60,Coventry,UK,52.386481,-1.512948,New Customer,2024-10-05
1739,Mason Carter,Male,22,Cape Town,South Africa,-33.901000,18.382233,Occasional,2022-12-15
1740,Mia Nelson,Female,37,Chicago,USA,41.905884,-87.580932,Loyal,2022-06-24
1741,Amanda Wilson,Female,47,Denver,USA,39.763395,-104.986490,At Risk,2022-12-20
1742,Khanyisile Green,Female,52,Edmonton,Canada,53.555115,-113.514251,At Risk,2023-04-28
1743,Aria Green,Female,57,Darwin,Australia,-12.430805,130.856944,Champion,2023-09-12
1744,Evelyn Davies,Female,52,Port Elizabeth,South Africa,-33.956953,25.646809,Loyal,2023-02-01
1745,Brittany Govender,Female,45,Pretoria,South Africa,-25.780708,28.259184,Occasional,2023-07-14
1746,James Jones,Male,29,Quebec City,Canada,46.845959,-71.181062,Occasional,2023-08-05
1747,Palesa Johnson,Female,55,Rustenburg,South Africa,-25.715145,27.223707,New Customer,2023-06-26
1748,Anisha Mokoena,Female,42,Brisbane,Australia,-27.446009,153.062820,Loyal,2021-10-18
1749,Arjun Murray,Male,60,Benoni,South Africa,-26.143420,28.299464,High Value,2022-10-24
1750,Mandla Wilson,Male,57,Sandton,South Africa,-26.064138,28.069848,High Value,2024-05-07
1751,Aiden Ndlovu,Male,58,Soweto,South Africa,-26.290003,27.852997,Champion,2024-03-14
1752,Busisiwe Roberts,Female,35,Darwin,Australia,-12.488942,130.814199,New Customer,2022-10-28
1753,Themba Roberts,Male,52,Newcastle,UK,55.007952,-1.630389,Loyal,2023-09-18
1754,Lerato MacDonald,Female,28,Seattle,USA,47.651121,-122.289930,Dormant,2024-07-11
1755,Yusuf Molefe,Male,26,Vancouver,Canada,49.286485,-123.166319,At Risk,2022-09-07
1756,Nandi Clarke,Female,46,Melbourne,Australia,-37.769634,144.966654,High Value,2022-11-03
1757,Grace Reddy,Female,28,Gold Coast,Australia,-28.029156,153.393423,At Risk,2023-04-02
1758,Ella Phillips,Female,18,Seattle,USA,47.578608,-122.313756,At Risk,2023-03-09
1759,Grace Mokoena,Female,46,Coventry,UK,52.366099,-1.479555,Champion,2023-08-17
1760,Marcus Murphy,Male,22,Melbourne,Australia,-37.772250,144.979363,Champion,2022-03-12
1761,Marcus Wilson,Male,48,Coventry,UK,52.439026,-1.519576,Occasional,2024-12-27
1762,Jasmine MacKenzie,Female,49,Philadelphia,USA,39.987266,-75.164062,Champion,2021-08-21
1763,Ava Mkhize,Female,61,Bloemfontein,South Africa,-29.110007,26.111948,High Value,2024-12-28
1764,Lerato Harris,Female,25,Miami,USA,25.719001,-80.185517,Loyal,2021-07-24
1765,Abigail Robertson,Female,35,East London,South Africa,-33.029310,27.951068,Occasional,2023-01-05
1766,Fatima Patel,Female,58,Hamilton,Canada,43.277437,-79.901273,Dormant,2023-09-25
1767,Nhlanhla Phillips,Male,25,Seattle,USA,47.561211,-122.378458,Occasional,2024-07-05
1768,Musa Ngcobo,Male,52,Darwin,Australia,-12.488846,130.822732,Champion,2021-07-05
1769,Sophia Carter,Female,59,Austin,USA,30.282289,-97.788484,At Risk,2022-05-20
1770,Lerato Phillips,Female,48,Soweto,South Africa,-26.291213,27.834680,Champion,2023-06-09
1771,Daniel Price,Male,40,Edinburgh,UK,55.995638,-3.158461,Loyal,2021-12-11
1772,Aisha MacDonald,Female,38,Miami,USA,25.751642,-80.169942,New Customer,2021-06-23
1773,Connor Jones,Male,24,Durban,South Africa,-29.888897,31.032090,High Value,2022-01-08
1774,Phindile Nkosi,Female,29,Miami,USA,25.810022,-80.216849,High Value,2022-11-09
1775,Kayla Wood,Female,18,Brisbane,Australia,-27.513513,153.067256,Occasional,2021-05-10
1776,Phindile Davies,Female,29,Sandton,South Africa,-26.109800,28.101356,Loyal,2022-02-04
1777,Ella Turner,Female,37,Brisbane,Australia,-27.431139,153.027465,Occasional,2023-06-02
1778,Sandile Khumalo,Male,29,Benoni,South Africa,-26.167892,28.365899,Occasional,2021-03-26
1779,Brianna Majola,Female,60,Vancouver,Canada,49.300626,-123.100319,New Customer,2022-07-28
1780,Anisha Khan,Female,22,Sandton,South Africa,-26.114568,28.073786,New Customer,2021-07-16
1781,Ravi Wood,Male,37,Bloemfontein,South Africa,-29.039187,26.193443,Occasional,2023-04-18
1782,Sipho Lewis,Male,63,Philadelphia,USA,39.925538,-75.124132,New Customer,2024-11-18
1783,Hazel Sithole,Female,46,Liverpool,UK,53.422145,-3.030062,Loyal,2021-07-11
1784,Thabo Pillay,Male,60,Benoni,South Africa,-26.229810,28.358847,Loyal,2022-09-07
1785,Siyanda Roberts,Male,21,Hamilton,Canada,43.292421,-79.862053,Champion,2022-02-08
1786,Henry Nelson,Male,43,Port Elizabeth,South Africa,-33.940366,25.623604,High Value,2024-05-19
1787,James Mnguni,Male,64,Sheffield,UK,53.335868,-1.482177,Dormant,2024-09-28
1788,Ravi Thomas,Male,47,Pietermaritzburg,South Africa,-29.569023,30.369786,Dormant,2022-02-11
1789,Nomsa Zwane,Female,22,Adelaide,Australia,-34.896483,138.636147,Champion,2023-10-06
1790,Mandla Davies,Male,24,Benoni,South Africa,-26.168110,28.338525,High Value,2022-08-03
1791,Aria MacDonald,Female,53,Dallas,USA,32.793903,-96.833880,High Value,2023-08-26
1792,Amelia Ntuli,Female,48,Soweto,South Africa,-26.277391,27.858763,High Value,2023-05-25
1793,Mandla Thomson,Male,51,Calgary,Canada,51.088713,-114.097051,New Customer,2023-02-25
1794,Ava Price,Female,47,Montreal,Canada,45.500329,-73.565991,Dormant,2024-12-14
1795,Emily Davies,Female,26,Hamilton,Canada,43.229579,-79.892579,New Customer,2024-03-16
1796,Aisha Martin,Female,62,Polokwane,South Africa,-23.946650,29.442344,High Value,2022-08-24
1797,Lesedi Robertson,Male,26,Gold Coast,Australia,-28.016645,153.392211,At Risk,2021-08-03
1798,Charlotte Majola,Female,65,Miami,USA,25.761987,-80.191557,At Risk,2023-10-21
1799,Sophia Thompson,Female,40,Cairns,Australia,-16.905417,145.778936,Loyal,2024-02-22
1800,Nandi Moore,Female,22,Port Elizabeth,South Africa,-33.943804,25.614658,High Value,2024-05-18
1801,Daniel Khumalo,Male,56,Durban,South Africa,-29.840749,30.987370,Loyal,2024-01-05
1802,Noah Mthembu,Male,41,Bloemfontein,South Africa,-29.125168,26.120087,Dormant,2021-12-15
1803,Ava Singh,Female,43,Brisbane,Australia,-27.465820,153.055479,At Risk,2022-03-09
1804,Yusuf Nkosi,Male,57,Cape Town,South Africa,-33.931564,18.431381,New Customer,2022-12-03
1805,Ayanda Ngcobo,Female,26,Nelspruit,South Africa,-25.446516,30.930780,High Value,2023-05-16
1806,Jennifer Martin,Female,65,Edmonton,Canada,53.585725,-113.469792,Occasional,2022-05-26
1807,Neha Anderson,Female,61,Sandton,South Africa,-26.075530,28.092470,New Customer,2022-09-24
1808,Ava Williams,Female,35,Atlanta,USA,33.731609,-84.401642,Occasional,2023-06-20
1809,Liam Walker,Male,22,Melbourne,Australia,-37.786647,144.947858,Loyal,2024-04-15
1810,Oliver Mahlangu,Male,56,Bristol,UK,51.455292,-2.559806,High Value,2023-10-24
1811,Ayanda Evans,Female,53,Phoenix,USA,33.491704,-112.031552,High Value,2023-05-17
1812,Nathan MacDonald,Male,55,Port Elizabeth,South Africa,-33.955776,25.635399,Loyal,2022-03-19
1813,Harper Clarke,Female,33,Miami,USA,25.771472,-80.183129,Loyal,2024-12-26
1814,Jasmine Clarke,Female,40,Halifax,Canada,44.657431,-63.615032,Loyal,2022-09-26
1815,Aria Martin,Female,39,Polokwane,South Africa,-23.944493,29.468180,Occasional,2022-05-12
1816,Jennifer Smith,Female,18,Phoenix,USA,33.482263,-112.058106,Dormant,2022-11-09
1817,Tshepo Robinson,Male,65,Sheffield,UK,53.361121,-1.512411,Loyal,2023-04-15
1818,Mohammed Davies,Male,53,London,UK,51.525187,-0.157107,Loyal,2021-02-18
1819,Olivia Williams,Female,19,Belfast,UK,54.630074,-5.971667,Loyal,2021-11-28
1820,Lesedi Cele,Male,31,Phoenix,USA,33.461248,-112.028107,Loyal,2021-02-14
1821,George Baker,Male,62,Philadelphia,USA,39.933470,-75.200461,High Value,2023-09-06
1822,Yusuf Robinson,Male,48,Sydney,Australia,-33.855210,151.224026,At Risk,2023-08-09
1823,Evelyn Hall,Female,36,Johannesburg,South Africa,-26.187277,28.050373,At Risk,2023-06-01
1824,Olivia Evans,Female,54,Nottingham,UK,52.983869,-1.137909,Occasional,2022-06-18
1825,Mia Wilson,Female,23,Rustenburg,South Africa,-25.706089,27.272693,At Risk,2024-03-12
1826,Dylan Cele,Male,52,Adelaide,Australia,-34.960201,138.580931,Occasional,2022-07-24
1827,Jacob Price,Male,55,Darwin,Australia,-12.472894,130.883887,Champion,2023-04-19
1828,Siyanda Miller,Male,30,Newcastle,UK,54.945490,-1.573006,Loyal,2021-03-03
1829,Jordan MacDonald,Male,38,Birmingham,UK,52.458723,-1.902460,Occasional,2023-03-19
1830,Mason Dlamini,Male,40,Bristol,UK,51.424908,-2.572086,Loyal,2021-07-14
1831,Caleb Jackson,Male,41,Brisbane,Australia,-27.451315,153.060393,Occasional,2022-06-18
1832,Lily Vilakazi,Female,22,Austin,USA,30.268835,-97.772213,Dormant,2023-10-22
1833,Nobuhle Scott,Female,35,Belfast,UK,54.567389,-5.975819,High Value,2022-04-09
1834,Charlotte Lewis,Female,29,Melbourne,Australia,-37.824041,144.954066,New Customer,2024-04-04
1835,Vikram Mahlangu,Male,54,Bristol,UK,51.410460,-2.603443,Loyal,2022-01-13
1836,Vikram Ntuli,Male,60,Pietermaritzburg,South Africa,-29.554270,30.367008,Champion,2023-09-03
1837,Nora Buthelezi,Female,30,Leicester,UK,52.631702,-1.102641,Loyal,2022-07-17
1838,Sibongile Naidoo,Female,41,Miami,USA,25.722145,-80.142224,At Risk,2022-06-01
1839,Hannah Murray,Female,61,Atlanta,USA,33.797943,-84.408869,Occasional,2021-02-08
1840,Brianna Turner,Female,59,Adelaide,Australia,-34.951575,138.639787,Loyal,2023-08-05
1841,Olivia Thomson,Female,35,Benoni,South Africa,-26.139764,28.323572,At Risk,2021-01-05
1842,Nkosi Roberts,Male,52,Perth,Australia,-31.931929,115.867686,Dormant,2022-08-14
1843,Benjamin Khan,Male,56,Denver,USA,39.739319,-104.942491,Dormant,2022-01-16
1844,Ayanda Davies,Female,65,Soweto,South Africa,-26.245134,27.820273,Champion,2023-07-03
1845,Priya Wilson,Female,51,Denver,USA,39.785397,-104.985507,Occasional,2022-01-05
1846,Kayla Wilson,Female,50,Hobart,Australia,-42.918019,147.343162,New Customer,2022-06-11
1847,Mpho Buthelezi,Male,50,Seattle,USA,47.572613,-122.321429,At Risk,2021-07-04
1848,Nkosi Miller,Male,44,Port Elizabeth,South Africa,-33.929175,25.594304,New Customer,2022-10-19
1849,Ntombifuthi Fraser,Female,58,Melbourne,Australia,-37.768769,144.913562,Dormant,2022-02-17
1850,Khanyisile Stewart,Female,31,San Antonio,USA,29.436771,-98.523012,Occasional,2022-01-05
1851,Tebogo Baker,Male,53,Manchester,UK,53.476016,-2.201655,Champion,2022-04-09
1852,Logan MacKenzie,Male,29,Johannesburg,South Africa,-26.213378,28.076403,Champion,2023-07-03
1853,Oliver Martinez,Male,59,Perth,Australia,-31.944921,115.811373,Loyal,2022-11-05
1854,Ayanda Anderson,Female,65,Canberra,Australia,-35.280062,149.101428,Champion,2021-01-08
1855,Lerato Thomas,Female,21,Johannesburg,South Africa,-26.172877,28.086426,Champion,2024-06-04
1856,Sibusiso Moore,Male,45,Hobart,Australia,-42.875526,147.301173,At Risk,2022-02-17
1857,Jacob Cele,Male,38,Pietermaritzburg,South Africa,-29.643359,30.353834,Champion,2022-11-12
1858,Tshepo Taylor,Male,19,Leeds,UK,53.808834,-1.580287,Dormant,2021-02-24
1859,Sophia Scott,Female,51,Brisbane,Australia,-27.519207,153.070370,Dormant,2023-06-11
1860,Jennifer Pillay,Female,43,Los Angeles,USA,34.078495,-118.254916,High Value,2021-04-10
1861,Emma Miller,Female,51,Perth,Australia,-31.977749,115.885077,Occasional,2024-05-18
1862,Lauren Green,Female,21,Sydney,Australia,-33.821724,151.173043,Dormant,2023-08-09
1863,Nomsa Zwane,Female,21,Atlanta,USA,33.738132,-84.351116,Dormant,2023-03-24
1864,Emily Miller,Female,27,Kimberley,South Africa,-28.731509,24.796620,High Value,2021-08-16
1865,Ava Garcia,Female,35,Miami,USA,25.749134,-80.193392,New Customer,2024-06-08
1866,Mohammed Mitchell,Male,37,Newcastle,UK,55.014999,-1.585190,At Risk,2023-04-14
1867,Lily Singh,Female,62,Brisbane,Australia,-27.441632,153.028584,At Risk,2022-05-20
1868,Ryan Hlongwane,Male,65,Calgary,Canada,51.070937,-114.067878,Loyal,2022-02-13
1869,Lauren Baker,Female,58,Dallas,USA,32.796443,-96.767910,Dormant,2022-05-02
1870,Marcus Campbell,Male,26,Winnipeg,Canada,49.906203,-97.100321,New Customer,2021-01-10
1871,Lerato Martinez,Female,27,San Jose,USA,37.366345,-121.925475,Champion,2023-09-17
1872,Madison Campbell,Female,65,Bristol,UK,51.409712,-2.617055,Loyal,2024-09-20
1873,Jordan Naidoo,Male,19,Edinburgh,UK,55.982433,-3.154065,Dormant,2022-12-24
1874,Brittany Walker,Female,59,Pretoria,South Africa,-25.778400,28.210061,New Customer,2023-06-20
1875,Lucas Jackson,Male,59,Austin,USA,30.290640,-97.747030,Loyal,2022-04-06
1876,Khanyisile Sithole,Female,21,Edmonton,Canada,53.533878,-113.461659,Loyal,2022-12-15
1877,Sibongile Thomas,Female,36,Houston,USA,29.759820,-95.398073,Loyal,2022-04-01
1878,Aisha Ndlovu,Female,65,San Diego,USA,32.669933,-117.209855,Loyal,2023-10-28
1879,Nhlanhla Anderson,Male,25,Sydney,Australia,-33.847797,151.228336,Loyal,2023-11-20
1880,Henry Miller,Male,37,Brisbane,Australia,-27.430064,152.985116,Occasional,2021-09-24
1881,Tyler Thompson,Male,35,Atlanta,USA,33.777363,-84.413022,At Risk,2023-05-04
1882,Mason Vilakazi,Male,50,Sandton,South Africa,-26.078382,28.056324,Occasional,2024-05-01
1883,Jayden Wilson,Male,46,Cape Town,South Africa,-33.973521,18.462722,High Value,2021-03-26
1884,Brittany Cele,Female,28,Ottawa,Canada,45.464982,-75.741884,Dormant,2022-03-10
1885,Liam Mkhize,Male,50,Manchester,UK,53.506751,-2.255572,Loyal,2021-12-17
1886,Amelia Ndlovu,Female,46,Sandton,South Africa,-26.073575,28.046841,Loyal,2022-04-18
1887,Tyler Anderson,Male,41,Sandton,South Africa,-26.138394,28.035086,At Risk,2023-11-07
1888,Mandla Walker,Male,45,Austin,USA,30.262192,-97.737365,Dormant,2022-11-02
1889,Jack Evans,Male,45,Sheffield,UK,53.360556,-1.442471,High Value,2022-02-26
1890,Noah Davies,Male,34,Hobart,Australia,-42.882336,147.346727,Occasional,2022-12-08
1891,Sandile Hughes,Male,65,Calgary,Canada,51.055229,-114.094325,Dormant,2022-11-04
1892,Victoria Jones,Female,38,Benoni,South Africa,-26.215024,28.340832,Loyal,2021-08-28
1893,Mia Shabalala,Female,44,Leeds,UK,53.819306,-1.560837,Champion,2022-08-07
1894,Elijah Fraser,Male,60,Philadelphia,USA,39.911596,-75.142738,Loyal,2021-03-02
1895,Madison Anderson,Female,21,Soweto,South Africa,-26.299288,27.904127,Dormant,2023-07-09
1896,Ethan Nkosi,Male,65,Houston,USA,29.785101,-95.385660,New Customer,2021-08-14
1897,Brianna Wilson,Female,52,Adelaide,Australia,-34.963683,138.639480,Champion,2023-05-25
1898,Bongiwe Mthembu,Female,57,Vancouver,Canada,49.260376,-123.156254,Occasional,2024-01-05
1899,Charlotte MacKenzie,Female,55,Houston,USA,29.737302,-95.389527,Occasional,2021-03-14
1900,Noah Singh,Male,29,Port Elizabeth,South Africa,-33.996088,25.590358,High Value,2023-07-14
1901,Charlotte Majola,Female,23,Sandton,South Africa,-26.132139,28.037358,Champion,2024-07-15
1902,Yusuf Pillay,Male,29,Johannesburg,South Africa,-26.229041,28.033630,New Customer,2024-10-11
1903,William Majola,Male,20,Phoenix,USA,33.486352,-112.026449,Champion,2022-11-26
1904,Mandla Scott,Male,55,Sheffield,UK,53.352680,-1.421659,High Value,2023-03-16
1905,Mia Evans,Female,31,Liverpool,UK,53.444323,-3.007883,New Customer,2023-07-28
1906,Logan Williams,Male,61,Johannesburg,South Africa,-26.168912,28.085358,Champion,2022-06-18
1907,Madison Williams,Female,18,Benoni,South Africa,-26.220616,28.323033,Occasional,2023-01-12
1908,Fatima Zwane,Female,56,Nottingham,UK,52.951566,-1.181507,Dormant,2024-08-10
1909,William Stewart,Male,50,Calgary,Canada,51.082445,-114.113576,New Customer,2024-09-22
1910,Jordan Hlongwane,Male,23,Dallas,USA,32.736157,-96.828546,Champion,2024-12-17
1911,Khanyisile Mthembu,Female,62,Houston,USA,29.746802,-95.369900,At Risk,2024-04-25
1912,Yusuf Khumalo,Male,45,Manchester,UK,53.448886,-2.263212,High Value,2021-03-25
1913,Oliver Davis,Male,50,Hamilton,Canada,43.302236,-79.903932,Loyal,2021-02-14
1914,Dylan Taylor,Male,65,Seattle,USA,47.586226,-122.323257,New Customer,2021-04-18
1915,Emily Fraser,Female,61,San Antonio,USA,29.434903,-98.492413,Dormant,2024-03-12
1916,Jennifer Khan,Female,36,Miami,USA,25.802128,-80.176940,High Value,2023-01-26
1917,Nokwanda Hall,Female,23,New York,USA,40.734775,-74.038335,High Value,2023-10-21
1918,Lesedi White,Male,57,Cape Town,South Africa,-33.903719,18.380716,New Customer,2022-10-23
1919,Sandile Thomson,Male,65,Kimberley,South Africa,-28.687993,24.750745,Loyal,2021-04-08
1920,Nokwanda Thomson,Female,36,San Diego,USA,32.685159,-117.197791,High Value,2022-03-09
1921,Jordan Khumalo,Male,23,Soweto,South Africa,-26.275882,27.884299,High Value,2022-07-19
1922,Jacob Zwane,Male,56,Coventry,UK,52.392006,-1.471966,High Value,2023-12-05
1923,Palesa Anderson,Female,47,Rustenburg,South Africa,-25.658892,27.244462,Occasional,2021-10-26
1924,Jayden Khumalo,Male,37,Rustenburg,South Africa,-25.661682,27.203910,Occasional,2024-12-07
1925,Benjamin Mnguni,Male,47,Brisbane,Australia,-27.439062,153.056484,Loyal,2021-07-06
1926,Carter Campbell,Male,29,Phoenix,USA,33.401498,-112.088933,New Customer,2023-11-22
1927,Connor Miller,Male,40,Johannesburg,South Africa,-26.154120,28.054414,Champion,2024-09-07
1928,Fatima Green,Female,37,Coventry,UK,52.455783,-1.484229,At Risk,2024-08-17
1929,Sandile Walker,Male,34,Toronto,Canada,43.682697,-79.338130,Dormant,2021-02-14
1930,Neha Harris,Female,42,Melbourne,Australia,-37.846628,145.011085,At Risk,2024-09-18
1931,Nathan Ngcobo,Male,50,Philadelphia,USA,39.956379,-75.125359,Dormant,2022-11-24
1932,William Smith,Male,49,East London,South Africa,-33.003529,27.871322,New Customer,2022-10-20
1933,Bongani Hughes,Male,57,Halifax,Canada,44.606479,-63.586959,New Customer,2023-10-06
1934,Daniel Mnguni,Male,24,Edinburgh,UK,55.977173,-3.165447,Loyal,2022-04-24
1935,Madison Wood,Female,26,Bristol,UK,51.471883,-2.538786,Champion,2021-09-19
1936,Zoe Adams,Female,65,Edmonton,Canada,53.541341,-113.538944,High Value,2021-07-11
1937,Leo Naidoo,Male,47,East London,South Africa,-33.062767,27.870540,Loyal,2021-12-18
1938,Amanda Jackson,Female,38,Brisbane,Australia,-27.483155,153.014555,Dormant,2023-12-12
1939,Lesedi Clarke,Male,27,Bloemfontein,South Africa,-29.080033,26.136434,High Value,2023-04-07
1940,Jayden Davies,Male,26,Dallas,USA,32.764757,-96.751560,At Risk,2022-12-28
1941,Layla Williams,Female,46,Melbourne,Australia,-37.842634,144.921150,At Risk,2023-02-19
1942,Lily Harris,Female,26,Port Elizabeth,South Africa,-33.979872,25.570757,New Customer,2023-09-25
1943,William Turner,Male,23,Philadelphia,USA,39.992031,-75.184396,Occasional,2024-03-15
1944,Aisha Khan,Female,58,Austin,USA,30.234032,-97.719736,Loyal,2024-12-21
1945,Alexander Mitchell,Male,38,Hamilton,Canada,43.212279,-79.854320,Occasional,2023-06-20
1946,Aisha Jackson,Female,44,Birmingham,UK,52.479400,-1.909567,Loyal,2021-08-06
1947,Ashley Robinson,Female,39,Newcastle,UK,55.007937,-1.656043,Champion,2024-07-10
1948,Themba Robertson,Male,65,Glasgow,UK,55.820496,-4.286753,Occasional,2022-12-26
1949,Abigail Roberts,Female,59,Durban,South Africa,-29.835260,31.061275,Loyal,2022-12-02
1950,Musa Murphy,Male,62,Benoni,South Africa,-26.234780,28.367948,Champion,2021-12-26
1951,Musa Phillips,Male,54,Perth,Australia,-31.920132,115.847951,At Risk,2022-01-08
1952,Ashley Wilson,Female,28,East London,South Africa,-33.062330,27.886377,Occasional,2023-05-27
1953,Luna Majola,Female,49,Cardiff,UK,51.518529,-3.199636,At Risk,2024-09-20
1954,Hazel Taylor,Female,28,Newcastle,UK,55.014468,-1.642849,New Customer,2023-09-15
1955,Jackson Dlamini,Male,19,Perth,Australia,-31.901981,115.900195,Occasional,2021-10-26
1956,Emily Zwane,Female,41,Leeds,UK,53.828998,-1.565296,Champion,2023-09-16
1957,Kayla Baker,Female,54,Quebec City,Canada,46.801313,-71.186397,Champion,2024-05-21
1958,Brandon Khan,Male,35,Sandton,South Africa,-26.120531,28.059415,At Risk,2022-11-03
1959,Nhlanhla Wilson,Male,22,Houston,USA,29.743410,-95.366192,High Value,2022-01-01
1960,Ryan Hall,Male,60,Ottawa,Canada,45.450420,-75.743132,Dormant,2023-04-05
1961,Mason Mitchell,Male,18,Philadelphia,USA,39.964104,-75.181045,Loyal,2024-11-28
1962,Olivia Wilson,Female,51,Winnipeg,Canada,49.861302,-97.153551,High Value,2024-05-15
1963,Evelyn Taylor,Female,23,Cairns,Australia,-16.901756,145.788643,Champion,2023-05-28
1964,Mason Thomas,Male,28,Coventry,UK,52.450224,-1.501381,Champion,2024-05-07
1965,Hazel Thomas,Female,23,Port Elizabeth,South Africa,-33.970457,25.609184,Occasional,2022-11-14
1966,Themba Patel,Male,19,Austin,USA,30.296861,-97.736502,Occasional,2022-11-19
1967,Nhlanhla Thomas,Male,63,Glasgow,UK,55.838399,-4.260351,Champion,2021-11-19
1968,Olivia Smith,Female,55,Durban,South Africa,-29.835957,31.012212,Champion,2024-12-13
1969,Nora Nelson,Female,49,Benoni,South Africa,-26.166436,28.355380,Occasional,2023-10-16
1970,Lindiwe Carter,Female,57,Miami,USA,25.795684,-80.194035,Loyal,2023-09-17
1971,Mohammed Mokoena,Male,64,New York,USA,40.718690,-74.035702,New Customer,2021-05-27
1972,Oliver Murray,Male,42,Polokwane,South Africa,-23.875582,29.499879,At Risk,2021-05-01
1973,Leo Davis,Male,31,Hobart,Australia,-42.894973,147.353101,New Customer,2022-12-21
1974,Zanele Fraser,Female,48,Los Angeles,USA,34.019863,-118.215697,At Risk,2021-01-01
1975,Karabo Davies,Male,29,East London,South Africa,-33.025049,27.864518,High Value,2023-03-22
1976,Layla Evans,Female,18,Phoenix,USA,33.489761,-112.056886,At Risk,2023-04-25
1977,Sofia Thomas,Female,30,Belfast,UK,54.581010,-5.938361,New Customer,2023-10-15
1978,Anisha Majola,Female,48,Brisbane,Australia,-27.451066,153.034573,At Risk,2021-12-07
1979,Arjun Davies,Male,55,London,UK,51.458075,-0.159334,Loyal,2024-01-10
1980,Isabella Jackson,Female,42,Rustenburg,South Africa,-25.658372,27.255430,Dormant,2023-10-24
1981,Kayla Roberts,Female,26,Houston,USA,29.711263,-95.406597,Champion,2023-09-14
1982,Jack Martinez,Male,47,Seattle,USA,47.608881,-122.301276,New Customer,2024-12-08
1983,Marcus MacDonald,Male,37,Montreal,Canada,45.528508,-73.551100,Champion,2022-02-20
1984,Musa MacDonald,Male,53,Leeds,UK,53.836041,-1.562105,Champion,2023-11-02
1985,Ntombifuthi Dlamini,Female,40,Melbourne,Australia,-37.858863,144.959984,Occasional,2022-12-27
1986,Ryan Anderson,Male,42,Soweto,South Africa,-26.243042,27.884707,New Customer,2023-08-06
1987,Ryan Fraser,Male,25,New York,USA,40.726328,-74.018569,High Value,2021-10-17
1988,Evelyn Taylor,Female,22,San Jose,USA,37.346570,-121.904603,Loyal,2021-01-15
1989,Thabo Hlongwane,Male,49,Sheffield,UK,53.428540,-1.481438,Champion,2024-06-26
1990,Mason Mthembu,Male,61,Winnipeg,Canada,49.906905,-97.089042,High Value,2022-06-25
1991,Harper Turner,Female,38,Calgary,Canada,51.021187,-114.109212,High Value,2022-11-21
1992,Hunter Baker,Male,40,Durban,South Africa,-29.893533,30.984502,New Customer,2022-05-06
1993,Harper Taylor,Female,48,Chicago,USA,41.898923,-87.670830,New Customer,2021-12-08
1994,Mandla MacDonald,Male,56,Vancouver,Canada,49.251312,-123.137585,Champion,2024-05-27
1995,Lungelo Hall,Male,45,Gold Coast,Australia,-27.981859,153.391083,New Customer,2024-11-08
1996,Layla Brown,Female,61,Perth,Australia,-31.942287,115.886384,Loyal,2023-11-07
1997,Vikram Taylor,Male,20,Newcastle,UK,54.932229,-1.633102,Champion,2021-11-07
1998,Siyanda Harris,Male,56,San Jose,USA,37.322142,-121.861468,Dormant,2021-10-16
1999,Amelia Wilson,Female,33,Nelspruit,South Africa,-25.432080,30.949596,At Risk,2023-10-18
2000,Lauren Martinez,Female,52,Pretoria,South Africa,-25.740379,28.240378,Occasional,2023-02-23
2001,Lachlan Lewis,Male,35,Darwin,Australia,-12.417789,130.888325,Occasional,2021-04-10
2002,Amelia Martin,Female,23,Houston,USA,29.774435,-95.416873,At Risk,2021-06-11
2003,Nokwanda MacDonald,Female,30,Adelaide,Australia,-34.908416,138.604906,New Customer,2023-07-25
2004,George Davies,Male,24,Rustenburg,South Africa,-25.629286,27.245952,At Risk,2024-06-07
2005,Jackson Wilson,Male,24,Chicago,USA,41.927852,-87.628592,Occasional,2023-07-22
2006,Lungelo Ntuli,Male,58,Kimberley,South Africa,-28.712698,24.729882,High Value,2022-09-11
2007,Olivia Walker,Female,42,Sheffield,UK,53.403745,-1.493932,Occasional,2022-05-15
2008,Ayanda Buthelezi,Female,56,East London,South Africa,-32.995573,27.919359,Champion,2023-07-20
2009,Nora Johnson,Female,32,San Diego,USA,32.718192,-117.145945,New Customer,2023-05-27
2010,Phindile Wood,Female,49,Manchester,UK,53.494142,-2.254446,Loyal,2024-02-11
2011,Lungelo Smith,Male,32,Sandton,South Africa,-26.073321,28.070337,Champion,2023-07-28
2012,Owen Smith,Male,22,Nelspruit,South Africa,-25.497708,31.003871,New Customer,2024-05-03
2013,Cooper Ntuli,Male,53,Newcastle,UK,55.008489,-1.583440,Champion,2022-01-06
2014,Lesedi Govender,Male,37,Pietermaritzburg,South Africa,-29.568416,30.415169,Champion,2022-10-22
2015,Lungelo Martin,Male,46,Birmingham,UK,52.482207,-1.925236,High Value,2023-11-14
2016,Dylan Dlamini,Male,33,Darwin,Australia,-12.441301,130.808513,Loyal,2021-09-19
2017,Layla Robinson,Female,65,Los Angeles,USA,34.050884,-118.240272,Champion,2023-08-06
2018,James Robinson,Male,33,Seattle,USA,47.608974,-122.301532,Occasional,2024-11-05
2019,Ntombifuthi Robertson,Female,46,Durban,South Africa,-29.857327,31.033529,At Risk,2024-01-06
2020,Mason Brown,Male,64,Bristol,UK,51.502190,-2.591600,Champion,2023-02-12
2021,Nomsa Wood,Female,40,Halifax,Canada,44.616649,-63.559666,New Customer,2024-09-28
2022,Evelyn Davis,Female,39,Los Angeles,USA,34.095417,-118.290914,At Risk,2023-04-02
2023,Ethan Pillay,Male,49,Sydney,Australia,-33.916188,151.223983,Loyal,2024-12-12
2024,Anisha Davies,Female,41,Manchester,UK,53.438288,-2.282845,Loyal,2024-11-10
2025,Destiny Mahlangu,Female,25,Manchester,UK,53.530327,-2.288466,Loyal,2022-10-19
2026,Connor Singh,Male,63,Durban,South Africa,-29.824076,31.062598,At Risk,2022-02-17
2027,Busisiwe Khumalo,Female,57,Calgary,Canada,51.075577,-114.093156,At Risk,2022-08-09
2028,Ethan Vilakazi,Male,32,Sheffield,UK,53.338357,-1.424793,Occasional,2021-01-09
2029,Daniel Ntuli,Male,55,London,UK,51.474216,-0.151938,New Customer,2022-08-22
2030,Mia Lewis,Female,24,Liverpool,UK,53.380212,-2.958240,Loyal,2022-01-28
2031,Mia Roberts,Female,51,New York,USA,40.715134,-73.975002,At Risk,2024-05-10
2032,Themba Pillay,Male,27,Vancouver,Canada,49.239486,-123.086640,Occasional,2021-10-28
2033,Jasmine Clarke,Female,43,East London,South Africa,-32.989126,27.889376,Champion,2021-09-19
2034,Ella Green,Female,34,Houston,USA,29.743560,-95.378684,High Value,2022-03-02
2035,Lerato Molefe,Female,48,Sheffield,UK,53.371544,-1.428477,At Risk,2021-11-18
2036,Sophia White,Female,55,Durban,South Africa,-29.867274,31.023019,Champion,2023-05-17
2037,Jack Mthembu,Male,40,Leicester,UK,52.686480,-1.182338,New Customer,2021-05-16
2038,Jacob Evans,Male,25,San Jose,USA,37.363600,-121.908398,Dormant,2023-06-09
2039,Amelia Turner,Female,31,Bloemfontein,South Africa,-29.072918,26.195173,Dormant,2023-11-04
2040,Ella Davis,Female,32,Brisbane,Australia,-27.500655,153.006753,At Risk,2021-02-09
2041,Sandile Adams,Male,22,London,UK,51.483587,-0.132652,New Customer,2024-02-02
2042,Lungelo Roberts,Male,21,Halifax,Canada,44.633798,-63.608391,High Value,2021-08-10
2043,Arjun Walker,Male,62,Durban,South Africa,-29.848841,30.982726,New Customer,2023-12-20
2044,Nokwanda Martin,Female,51,Kimberley,South Africa,-28.735242,24.753281,New Customer,2022-08-18
2045,Charlotte Sithole,Female,25,Dallas,USA,32.729234,-96.834186,New Customer,2021-09-21
2046,Alexis Ngcobo,Female,37,New York,USA,40.746696,-73.976080,At Risk,2021-04-05
2047,Logan Ndlovu,Male,31,New York,USA,40.665875,-74.035967,Loyal,2022-10-17
2048,Yusuf Roberts,Male,28,Johannesburg,South Africa,-26.182147,28.047941,At Risk,2024-02-07
2049,Nozipho Scott,Female,64,Kimberley,South Africa,-28.747852,24.737737,At Risk,2024-12-14
2050,Brittany Nkosi,Female,18,Melbourne,Australia,-37.824004,144.980661,Loyal,2022-01-14
2051,Sibongile Hughes,Female,56,London,UK,51.519769,-0.083130,Dormant,2024-04-10
2052,Nozipho Mthembu,Female,22,Leeds,UK,53.821203,-1.534912,Loyal,2022-12-08
2053,Palesa Taylor,Female,48,San Jose,USA,37.313783,-121.929126,Occasional,2023-01-20
2054,Lachlan Mnguni,Male,52,Johannesburg,South Africa,-26.195411,28.049392,Loyal,2023-10-18
2055,Liam Majola,Male,44,Phoenix,USA,33.413278,-112.098535,At Risk,2022-11-14
2056,Lily Clarke,Female,40,Sandton,South Africa,-26.087202,28.054226,At Risk,2024-08-24
2057,Grace Vilakazi,Female,26,Houston,USA,29.751184,-95.400813,Dormant,2022-06-09
2058,Leo Perez,Male,27,Pietermaritzburg,South Africa,-29.634636,30.422418,High Value,2021-01-04
2059,Lucas Roberts,Male,48,Rustenburg,South Africa,-25.699426,27.252781,Loyal,2023-05-13
2060,Noah Khan,Male,55,Miami,USA,25.732237,-80.173514,High Value,2023-10-20
2061,Elijah Scott,Male,65,Nelspruit,South Africa,-25.440081,30.929645,Loyal,2024-11-11
2062,Ethan Johnson,Male,65,Chicago,USA,41.909138,-87.626355,Occasional,2024-10-19
2063,Sipho Majola,Male,45,Soweto,South Africa,-26.303496,27.887635,At Risk,2023-12-07
2064,Dylan Khumalo,Male,57,Kimberley,South Africa,-28.691600,24.758172,Champion,2021-05-13
2065,Noah Smith,Male,40,Nottingham,UK,52.905528,-1.143822,Occasional,2022-02-17
2066,Bongani Martin,Male,43,Brisbane,Australia,-27.489663,153.017605,High Value,2023-05-07
2067,Phindile Perez,Female,30,Quebec City,Canada,46.843362,-71.179850,Loyal,2023-06-16
2068,Daniel Ntuli,Male,54,Rustenburg,South Africa,-25.681075,27.289981,Champion,2024-12-21
2069,Fatima Johnson,Female,31,Atlanta,USA,33.705869,-84.402237,Occasional,2024-05-10
2070,Alexis Zwane,Female,34,Port Elizabeth,South Africa,-33.933304,25.605590,At Risk,2022-04-27
2071,Jack Patel,Male,59,Port Elizabeth,South Africa,-33.996598,25.569684,Loyal,2022-06-18
2072,Lungelo Mthembu,Male,62,Miami,USA,25.798071,-80.215098,Champion,2023-08-22
2073,Sofia Adams,Female,51,Melbourne,Australia,-37.789900,144.993174,Occasional,2023-07-23
2074,Bongiwe Mokoena,Female,19,Sydney,Australia,-33.837065,151.210732,At Risk,2021-05-02
2075,Nokwanda Hlongwane,Female,51,Pietermaritzburg,South Africa,-29.608929,30.405153,At Risk,2024-11-11
2076,Ethan Campbell,Male,53,Rustenburg,South Africa,-25.638817,27.192326,Champion,2021-11-13
2077,Samuel Wilson,Male,23,Cardiff,UK,51.490141,-3.215334,Dormant,2023-11-17
2078,Sophia Robinson,Female,20,Gold Coast,Australia,-27.975068,153.363008,Dormant,2021-06-04
2079,Busisiwe Johnson,Female,47,Nelspruit,South Africa,-25.508353,30.935476,Dormant,2023-12-09
2080,Henry Lewis,Male,46,Polokwane,South Africa,-23.944431,29.496285,Loyal,2021-12-20
2081,Tebogo Taylor,Male,43,Leeds,UK,53.778671,-1.577285,Champion,2021-06-21
2082,Ethan Garcia,Male,50,Pietermaritzburg,South Africa,-29.617977,30.393574,Loyal,2024-09-18
2083,Nokukhanya Miller,Female,61,London,UK,51.531814,-0.148052,Dormant,2023-10-19
2084,Amanda Martin,Female,24,Birmingham,UK,52.531450,-1.865284,Loyal,2022-01-01
2085,Amelia Moore,Female,20,Cape Town,South Africa,-33.891464,18.415796,High Value,2023-12-20
2086,Tebogo Roberts,Male,55,Calgary,Canada,51.012376,-114.065737,Dormant,2022-03-19
2087,Noah Mthembu,Male,25,Johannesburg,South Africa,-26.206408,28.082973,Occasional,2023-04-23
2088,Mia Jackson,Female,26,Adelaide,Australia,-34.914766,138.640785,High Value,2021-05-23
2089,Logan Moore,Male,54,Austin,USA,30.302635,-97.734243,New Customer,2022-02-23
2090,Ravi Wilson,Male,53,Cardiff,UK,51.504087,-3.160344,Occasional,2023-02-05
2091,William Wood,Male,48,Sandton,South Africa,-26.110423,28.086549,At Risk,2023-05-26
2092,Mason Jackson,Male,25,Soweto,South Africa,-26.299667,27.892473,New Customer,2021-08-17
2093,Nokukhanya Sithole,Female,36,Adelaide,Australia,-34.880702,138.632747,High Value,2022-07-03
2094,Ava Ngcobo,Female,44,Pretoria,South Africa,-25.774076,28.265137,New Customer,2023-10-13
2095,Bongani Williams,Male,39,Sandton,South Africa,-26.101731,28.079671,New Customer,2022-04-19
2096,Harper Thomson,Female,33,Johannesburg,South Africa,-26.229919,28.017453,Occasional,2024-11-22
2097,Ryan Phillips,Male,59,Ottawa,Canada,45.404498,-75.647680,New Customer,2022-03-06
2098,Charlotte Majola,Female,26,Perth,Australia,-31.919624,115.818344,Dormant,2023-09-21
2099,Amelia Taylor,Female,40,Quebec City,Canada,46.794980,-71.249650,Loyal,2024-03-21
2100,Amelia Shabalala,Female,44,Atlanta,USA,33.780266,-84.356888,At Risk,2021-10-23
2101,Elijah Green,Male,36,Johannesburg,South Africa,-26.216169,28.065271,Dormant,2021-07-20
2102,Harry Wilson,Male,35,Newcastle,UK,54.995746,-1.571105,At Risk,2021-09-09
2103,Lesedi Walker,Male,37,Chicago,USA,41.881756,-87.653435,Occasional,2021-05-15
2104,Cooper Ntuli,Male,41,Rustenburg,South Africa,-25.673814,27.243784,Loyal,2022-12-15
2105,Mason Evans,Male,60,Canberra,Australia,-35.288971,149.138421,New Customer,2024-06-11
2106,Jack Anderson,Male,34,Coventry,UK,52.358938,-1.545572,New Customer,2024-09-03
2107,Kayla Reddy,Female,63,Philadelphia,USA,39.939183,-75.152278,Dormant,2021-03-15
2108,Destiny Walker,Female,58,Kimberley,South Africa,-28.694897,24.721882,At Risk,2024-10-13
2109,Nokukhanya Vilakazi,Female,19,Hamilton,Canada,43.217727,-79.892997,High Value,2022-12-13
2110,Emma Walker,Female,60,Darwin,Australia,-12.420073,130.842270,High Value,2024-10-01
2111,Kayla Thompson,Female,46,New York,USA,40.725247,-73.962633,At Risk,2023-06-15
2112,Sandile Ntuli,Male,27,Miami,USA,25.712949,-80.230549,Occasional,2023-10-14
2113,Lachlan Roberts,Male,64,Newcastle,UK,55.017723,-1.640897,New Customer,2023-05-18
2114,Charlotte Brown,Female,48,Atlanta,USA,33.786223,-84.400387,Occasional,2023-03-21
2115,Mpho Green,Male,48,Halifax,Canada,44.648263,-63.532429,Loyal,2022-10-07
2116,James Patel,Male,43,San Diego,USA,32.711883,-117.114087,High Value,2022-02-16
2117,Tebogo Thomas,Male,20,Durban,South Africa,-29.833560,31.066809,Dormant,2024-04-04
2118,Ethan Cele,Male,57,Edmonton,Canada,53.562866,-113.536417,Champion,2023-07-25
2119,Hannah Mahlangu,Female,37,Bristol,UK,51.459661,-2.611832,Champion,2021-01-27
2120,Nandi Anderson,Female,61,Nottingham,UK,52.977753,-1.190169,Occasional,2023-03-12
2121,Khanyisile Davis,Female,55,Sandton,South Africa,-26.146162,28.067226,New Customer,2022-08-28
2122,Busisiwe Jackson,Female,59,Edinburgh,UK,55.919625,-3.161169,High Value,2021-10-07
2123,Kabelo MacDonald,Male,23,Kimberley,South Africa,-28.762244,24.798678,Dormant,2024-10-06
2124,Daniel Hughes,Male,61,Cairns,Australia,-16.879161,145.756296,New Customer,2022-06-12
2125,Brittany Anderson,Female,58,Nelspruit,South Africa,-25.443659,30.950275,At Risk,2024-12-15
2126,Lucas Shabalala,Male,33,Sheffield,UK,53.366238,-1.499185,Dormant,2022-12-09
2127,Tyler Clarke,Male,35,Chicago,USA,41.832083,-87.658134,At Risk,2023-08-20
2128,Mandla Garcia,Male,41,San Antonio,USA,29.434276,-98.467273,Dormant,2021-06-24
2129,Ava Stewart,Female,45,Canberra,Australia,-35.305096,149.162568,Champion,2024-03-07
2130,Mason Hughes,Male,23,Calgary,Canada,51.006963,-114.117381,Dormant,2021-05-06
2131,Jennifer Miller,Female,22,Canberra,Australia,-35.303134,149.117486,At Risk,2023-03-02
2132,Destiny Walker,Female,26,Cairns,Australia,-16.877239,145.814404,Occasional,2022-08-25
2133,Noah Walker,Male,25,Atlanta,USA,33.754712,-84.374247,Champion,2024-11-14
2134,Nokwanda Martinez,Female,40,Canberra,Australia,-35.277229,149.166286,At Risk,2021-03-09
2135,Ryan Jackson,Male,23,Johannesburg,South Africa,-26.227764,28.021567,Dormant,2021-06-18
2136,Nandi Taylor,Female,37,Austin,USA,30.266410,-97.730748,New Customer,2022-03-28
2137,Lesedi Thomas,Male,50,Newcastle,UK,54.962806,-1.580288,Loyal,2021-07-02
2138,Liam Ntuli,Male,61,Nelspruit,South Africa,-25.502753,30.966722,High Value,2023-06-01
2139,Olivia Carter,Female,45,Coventry,UK,52.403756,-1.532108,Champion,2024-12-12
2140,Jayden Evans,Male,29,Dallas,USA,32.820837,-96.807740,New Customer,2023-06-05
2141,Emma Thomas,Female,59,Dallas,USA,32.826102,-96.750632,Champion,2022-12-03
2142,Hunter Garcia,Male,30,Johannesburg,South Africa,-26.212292,28.084526,Occasional,2024-04-01
2143,Benjamin Brown,Male,45,Pietermaritzburg,South Africa,-29.551045,30.352371,At Risk,2023-12-16
2144,Lesedi Phillips,Male,34,Polokwane,South Africa,-23.951890,29.485527,Loyal,2022-03-14
2145,Logan Mthembu,Male,60,Pretoria,South Africa,-25.719447,28.204959,High Value,2021-04-13
2146,Fatima Mahlangu,Female,58,Polokwane,South Africa,-23.936762,29.486290,Loyal,2024-04-02
2147,Ethan Thomas,Male,38,Winnipeg,Canada,49.928292,-97.149042,Dormant,2024-09-21
2148,Charlotte Price,Female,48,Liverpool,UK,53.416114,-3.007535,Loyal,2022-11-21
2149,Bongiwe Roberts,Female,38,Leicester,UK,52.599029,-1.126113,Dormant,2023-03-13
2150,Samantha Jones,Female,49,Calgary,Canada,51.090843,-114.023361,At Risk,2021-11-25
2151,Harper Walker,Female,28,Newcastle,UK,54.937075,-1.661764,Champion,2021-12-19
2152,Emily Pillay,Female,61,East London,South Africa,-32.968042,27.879631,Champion,2022-08-22
2153,William Jones,Male,20,Hamilton,Canada,43.270984,-79.904696,Champion,2022-06-22
2154,Phindile Scott,Female,40,Phoenix,USA,33.478981,-112.084554,At Risk,2023-02-09
2155,Ella Vilakazi,Female,56,Phoenix,USA,33.464328,-112.110053,Dormant,2024-06-18
2156,Brianna Taylor,Female,58,Gold Coast,Australia,-27.975440,153.405946,Loyal,2022-10-24
2157,Jack Nkosi,Male,29,Austin,USA,30.272823,-97.707446,New Customer,2022-06-09
2158,Leo Buthelezi,Male,28,Austin,USA,30.296705,-97.756793,Champion,2021-08-09
2159,Sibusiso Hughes,Male,65,London,UK,51.465758,-0.114997,Dormant,2021-02-27
2160,Anisha Hall,Female,63,Soweto,South Africa,-26.274580,27.830201,Dormant,2023-06-21
2161,Olivia Reddy,Female,27,Houston,USA,29.724513,-95.391646,High Value,2023-07-25
2162,Owen Zwane,Male,36,Coventry,UK,52.426527,-1.534907,Loyal,2021-02-27
2163,Bongiwe Ntuli,Female,33,Cape Town,South Africa,-33.955519,18.401885,Dormant,2024-11-16
2164,Nokwanda Masondo,Female,45,Glasgow,UK,55.819259,-4.284804,New Customer,2021-07-26
2165,Ella Buthelezi,Female,18,Canberra,Australia,-35.303081,149.114007,Occasional,2022-11-03
2166,Lungelo Robinson,Male,32,Montreal,Canada,45.530941,-73.563453,At Risk,2024-08-15
2167,Phindile Taylor,Female,36,Nelspruit,South Africa,-25.502260,31.008467,Dormant,2023-07-11
2168,Nkosi Anderson,Male,47,New York,USA,40.689298,-74.055050,Dormant,2024-11-06
2169,Ava Thomson,Female,56,Nelspruit,South Africa,-25.428878,30.985564,Occasional,2023-10-10
2170,Madison Garcia,Female,35,Ottawa,Canada,45.403828,-75.741958,Loyal,2023-10-28
2171,Nomsa MacKenzie,Female,18,Birmingham,UK,52.495877,-1.851810,High Value,2023-08-23
2172,Marcus White,Male,28,Austin,USA,30.315140,-97.740190,Champion,2024-12-25
2173,Oliver Davies,Male,44,Leeds,UK,53.841138,-1.514009,New Customer,2023-01-23
2174,Layla Roberts,Female,44,Dallas,USA,32.728792,-96.834474,Dormant,2022-02-13
2175,Liam Harris,Male,46,San Jose,USA,37.316875,-121.935086,Champion,2023-02-13
2176,James Molefe,Male,24,Perth,Australia,-31.909458,115.893231,At Risk,2021-07-25
2177,Mason Nelson,Male,22,Bloemfontein,South Africa,-29.051578,26.192129,Dormant,2022-01-02
2178,Musa Shabalala,Male,38,Cape Town,South Africa,-33.939346,18.443966,Loyal,2022-04-27
2179,Ashley Ntuli,Female,47,Cape Town,South Africa,-33.930022,18.386138,Dormant,2021-01-17
2180,Thandeka Reddy,Female,62,Denver,USA,39.735049,-105.015115,Occasional,2021-11-06
2181,Abigail Khan,Female,26,Miami,USA,25.739806,-80.173090,At Risk,2022-02-10
2182,Oliver Smith,Male,51,Houston,USA,29.734509,-95.373207,Dormant,2024-10-05
2183,Liam Martin,Male,48,Denver,USA,39.727237,-104.987410,New Customer,2022-06-14
2184,Khanyisile MacKenzie,Female,56,Seattle,USA,47.595518,-122.378187,At Risk,2022-08-23
2185,Charlotte Naidoo,Female,35,Sandton,South Africa,-26.115336,28.097844,At Risk,2023-03-03
2186,Alexander Carter,Male,59,Canberra,Australia,-35.250799,149.144498,Dormant,2024-09-08
2187,Ava Ndlovu,Female,26,Hobart,Australia,-42.868336,147.342740,At Risk,2021-05-06
2188,Ryan Thompson,Male,64,Canberra,Australia,-35.284475,149.105211,Dormant,2024-05-08
2189,Noah Phillips,Male,40,Glasgow,UK,55.888474,-4.288702,Champion,2024-08-19
2190,Lungelo Reddy,Male,18,Leicester,UK,52.642102,-1.165145,Champion,2021-07-04
2191,Harry Mokoena,Male,33,Liverpool,UK,53.373825,-2.950967,Dormant,2024-08-12
2192,Amanda Evans,Female,27,Austin,USA,30.298166,-97.713106,Dormant,2022-06-15
2193,Aiden Evans,Male,47,Polokwane,South Africa,-23.930723,29.511119,Occasional,2022-05-22
2194,Mia Perez,Female,59,Sydney,Australia,-33.834093,151.200697,New Customer,2023-08-04
2195,Olivia Jones,Female,47,New York,USA,40.672183,-73.960769,Champion,2024-12-09
2196,Aisha Mthembu,Female,31,Rustenburg,South Africa,-25.662811,27.223269,At Risk,2023-07-04
2197,Benjamin Jones,Male,47,Manchester,UK,53.491620,-2.284679,High Value,2021-07-11
2198,Ntombifuthi Evans,Female,28,Liverpool,UK,53.373996,-3.037729,Occasional,2022-07-24
2199,Thandeka Ngcobo,Female,45,Pietermaritzburg,South Africa,-29.577817,30.402632,High Value,2023-06-15
2200,Jordan Ngcobo,Male,50,East London,South Africa,-33.019286,27.894368,Loyal,2021-01-07
2201,Karabo Vilakazi,Male,65,Cardiff,UK,51.432089,-3.186250,At Risk,2022-04-07
2202,Mason Carter,Male,28,Soweto,South Africa,-26.315648,27.814453,At Risk,2024-12-02
2203,Jordan Ngcobo,Male,38,East London,South Africa,-33.009054,27.959538,Occasional,2021-08-22
2204,Tebogo Davies,Male,45,Toronto,Canada,43.643989,-79.385867,New Customer,2022-05-11
2205,Harper Walker,Female,45,Pretoria,South Africa,-25.791484,28.224026,Occasional,2021-07-16
2206,Ava Thomas,Female,31,Gold Coast,Australia,-28.003468,153.389326,New Customer,2023-09-10
2207,Liam Vilakazi,Male,33,Atlanta,USA,33.781731,-84.347724,New Customer,2024-04-23
2208,Tebogo Nkosi,Male,56,Sydney,Australia,-33.884278,151.244543,Loyal,2021-09-16
2209,Ava Shabalala,Female,51,Hamilton,Canada,43.273008,-79.863944,Dormant,2023-04-04
2210,Nokwanda Nelson,Female,59,Port Elizabeth,South Africa,-33.955503,25.576049,High Value,2022-09-20
2211,Emily Mokoena,Female,29,Polokwane,South Africa,-23.884981,29.420593,Occasional,2024-07-02
2212,Dylan MacDonald,Male,36,Perth,Australia,-31.918923,115.865356,Loyal,2024-04-25
2213,Nokukhanya Robertson,Female,35,Coventry,UK,52.411387,-1.554656,New Customer,2021-03-11
2214,Lauren Smith,Female,64,Houston,USA,29.726538,-95.345881,High Value,2023-11-14
2215,Sofia Moore,Female,39,Adelaide,Australia,-34.912178,138.640446,Champion,2024-01-06
2216,Mohammed Mkhize,Male,40,Sheffield,UK,53.365495,-1.465128,At Risk,2022-06-12
2217,Hunter Singh,Male,56,Coventry,UK,52.364173,-1.554294,At Risk,2021-11-18
2218,Emma Vilakazi,Female,59,Bloemfontein,South Africa,-29.077561,26.138431,At Risk,2022-09-23
2219,Thabo Cele,Male,19,Adelaide,Australia,-34.898991,138.635539,Occasional,2021-02-17
2220,Arjun Pillay,Male,51,Polokwane,South Africa,-23.889620,29.434175,At Risk,2024-12-28
2221,Benjamin White,Male,52,Kimberley,South Africa,-28.750183,24.766337,High Value,2021-10-06
2222,Zoe Anderson,Female,22,Los Angeles,USA,34.038120,-118.282163,Dormant,2024-06-05
2223,Sophia MacKenzie,Female,65,San Diego,USA,32.733459,-117.193651,Dormant,2023-06-02
2224,George Ntuli,Male,45,Port Elizabeth,South Africa,-33.955908,25.618547,Loyal,2021-04-25
2225,Sibusiso Robinson,Male,55,Quebec City,Canada,46.841184,-71.196723,Loyal,2021-07-27
2226,Fatima Hlongwane,Female,38,Kimberley,South Africa,-28.696502,24.799731,At Risk,2022-12-27
2227,Sophia White,Female,20,Manchester,UK,53.499549,-2.260351,Dormant,2023-07-14
2228,Palesa Baker,Female,24,San Diego,USA,32.751640,-117.208906,At Risk,2021-01-26
2229,Nkosi Wilson,Male,38,Brisbane,Australia,-27.479845,152.985285,High Value,2023-11-02
2230,Carter Cele,Male,35,Quebec City,Canada,46.774689,-71.237662,Loyal,2021-09-24
2231,Busisiwe Price,Female,22,Philadelphia,USA,39.964482,-75.145548,Champion,2022-05-10
2232,Noah Martin,Male,59,Cape Town,South Africa,-33.925081,18.424670,Dormant,2024-03-14
2233,Mia Molefe,Female,55,Edinburgh,UK,55.950575,-3.201908,Dormant,2021-01-05
2234,Tyler Wilson,Male,61,Durban,South Africa,-29.862547,31.000192,Dormant,2021-07-15
2235,Alexis Ngcobo,Female,41,Bristol,UK,51.500614,-2.577309,At Risk,2021-04-08
2236,Liam Murray,Male,47,Johannesburg,South Africa,-26.210132,28.011319,Loyal,2023-04-21
2237,Nomsa Green,Female,45,Nelspruit,South Africa,-25.502327,30.959483,High Value,2022-11-07
2238,Chloe Perez,Female,48,Coventry,UK,52.372897,-1.498444,Dormant,2024-01-06
2239,Sophia Thomas,Female,35,Nelspruit,South Africa,-25.515438,30.983689,At Risk,2023-03-16
2240,Karabo Anderson,Male,56,Sandton,South Africa,-26.156691,28.052233,New Customer,2024-09-18
2241,Caleb Davies,Male,45,Brisbane,Australia,-27.464921,152.994558,High Value,2024-08-22
2242,Grace Baker,Female,27,Pietermaritzburg,South Africa,-29.595577,30.380996,New Customer,2022-06-01
2243,Ella Davies,Female,63,Houston,USA,29.724543,-95.391701,New Customer,2021-09-24
2244,Liam Anderson,Male,48,Vancouver,Canada,49.315202,-123.125347,High Value,2022-05-21
2245,Ava Williams,Female,31,Quebec City,Canada,46.852936,-71.176488,Champion,2021-01-27
2246,Connor Dlamini,Male,31,London,UK,51.463616,-0.119650,High Value,2022-11-28
2247,Ella Roberts,Female,30,Austin,USA,30.277281,-97.720863,High Value,2021-04-12
2248,Sipho Mthembu,Male,54,Brisbane,Australia,-27.439650,153.055375,At Risk,2023-01-15
2249,Olivia Moore,Female,38,San Antonio,USA,29.473302,-98.465649,At Risk,2024-09-04
2250,Priya Nkosi,Female,53,Belfast,UK,54.548399,-5.938110,At Risk,2022-11-19
2251,Sofia MacDonald,Female,32,Nottingham,UK,52.927118,-1.207023,Occasional,2022-11-06
2252,Lily Wilson,Female,22,Soweto,South Africa,-26.313088,27.829691,Occasional,2024-05-22
2253,Busisiwe Anderson,Female,21,Edmonton,Canada,53.551651,-113.453262,High Value,2023-02-21
2254,Amelia Miller,Female,52,San Jose,USA,37.354733,-121.914815,Dormant,2024-07-11
2255,Noah Taylor,Male,36,Benoni,South Africa,-26.210048,28.287032,Occasional,2023-04-21
2256,Jordan Khan,Male,52,Polokwane,South Africa,-23.922590,29.516916,At Risk,2022-11-02
2257,Jasmine Thomson,Female,59,Belfast,UK,54.596076,-5.930307,High Value,2023-11-20
2258,Sibusiso Jackson,Male,62,Benoni,South Africa,-26.180636,28.296524,At Risk,2022-09-03
2259,Luna Patel,Female,54,Dallas,USA,32.794977,-96.786454,Loyal,2021-05-01
2260,Samantha Thomson,Female,46,New York,USA,40.732328,-74.019417,Loyal,2023-10-19
2261,Kayla Hlongwane,Female,51,Edinburgh,UK,55.950433,-3.201343,At Risk,2021-11-08
2262,Luna Taylor,Female,19,Gold Coast,Australia,-27.981569,153.371671,At Risk,2024-02-27
2263,Ava Shabalala,Female,64,Phoenix,USA,33.463329,-112.062416,At Risk,2021-08-21
2264,Olivia Cele,Female,21,New York,USA,40.699435,-73.964885,Dormant,2021-07-13
2265,Marcus MacDonald,Male,23,Durban,South Africa,-29.902658,31.058862,New Customer,2021-07-13
2266,Jacob Mthembu,Male,37,Liverpool,UK,53.423895,-2.948971,Champion,2021-06-20
2267,Jack Buthelezi,Male,40,Seattle,USA,47.586932,-122.345298,Champion,2023-08-06
2268,Lungelo Thomson,Male,30,Gold Coast,Australia,-28.066650,153.381026,Dormant,2022-08-01
2269,Connor Taylor,Male,36,Cardiff,UK,51.434628,-3.156626,Occasional,2023-04-06
2270,Ella Reddy,Female,50,Perth,Australia,-31.931061,115.841484,At Risk,2021-06-11
2271,Olivia Baker,Female,49,Port Elizabeth,South Africa,-34.008980,25.588284,High Value,2022-09-21
2272,Lily Robinson,Female,62,Denver,USA,39.757134,-104.961119,At Risk,2024-05-20
2273,Amelia Lewis,Female,54,Hamilton,Canada,43.276988,-79.903101,New Customer,2024-02-10
2274,Destiny Murphy,Female,50,Durban,South Africa,-29.887176,30.986550,Champion,2023-12-21
2275,Jennifer Anderson,Female,46,Edmonton,Canada,53.580809,-113.473166,High Value,2022-07-28
2276,Lucas Campbell,Male,41,Quebec City,Canada,46.822087,-71.222011,Champion,2024-06-18
2277,Sipho Zulu,Male,23,Benoni,South Africa,-26.149477,28.269201,Loyal,2023-10-16
2278,Lerato Wilson,Female,25,Sydney,Australia,-33.826400,151.201984,At Risk,2024-08-14
2279,Noah Moore,Male,56,Soweto,South Africa,-26.248181,27.829941,New Customer,2024-06-23
2280,Musa Johnson,Male,24,Winnipeg,Canada,49.901057,-97.106993,Loyal,2023-11-21
2281,Hazel Reddy,Female,64,Sheffield,UK,53.381069,-1.493191,At Risk,2023-04-26
2282,Hannah Ntuli,Female,30,Canberra,Australia,-35.329634,149.172791,Dormant,2022-07-02
2283,Marcus Taylor,Male,48,Port Elizabeth,South Africa,-33.928121,25.621240,Dormant,2023-01-17
2284,Ella Walker,Female,59,Pietermaritzburg,South Africa,-29.565507,30.391293,High Value,2021-05-21
2285,Daniel Kunene,Male,30,Belfast,UK,54.560295,-5.972684,At Risk,2024-03-15
2286,Lily Stewart,Female,36,Los Angeles,USA,34.073025,-118.287348,High Value,2024-12-28
2287,Evelyn Brown,Female,32,Sandton,South Africa,-26.154393,28.009661,High Value,2024-03-14
2288,Nokukhanya Miller,Female,62,Quebec City,Canada,46.804450,-71.176366,High Value,2022-09-01
2289,Sofia Govender,Female,37,Adelaide,Australia,-34.896244,138.629647,Dormant,2023-12-03
2290,Siyanda MacKenzie,Male,47,Vancouver,Canada,49.312262,-123.106170,Occasional,2022-11-13
2291,Charlotte Dlamini,Female,52,Rustenburg,South Africa,-25.712138,27.213813,Champion,2023-05-01
2292,Charlotte Davies,Female,55,Polokwane,South Africa,-23.947620,29.473528,High Value,2022-08-17
2293,Sophia Robertson,Female,21,Bloemfontein,South Africa,-29.112159,26.167133,New Customer,2022-08-26
2294,Sophia Johnson,Female,65,Seattle,USA,47.595754,-122.312343,Dormant,2023-09-23
2295,Samuel Davies,Male,28,San Diego,USA,32.716985,-117.163392,Loyal,2024-12-09
2296,Lesedi Martinez,Male,43,Houston,USA,29.716122,-95.335875,High Value,2021-07-02
2297,Amelia Shabalala,Female,64,Melbourne,Australia,-37.780419,144.997673,Occasional,2021-05-05
2298,Lesedi Mahlangu,Male,55,Melbourne,Australia,-37.855786,144.987479,New Customer,2023-01-18
2299,Nomsa Price,Female,30,San Antonio,USA,29.443244,-98.514835,Loyal,2024-03-12
2300,Nathan Garcia,Male,55,Johannesburg,South Africa,-26.215290,28.079413,Loyal,2023-03-01
2301,Yusuf Majola,Male,50,Cape Town,South Africa,-33.875576,18.414021,Loyal,2021-11-15
2302,Bongani Mahlangu,Male,28,Sandton,South Africa,-26.067034,28.007151,Champion,2021-06-13
2303,Connor Roberts,Male,58,Manchester,UK,53.444108,-2.275211,Loyal,2021-03-02
2304,Harper Ntuli,Female,36,Cape Town,South Africa,-33.926017,18.424073,Champion,2024-09-21
2305,Oliver Campbell,Male,47,Atlanta,USA,33.748117,-84.345724,Loyal,2023-03-06
2306,William Ndlovu,Male,41,Manchester,UK,53.437078,-2.227109,High Value,2022-08-11
2307,Chloe Thompson,Female,42,Darwin,Australia,-12.415701,130.813723,At Risk,2023-02-16
2308,Mohammed Thompson,Male,41,Houston,USA,29.805623,-95.369373,High Value,2023-12-10
2309,Bongiwe Sithole,Female,61,Newcastle,UK,55.027382,-1.613685,At Risk,2022-12-02
2310,Mohammed Mokoena,Male,51,Atlanta,USA,33.761683,-84.379529,High Value,2024-11-26
2311,Lucas Reddy,Male,37,Hobart,Australia,-42.833839,147.319548,Champion,2024-11-01
2312,Jayden Pillay,Male,65,Port Elizabeth,South Africa,-33.969992,25.591203,Dormant,2021-10-23
2313,Thandeka Mitchell,Female,33,London,UK,51.520149,-0.163789,New Customer,2024-09-05
2314,James Mokoena,Male,20,Ottawa,Canada,45.390102,-75.647357,At Risk,2024-02-17
2315,James Ndlovu,Male,31,New York,USA,40.691570,-73.983802,Champion,2022-03-09
2316,Luna Buthelezi,Female,26,Hamilton,Canada,43.232252,-79.885109,Loyal,2022-10-04
2317,Abigail Mokoena,Female,27,Pretoria,South Africa,-25.794941,28.247116,High Value,2022-09-23
2318,Olivia Lewis,Female,31,East London,South Africa,-32.996294,27.909698,High Value,2021-03-17
2319,Tebogo Nelson,Male,54,Leicester,UK,52.638313,-1.163885,Loyal,2024-05-20
2320,Jackson Roberts,Male,28,San Diego,USA,32.670274,-117.133034,Loyal,2022-05-13
2321,Samuel Murray,Male,42,New York,USA,40.756201,-74.017971,Occasional,2023-09-13
2322,Mohammed MacKenzie,Male,27,Phoenix,USA,33.454799,-112.115196,New Customer,2024-01-01
2323,George Thomson,Male,20,Durban,South Africa,-29.866003,31.011747,Occasional,2022-09-12
2324,Anisha Govender,Female,35,Kimberley,South Africa,-28.714232,24.742301,Loyal,2021-08-02
2325,Nkosi Thompson,Male,57,Perth,Australia,-31.992222,115.836123,Loyal,2022-08-20
2326,Ntombifuthi Cele,Female,18,Pretoria,South Africa,-25.771749,28.207573,Loyal,2022-10-05
2327,Phindile Evans,Female,52,Melbourne,Australia,-37.795539,144.955309,At Risk,2023-06-24
2328,Ava Adams,Female,31,Dallas,USA,32.783831,-96.835112,Champion,2022-05-03
2329,Noah Thomas,Male,37,Chicago,USA,41.925455,-87.610872,High Value,2024-02-19
2330,Amelia Patel,Female,64,Calgary,Canada,51.072880,-114.116538,Champion,2021-04-14
2331,Amanda Molefe,Female,26,Denver,USA,39.743775,-105.016627,Occasional,2024-09-22
2332,Marcus Dlamini,Male,21,Newcastle,UK,54.958838,-1.606510,High Value,2023-04-15
2333,Logan Mnguni,Male,20,Montreal,Canada,45.532577,-73.550288,Dormant,2022-09-02
2334,Ethan Nkosi,Male,19,Edmonton,Canada,53.589456,-113.483966,High Value,2021-11-14
2335,Ravi Taylor,Male,31,Los Angeles,USA,34.097235,-118.262339,At Risk,2023-03-06
2336,Karabo Johnson,Male,56,Coventry,UK,52.447034,-1.504470,Occasional,2023-10-14
2337,Marcus Ntuli,Male,48,Newcastle,UK,54.991264,-1.643213,Dormant,2022-03-06
2338,Ethan Nelson,Male,60,Dallas,USA,32.782926,-96.765820,Loyal,2021-08-24
2339,Brittany Mitchell,Female,52,Nottingham,UK,52.968744,-1.191965,Loyal,2021-06-04
2340,Hunter Murphy,Male,31,Toronto,Canada,43.615833,-79.421866,Dormant,2023-11-13
2341,Jordan Robertson,Male,32,Melbourne,Australia,-37.772904,144.953367,New Customer,2021-03-16
2342,Cooper Thomas,Male,44,Sheffield,UK,53.400467,-1.495892,At Risk,2024-05-10
2343,Mohammed Murray,Male,39,London,UK,51.550175,-0.085727,High Value,2023-11-18
2344,Alexander Anderson,Male,60,Leicester,UK,52.671023,-1.109998,Loyal,2021-05-11
2345,Chloe Wilson,Female,49,Adelaide,Australia,-34.921357,138.576431,Loyal,2022-02-08
2346,Aisha Thomson,Female,22,San Diego,USA,32.700491,-117.129677,Dormant,2023-06-10
2347,Ella Evans,Female,59,Philadelphia,USA,39.916261,-75.181982,High Value,2024-08-15
2348,Lungelo Baker,Male,47,Nottingham,UK,52.972237,-1.206419,Dormant,2022-01-22
2349,Busisiwe Khan,Female,31,Cairns,Australia,-16.889389,145.733449,Dormant,2024-05-25
2350,Emma Hlongwane,Female,64,Pietermaritzburg,South Africa,-29.558030,30.336126,Champion,2024-09-04
2351,James MacKenzie,Male,59,Pretoria,South Africa,-25.733732,28.198158,Champion,2024-08-01
2352,Lesedi Nkosi,Male,22,Manchester,UK,53.450756,-2.237596,New Customer,2023-03-03
2353,Lerato Thomas,Female,31,San Antonio,USA,29.378343,-98.467555,Occasional,2021-02-26
2354,Nozipho Mkhize,Female,59,Atlanta,USA,33.747689,-84.361397,At Risk,2024-10-10
2355,Palesa Robinson,Female,57,Belfast,UK,54.617695,-5.956223,Dormant,2023-02-02
2356,Liam Fraser,Male,32,Port Elizabeth,South Africa,-33.971757,25.572051,At Risk,2022-07-16
2357,Anisha Thompson,Female,61,Atlanta,USA,33.770585,-84.390518,Dormant,2023-06-10
2358,Olivia Miller,Female,32,Hobart,Australia,-42.927749,147.296149,Dormant,2022-06-13
2359,George Taylor,Male,53,Philadelphia,USA,39.956664,-75.195675,At Risk,2024-03-14
2360,Bongani Wood,Male,28,Benoni,South Africa,-26.148736,28.310817,Champion,2022-11-10
2361,Zoe Scott,Female,39,Glasgow,UK,55.898515,-4.221237,At Risk,2022-09-15
2362,Lungelo Buthelezi,Male,39,Perth,Australia,-31.908430,115.907096,New Customer,2024-12-13
2363,Sandile Smith,Male,38,Coventry,UK,52.421230,-1.484628,Occasional,2021-08-04
2364,Destiny Walker,Female,23,Liverpool,UK,53.448635,-2.951522,High Value,2022-10-27
2365,Sophia Ngcobo,Female,52,Cairns,Australia,-16.946144,145.762460,High Value,2021-07-22
2366,Mason Thomson,Male,43,Sydney,Australia,-33.869133,151.205371,New Customer,2024-09-25
2367,Lucas Brown,Male,25,Polokwane,South Africa,-23.953532,29.496187,Dormant,2024-08-09
2368,Oliver Adams,Male,49,East London,South Africa,-33.021544,27.952891,High Value,2022-12-16
2369,Lucas Scott,Male,24,Philadelphia,USA,40.000077,-75.132392,Champion,2021-06-10
2370,Liam Brown,Male,29,Atlanta,USA,33.719725,-84.376966,At Risk,2024-08-02
2371,Lesedi Zwane,Male,56,Leeds,UK,53.804871,-1.570266,New Customer,2024-11-24
2372,Noah Scott,Male,18,Houston,USA,29.783155,-95.394936,Loyal,2023-07-26
2373,Isabella Thomas,Female,20,Chicago,USA,41.891702,-87.657050,At Risk,2022-10-27
2374,Harper Khumalo,Female,34,Houston,USA,29.799869,-95.346869,Loyal,2021-10-16
2375,Liam Mahlangu,Male,55,Kimberley,South Africa,-28.764507,24.778644,Loyal,2022-12-28
2376,Hazel Lewis,Female,19,Chicago,USA,41.852568,-87.609067,Dormant,2024-07-12
2377,Lauren Turner,Female,63,Miami,USA,25.768585,-80.235843,Dormant,2021-03-26
2378,Kabelo Nkosi,Male,23,Phoenix,USA,33.428970,-112.123077,Champion,2021-04-24
2379,Carter Ntuli,Male,45,Sandton,South Africa,-26.122554,28.087206,New Customer,2021-04-06
2380,Musa Patel,Male,46,Rustenburg,South Africa,-25.636111,27.224505,Loyal,2022-02-21
2381,Daniel Campbell,Male,46,Sheffield,UK,53.370386,-1.474566,At Risk,2021-03-14
2382,Aisha Jackson,Female,48,Durban,South Africa,-29.848898,30.980770,Dormant,2024-10-10
2383,Emma Fraser,Female,65,Pretoria,South Africa,-25.773009,28.243443,Dormant,2023-01-18
2384,Jennifer Zwane,Female,53,Johannesburg,South Africa,-26.234623,28.066505,Occasional,2022-01-28
2385,Emily Vilakazi,Female,24,Cardiff,UK,51.499275,-3.158425,New Customer,2022-10-10
2386,Ella Buthelezi,Female,58,Newcastle,UK,54.966844,-1.576774,New Customer,2021-05-15
2387,Hazel Wilson,Female,26,Pretoria,South Africa,-25.756052,28.194587,Occasional,2024-12-27
2388,Harper Stewart,Female,63,Quebec City,Canada,46.860162,-71.230367,At Risk,2022-11-20
2389,Liam Vilakazi,Male,56,Austin,USA,30.243374,-97.724025,Dormant,2022-09-22
2390,Yusuf Buthelezi,Male,46,Cape Town,South Africa,-33.875088,18.454940,New Customer,2023-09-12
2391,William Hall,Male,21,Pietermaritzburg,South Africa,-29.650524,30.387861,Dormant,2021-11-20
2392,Nora Price,Female,56,Austin,USA,30.251864,-97.789174,High Value,2023-05-26
2393,Owen Mnguni,Male,64,New York,USA,40.755452,-74.051772,Occasional,2022-11-18
2394,James Pillay,Male,28,Sheffield,UK,53.363192,-1.510402,Champion,2022-09-20
2395,Madison Campbell,Female,22,Benoni,South Africa,-26.205693,28.274243,New Customer,2024-11-08
2396,Aisha Stewart,Female,38,Calgary,Canada,51.018627,-114.026890,Occasional,2024-11-03
2397,Brianna Taylor,Female,23,Nottingham,UK,52.952379,-1.157082,Champion,2023-06-28
2398,Ethan Thompson,Male,56,Edinburgh,UK,55.990663,-3.171142,Champion,2021-04-15
2399,Emma Davies,Female,32,Nottingham,UK,52.975057,-1.164319,Dormant,2023-05-21
2400,Luna Jackson,Female,30,Calgary,Canada,51.003802,-114.095365,Loyal,2024-02-11
2401,Mohammed Cele,Male,47,Nelspruit,South Africa,-25.490596,30.967700,Occasional,2023-02-09
2402,Liam Anderson,Male,49,Montreal,Canada,45.473275,-73.544910,High Value,2024-06-11
2403,Alexander Nelson,Male,64,Nottingham,UK,52.928896,-1.167850,Dormant,2022-06-22
2404,Owen Perez,Male,44,Darwin,Australia,-12.436724,130.867222,Loyal,2023-06-10
2405,Nokukhanya Majola,Female,44,Pietermaritzburg,South Africa,-29.600344,30.366004,New Customer,2023-05-08
2406,Noah Thomson,Male,32,Phoenix,USA,33.426481,-112.042738,High Value,2024-02-24
2407,Amanda Anderson,Female,38,San Antonio,USA,29.420498,-98.525198,Champion,2022-02-28
2408,Hannah Nkosi,Female,55,Johannesburg,South Africa,-26.237139,28.016145,Champion,2021-11-12
2409,Siyanda Buthelezi,Male,26,Rustenburg,South Africa,-25.666610,27.287039,Loyal,2021-09-15
2410,Hannah Adams,Female,32,Benoni,South Africa,-26.227558,28.286258,Dormant,2023-10-17
2411,Brandon Anderson,Male,47,Dallas,USA,32.734220,-96.838427,Dormant,2022-05-28
2412,Leo Davis,Male,63,Belfast,UK,54.630346,-5.920222,Loyal,2022-12-16
2413,Aria Shabalala,Female,34,Kimberley,South Africa,-28.755357,24.772886,Champion,2021-08-26
2414,Dylan Hlongwane,Male,28,Leicester,UK,52.624062,-1.137060,At Risk,2024-05-20
2415,Emma Baker,Female,18,Seattle,USA,47.621906,-122.317828,High Value,2024-05-16
2416,Mia Nkosi,Female,42,Adelaide,Australia,-34.906517,138.588648,New Customer,2023-04-22
2417,Carter Mkhize,Male,25,Calgary,Canada,51.004765,-114.026445,At Risk,2022-09-12
2418,Abigail Roberts,Female,24,Durban,South Africa,-29.816336,31.049560,At Risk,2024-07-18
2419,Hunter Carter,Male,56,Darwin,Australia,-12.468609,130.805053,Loyal,2022-02-02
2420,Harry Davis,Male,48,Johannesburg,South Africa,-26.186741,28.087445,At Risk,2022-05-28
2421,Tshepo Khumalo,Male,65,Halifax,Canada,44.689244,-63.585900,Champion,2023-06-07
2422,Nokwanda Nkosi,Female,48,Durban,South Africa,-29.826226,30.987696,Champion,2024-07-14
2423,Bongani Smith,Male,45,Belfast,UK,54.558015,-5.968796,High Value,2024-07-02
2424,Mandla Scott,Male,56,Birmingham,UK,52.454200,-1.861373,High Value,2024-09-22
2425,Ella Harris,Female,43,Edinburgh,UK,55.930326,-3.217576,Loyal,2021-02-26
2426,Ryan Khan,Male,47,Port Elizabeth,South Africa,-33.987007,25.597107,Loyal,2024-01-20
2427,Charlotte Khumalo,Female,64,Ottawa,Canada,45.384259,-75.697866,Occasional,2023-10-02
2428,Ntombifuthi Thomas,Female,33,Manchester,UK,53.443578,-2.289204,Dormant,2024-11-26
2429,Madison Thomson,Female,61,Pretoria,South Africa,-25.720755,28.192842,Dormant,2022-10-06
2430,Daniel Moore,Male,47,Port Elizabeth,South Africa,-33.959002,25.598694,Dormant,2023-04-25
2431,Daniel Moore,Male,52,Liverpool,UK,53.432144,-2.997771,At Risk,2023-10-18
2432,Ethan Hlongwane,Male,60,Pietermaritzburg,South Africa,-29.633795,30.392761,Occasional,2024-01-08
2433,Carter Thomas,Male,38,Belfast,UK,54.645007,-5.960773,Loyal,2024-09-26
2434,Ava Nelson,Female,62,Sandton,South Africa,-26.143939,28.035719,At Risk,2024-07-07
2435,Themba Hughes,Male,45,East London,South Africa,-33.000787,27.931332,Champion,2021-10-11
2436,Nora Hall,Female,54,London,UK,51.552226,-0.119649,Occasional,2021-12-16
2437,Abigail Perez,Female,19,Denver,USA,39.714512,-104.947344,Occasional,2022-04-12
2438,Luna Smith,Female,51,Cardiff,UK,51.516851,-3.145591,Champion,2023-10-08
2439,Bongani Ndlovu,Male,33,Seattle,USA,47.622429,-122.292402,At Risk,2022-11-22
2440,Bongani Majola,Male,55,Vancouver,Canada,49.259327,-123.111013,Occasional,2024-03-27
2441,Sophia Ndlovu,Female,48,East London,South Africa,-33.044973,27.929037,New Customer,2024-11-25
2442,James Thomson,Male,41,Benoni,South Africa,-26.165566,28.319058,Dormant,2021-01-21
2443,Karabo Turner,Male,29,Pietermaritzburg,South Africa,-29.621152,30.387415,Champion,2021-04-15
2444,Brittany Taylor,Female,36,Cairns,Australia,-16.930570,145.794538,New Customer,2022-09-07
2445,Mandla Sithole,Male,53,Austin,USA,30.245888,-97.754450,Occasional,2021-06-16
2446,Nandi Walker,Female,36,Newcastle,UK,54.944512,-1.640313,Loyal,2024-06-10
2447,Bongani Roberts,Male,57,Leicester,UK,52.682698,-1.098187,Loyal,2023-06-04
2448,Sophia Robertson,Female,55,Leeds,UK,53.792543,-1.566597,At Risk,2024-06-02
2449,Arjun Singh,Male,57,Johannesburg,South Africa,-26.182824,28.026492,At Risk,2021-09-03
2450,Nathan Roberts,Male,62,Sheffield,UK,53.368155,-1.475468,New Customer,2022-06-24
2451,Charlotte Brown,Female,49,Winnipeg,Canada,49.933096,-97.129806,Occasional,2022-02-25
2452,Mandla Brown,Male,62,London,UK,51.512366,-0.108869,Loyal,2022-05-11
2453,Zanele Thompson,Female,50,Montreal,Canada,45.515707,-73.555661,Champion,2024-02-17
2454,Arjun MacKenzie,Male,54,Brisbane,Australia,-27.488072,152.991403,Occasional,2024-04-04
2455,Lindiwe Lewis,Female,32,Denver,USA,39.777251,-104.994267,High Value,2023-02-19
2456,Harry Smith,Male,27,Pretoria,South Africa,-25.759082,28.259942,At Risk,2023-12-13
2457,Lauren Robinson,Female,28,Pretoria,South Africa,-25.744988,28.276224,At Risk,2024-08-13
2458,Harper Davies,Female,55,Hamilton,Canada,43.245683,-79.892506,Dormant,2021-12-10
2459,Emma Dlamini,Female,52,Cardiff,UK,51.433995,-3.129845,At Risk,2022-03-11
2460,Nathan Moore,Male,44,Quebec City,Canada,46.773029,-71.168499,High Value,2022-11-01
2461,Kabelo Govender,Male,39,San Antonio,USA,29.376881,-98.501452,Champion,2021-06-14
2462,Liam Roberts,Male,35,Bristol,UK,51.495082,-2.632697,At Risk,2021-04-22
2463,Liam Shabalala,Male,37,San Jose,USA,37.346291,-121.864412,High Value,2024-12-18
2464,Ravi Williams,Male,38,Bristol,UK,51.478687,-2.618307,Champion,2024-08-20
2465,Jordan Green,Male,58,San Antonio,USA,29.461050,-98.457183,Loyal,2023-10-20
2466,Sofia Wilson,Female,20,Pietermaritzburg,South Africa,-29.556107,30.420133,New Customer,2024-05-18
2467,Tebogo Perez,Male,64,Nelspruit,South Africa,-25.460481,30.978290,Occasional,2024-03-07
2468,Phindile Clarke,Female,54,Leeds,UK,53.848716,-1.515508,Dormant,2024-01-16
2469,Bongiwe Evans,Female,38,Johannesburg,South Africa,-26.210115,28.026063,Dormant,2022-07-13
2470,Daniel Ngcobo,Male,38,Liverpool,UK,53.456478,-3.039197,Dormant,2022-10-28
2471,Nkosi Murray,Male,57,Bloemfontein,South Africa,-29.122608,26.145867,Loyal,2022-12-19
2472,Ashley Mitchell,Female,28,Canberra,Australia,-35.289293,149.118954,Champion,2022-10-21
2473,Themba Smith,Male,30,Newcastle,UK,54.987214,-1.646776,Champion,2024-11-05
2474,Alexis Naidoo,Female,58,New York,USA,40.703131,-74.055999,Champion,2023-08-14
2475,Jordan Jones,Male,63,Los Angeles,USA,34.098514,-118.277739,New Customer,2024-09-07
2476,Chloe Miller,Female,22,Perth,Australia,-31.916313,115.908411,Occasional,2021-12-04
2477,Sibusiso Moore,Male,54,Sandton,South Africa,-26.149056,28.029171,At Risk,2023-11-01
2478,Thabo Martin,Male,58,Belfast,UK,54.581589,-5.976651,Champion,2023-01-12
2479,Karabo Jones,Male,41,Polokwane,South Africa,-23.928786,29.507774,New Customer,2022-11-22
2480,Lerato Thomson,Female,23,Hamilton,Canada,43.286412,-79.900974,Occasional,2023-11-08
2481,Harry Robertson,Male,36,San Jose,USA,37.346355,-121.925261,Loyal,2024-12-25
2482,Khanyisile Price,Female,56,Leicester,UK,52.610665,-1.175908,Dormant,2024-09-28
2483,Arjun Ngcobo,Male,46,Pietermaritzburg,South Africa,-29.609394,30.377562,Loyal,2022-08-17
2484,Mia Davies,Female,56,Leeds,UK,53.779396,-1.565745,At Risk,2024-08-10
2485,Amelia Thompson,Female,36,Bristol,UK,51.425067,-2.609148,Champion,2021-07-26
2486,Carter Thomas,Male,55,Soweto,South Africa,-26.245625,27.874653,Champion,2023-11-24
2487,Elijah Reddy,Male,36,Glasgow,UK,55.815477,-4.249804,Champion,2023-09-17
2488,Emily Jones,Female,31,Coventry,UK,52.389535,-1.563197,At Risk,2022-07-25
2489,Oliver Reddy,Male,27,Glasgow,UK,55.870518,-4.287327,Occasional,2022-11-19
2490,Amelia MacKenzie,Female,52,Pretoria,South Africa,-25.797688,28.181687,Occasional,2022-05-14
2491,James Garcia,Male,22,Pretoria,South Africa,-25.737857,28.251566,New Customer,2021-01-25
2492,Brittany Thomas,Female,27,Sheffield,UK,53.428153,-1.436130,At Risk,2023-11-05
2493,Yusuf Williams,Male,33,Sydney,Australia,-33.843180,151.188162,At Risk,2022-01-01
2494,Jack Reddy,Male,18,London,UK,51.511923,-0.138917,At Risk,2024-02-11
2495,James Evans,Male,51,Birmingham,UK,52.486073,-1.849017,Champion,2023-06-23
2496,Luna Miller,Female,21,Newcastle,UK,54.972117,-1.595313,Loyal,2022-07-24
2497,Brandon Adams,Male,31,London,UK,51.512233,-0.150779,Dormant,2022-03-16
2498,Ava Davies,Female,29,Sandton,South Africa,-26.067032,28.024554,New Customer,2021-03-13
2499,Lindiwe Murphy,Female,24,Leeds,UK,53.754796,-1.523280,High Value,2024-12-13
2500,Mason Lewis,Male,41,San Antonio,USA,29.395963,-98.473235,Champion,2022-04-28
2501,Zanele Price,Female,35,Liverpool,UK,53.381321,-3.017219,High Value,2023-02-08
2502,Ntombifuthi Mnguni,Female,60,Austin,USA,30.316832,-97.703998,New Customer,2023-05-10
2503,Jayden Clarke,Male,54,Durban,South Africa,-29.814000,30.982289,Loyal,2022-09-19
2504,Jayden Patel,Male,21,Kimberley,South Africa,-28.701541,24.700435,Occasional,2023-10-28
2505,Victoria Sithole,Female,55,Bristol,UK,51.465565,-2.540062,New Customer,2023-10-27
2506,Brianna Thompson,Female,46,Austin,USA,30.298862,-97.777044,Loyal,2024-11-04
2507,Lauren Ndlovu,Female,27,Liverpool,UK,53.409110,-3.019527,At Risk,2021-05-26
2508,Amelia Martin,Female,33,Phoenix,USA,33.425569,-112.037802,Champion,2022-11-06
2509,Ava Ndlovu,Female,62,Cairns,Australia,-16.886897,145.798729,At Risk,2023-03-02
2510,Arjun Thompson,Male,59,Durban,South Africa,-29.885278,30.999652,Champion,2022-03-27
2511,Thandeka Hall,Female,41,Pietermaritzburg,South Africa,-29.585570,30.378252,Occasional,2024-02-07
2512,Lindiwe White,Female,41,Phoenix,USA,33.453271,-112.121226,High Value,2021-03-06
2513,Brandon Kunene,Male,34,Cardiff,UK,51.474265,-3.130779,Loyal,2023-02-23
2514,Noah Robinson,Male,65,Manchester,UK,53.491881,-2.280830,New Customer,2023-11-27
2515,Lungelo Vilakazi,Male,30,Durban,South Africa,-29.873377,30.999466,At Risk,2024-01-11
2516,Abigail Nkosi,Female,31,Durban,South Africa,-29.875044,31.054576,Loyal,2023-10-18
2517,Brandon Scott,Male,48,Melbourne,Australia,-37.774552,144.959920,New Customer,2022-05-21
2518,Mason Adams,Male,20,Sydney,Australia,-33.849981,151.219933,At Risk,2021-05-14
2519,Alexis Harris,Female,32,Sandton,South Africa,-26.137349,28.079088,Occasional,2021-07-13
2520,Nhlanhla Johnson,Male,54,Houston,USA,29.794102,-95.382050,Champion,2022-06-24
2521,Ashley Shabalala,Female,44,Polokwane,South Africa,-23.938158,29.430197,High Value,2024-12-11
2522,Thabo Mthembu,Male,20,Leeds,UK,53.810970,-1.562509,High Value,2024-06-14
2523,Zoe Walker,Female,31,Bloemfontein,South Africa,-29.120406,26.140556,New Customer,2023-07-17
2524,Nathan Davis,Male,31,Nelspruit,South Africa,-25.469565,30.953039,Loyal,2024-05-15
2525,Ava Scott,Female,24,Durban,South Africa,-29.860754,31.039390,New Customer,2021-05-22
2526,Isabella Martin,Female,58,Newcastle,UK,54.976330,-1.598075,High Value,2022-12-23
2527,Kabelo Stewart,Male,19,Denver,USA,39.728533,-105.020292,At Risk,2023-12-11
2528,Abigail Scott,Female,55,Newcastle,UK,55.024017,-1.571559,New Customer,2024-10-03
2529,Emma Jackson,Female,56,Edmonton,Canada,53.544095,-113.472314,High Value,2021-01-02
2530,Mpho Taylor,Male,50,Phoenix,USA,33.464483,-112.033674,At Risk,2021-03-06
2531,Evelyn Walker,Female,31,Pietermaritzburg,South Africa,-29.607879,30.412258,Dormant,2022-09-08
2532,Phindile Nkosi,Female,29,Canberra,Australia,-35.238714,149.130983,At Risk,2022-11-04
2533,Lachlan Ntuli,Male,52,Halifax,Canada,44.641073,-63.624154,Champion,2021-05-12
2534,Lesedi Thompson,Male,42,Edmonton,Canada,53.552952,-113.535220,Champion,2024-11-01
2535,Busisiwe Thomas,Female,26,Sandton,South Africa,-26.121063,28.067752,Loyal,2023-08-17
2536,Aria Price,Female,39,East London,South Africa,-32.972001,27.912521,New Customer,2022-09-22
2537,Amelia Khan,Female,58,Cape Town,South Africa,-33.942578,18.433129,New Customer,2021-09-28
2538,Zoe Roberts,Female,53,Austin,USA,30.303908,-97.712755,Dormant,2022-03-25
2539,Amelia Fraser,Female,56,Pietermaritzburg,South Africa,-29.610217,30.425767,New Customer,2022-11-22
2540,Lucas Patel,Male,48,Durban,South Africa,-29.877275,31.017923,At Risk,2021-12-02
2541,Zoe Phillips,Female,22,Edmonton,Canada,53.534038,-113.467717,Occasional,2024-12-04
2542,Nomsa Naidoo,Female,64,Chicago,USA,41.862221,-87.637805,At Risk,2023-01-25
2543,Ashley Smith,Female,29,Sydney,Australia,-33.820068,151.242977,New Customer,2023-11-07
2544,Ava Anderson,Female,51,Cape Town,South Africa,-33.974263,18.390239,At Risk,2021-11-19
2545,Liam Harris,Male,31,Birmingham,UK,52.458206,-1.907347,At Risk,2021-07-27
2546,Busisiwe Lewis,Female,46,Gold Coast,Australia,-28.006487,153.375755,Occasional,2021-09-19
2547,Benjamin Singh,Male,40,Darwin,Australia,-12.416451,130.851206,Occasional,2023-11-15
2548,Mohammed Taylor,Male,55,Brisbane,Australia,-27.466846,153.032616,At Risk,2022-07-18
2549,Mia Singh,Female,52,Durban,South Africa,-29.846700,31.035320,Dormant,2024-10-17
2550,Olivia Mokoena,Female,25,Nottingham,UK,52.921477,-1.197827,Loyal,2021-09-14
2551,Palesa Walker,Female,46,Winnipeg,Canada,49.867054,-97.135589,Champion,2023-04-26
2552,Samuel Nelson,Male,37,Adelaide,Australia,-34.929363,138.566878,New Customer,2023-11-13
2553,Siyanda Vilakazi,Male,39,Houston,USA,29.781318,-95.324191,Occasional,2022-01-24
2554,Mandla Ntuli,Male,44,Pietermaritzburg,South Africa,-29.569403,30.378519,New Customer,2021-09-26
2555,Jordan Khan,Male,24,Edmonton,Canada,53.499946,-113.482900,Champion,2023-01-01
2556,Samantha Ngcobo,Female,63,San Jose,USA,37.339476,-121.929636,Occasional,2022-03-04
2557,Grace Anderson,Female,20,Brisbane,Australia,-27.500476,153.033776,At Risk,2021-03-15
2558,Isabella Dlamini,Female,26,Adelaide,Australia,-34.950251,138.649402,Loyal,2024-10-07
2559,Lungelo Vilakazi,Male,44,Edmonton,Canada,53.562409,-113.510293,Champion,2022-04-09
2560,Nobuhle Harris,Female,64,Vancouver,Canada,49.258739,-123.109610,Occasional,2022-09-19
2561,Nokwanda Scott,Female,59,Miami,USA,25.781952,-80.161014,At Risk,2024-06-18
2562,Chloe Ntuli,Female,42,New York,USA,40.691007,-74.055471,Dormant,2023-10-28
2563,Hazel White,Female,24,Soweto,South Africa,-26.244961,27.878373,Occasional,2024-06-18
2564,Abigail Fraser,Female,63,Leicester,UK,52.601357,-1.096269,Dormant,2022-03-04
2565,Connor Wilson,Male,65,Belfast,UK,54.620639,-5.887029,At Risk,2023-09-10
2566,Alexis Hall,Female,29,Cardiff,UK,51.462598,-3.148071,Champion,2021-08-07
2567,Aria Sithole,Female,64,Phoenix,USA,33.437303,-112.053498,New Customer,2023-05-04
2568,Bongani Molefe,Male,28,Rustenburg,South Africa,-25.662017,27.198909,At Risk,2023-10-22
2569,Lucas Khan,Male,25,Cape Town,South Africa,-33.899919,18.415090,Dormant,2023-01-10
2570,Nhlanhla Brown,Male,29,Brisbane,Australia,-27.439589,152.978825,New Customer,2023-01-27
2571,Charlotte Molefe,Female,65,Sydney,Australia,-33.876121,151.258074,New Customer,2021-06-08
2572,Nomsa Stewart,Female,18,Adelaide,Australia,-34.885635,138.639586,Dormant,2022-12-23
2573,Alexander Walker,Male,58,Philadelphia,USA,39.945141,-75.184419,Loyal,2024-07-09
2574,Yusuf MacDonald,Male,32,Phoenix,USA,33.457693,-112.120386,Dormant,2022-12-17
2575,Nkosi Martin,Male,63,London,UK,51.526864,-0.152522,High Value,2023-04-23
2576,Lucas Brown,Male,60,Sandton,South Africa,-26.133889,28.065288,Champion,2024-04-13
2577,Yusuf Anderson,Male,60,Leeds,UK,53.808740,-1.536747,New Customer,2024-01-12
2578,Logan Smith,Male,20,Manchester,UK,53.501066,-2.225524,Occasional,2023-06-25
2579,Carter Ngcobo,Male,48,Montreal,Canada,45.526785,-73.600068,Loyal,2021-05-18
2580,Liam Williams,Male,31,Chicago,USA,41.912646,-87.643695,High Value,2023-04-15
2581,Bongani Price,Male,39,Ottawa,Canada,45.430561,-75.720807,At Risk,2024-07-03
2582,Cooper Evans,Male,32,Adelaide,Australia,-34.937348,138.571701,High Value,2023-06-16
2583,Mpho Wilson,Male,31,Pretoria,South Africa,-25.766039,28.211367,Loyal,2023-12-07
2584,Nokwanda Mkhize,Female,48,Perth,Australia,-31.992092,115.859582,New Customer,2022-09-22
2585,Victoria White,Female,31,Cardiff,UK,51.466663,-3.180669,New Customer,2022-05-21
2586,Hazel Murphy,Female,29,Dallas,USA,32.813309,-96.751476,Occasional,2022-04-06
2587,Sibusiso Govender,Male,34,Durban,South Africa,-29.852455,31.070464,Dormant,2023-03-06
2588,Ava Dlamini,Female,33,Chicago,USA,41.882714,-87.596838,Dormant,2024-08-02
2589,Neha Davies,Female,41,Bloemfontein,South Africa,-29.078812,26.111727,Dormant,2023-12-23
2590,Amelia MacKenzie,Female,22,Adelaide,Australia,-34.974215,138.645489,High Value,2023-11-19
2591,Charlotte Davies,Female,48,Canberra,Australia,-35.245852,149.131607,New Customer,2023-01-01
2592,Sibongile Jones,Female,28,Sandton,South Africa,-26.060888,28.048846,At Risk,2021-02-20
2593,Benjamin Buthelezi,Male,55,Miami,USA,25.784289,-80.168224,Dormant,2024-11-10
2594,Grace Smith,Female,53,Manchester,UK,53.525155,-2.230969,At Risk,2024-02-12
2595,Mason Hlongwane,Male,42,Ottawa,Canada,45.409843,-75.652608,High Value,2022-01-01
2596,Nokukhanya Murray,Female,56,Coventry,UK,52.440596,-1.476480,Occasional,2023-02-11
2597,Ryan Pillay,Male,45,New York,USA,40.711785,-74.052484,Loyal,2021-03-15
2598,Benjamin Baker,Male,21,Port Elizabeth,South Africa,-33.916833,25.641883,Dormant,2023-09-05
2599,Nhlanhla Naidoo,Male,44,Austin,USA,30.282542,-97.777906,Loyal,2022-05-11
2600,Emily Pillay,Female,65,Glasgow,UK,55.869977,-4.203517,Occasional,2022-11-06
2601,Ella MacKenzie,Female,33,Kimberley,South Africa,-28.736503,24.703362,New Customer,2022-12-04
2602,Zoe Fraser,Female,46,Brisbane,Australia,-27.496451,153.030379,New Customer,2024-09-21
2603,Nora Harris,Female,48,Polokwane,South Africa,-23.918152,29.462843,Loyal,2024-06-15
2604,Amanda Harris,Female,61,Miami,USA,25.733382,-80.234834,Loyal,2021-02-21
2605,Amelia Wilson,Female,40,Quebec City,Canada,46.787496,-71.189476,Occasional,2021-07-02
2606,Zoe Baker,Female,42,Quebec City,Canada,46.793649,-71.234321,Occasional,2023-05-17
2607,Sipho Brown,Male,24,Leeds,UK,53.797220,-1.565444,At Risk,2024-09-21
2608,Jayden Anderson,Male,40,Edmonton,Canada,53.540558,-113.461911,New Customer,2023-11-11
2609,Jayden Wood,Male,43,Vancouver,Canada,49.260957,-123.104805,Occasional,2023-09-05
2610,Nokukhanya Zulu,Female,39,Bloemfontein,South Africa,-29.100143,26.126341,Loyal,2022-10-02
2611,Lachlan Wilson,Male,61,Kimberley,South Africa,-28.716124,24.736491,Occasional,2023-06-26
2612,Ntombifuthi Brown,Female,37,Nottingham,UK,52.982162,-1.129203,New Customer,2023-12-13
2613,Carter Lewis,Male,50,Coventry,UK,52.426615,-1.469835,Occasional,2022-03-15
2614,Nhlanhla Hughes,Male,31,Nelspruit,South Africa,-25.477174,30.925092,Loyal,2021-02-24
2615,Mandla Murphy,Male,27,Cape Town,South Africa,-33.969508,18.420234,High Value,2024-12-08
2616,Ella MacDonald,Female,32,Halifax,Canada,44.634175,-63.612311,At Risk,2022-03-28
2617,Nobuhle Mitchell,Female,28,London,UK,51.476770,-0.108374,Loyal,2024-08-18
2618,Siyanda Walker,Male,44,Johannesburg,South Africa,-26.156095,28.092270,High Value,2022-12-22
2619,Amelia Brown,Female,55,Bristol,UK,51.413471,-2.547232,At Risk,2024-01-06
2620,Grace Baker,Female,29,Cairns,Australia,-16.951674,145.788346,Loyal,2024-10-22
2621,Sophia Singh,Female,25,Birmingham,UK,52.501308,-1.843716,Occasional,2024-07-22
2622,Isabella Davies,Female,38,Miami,USA,25.786099,-80.239452,Loyal,2022-02-18
2623,Karabo Vilakazi,Male,42,Pietermaritzburg,South Africa,-29.594804,30.334412,High Value,2024-05-26
2624,Harry Thomas,Male,62,Bloemfontein,South Africa,-29.105608,26.160664,At Risk,2021-09-05
2625,Ayanda Vilakazi,Female,35,Kimberley,South Africa,-28.741031,24.777118,At Risk,2021-09-15
2626,Ella Evans,Female,30,Sheffield,UK,53.418825,-1.455218,Loyal,2024-08-08
2627,Aiden Thompson,Male,29,Port Elizabeth,South Africa,-33.997884,25.567136,New Customer,2023-06-03
2628,Jasmine Ndlovu,Female,40,Denver,USA,39.786909,-104.966869,New Customer,2022-08-17
2629,Mohammed Molefe,Male,44,Darwin,Australia,-12.453376,130.811633,High Value,2022-05-23
2630,Jackson Vilakazi,Male,40,Kimberley,South Africa,-28.740579,24.728288,New Customer,2024-03-23
2631,Ella Govender,Female,38,Ottawa,Canada,45.392228,-75.655266,New Customer,2022-04-06
2632,Nobuhle Mokoena,Female,48,Bristol,UK,51.425669,-2.590132,High Value,2023-08-28
2633,Ella Thompson,Female,57,Denver,USA,39.732465,-104.945864,New Customer,2021-09-16
2634,Elijah Turner,Male,54,Seattle,USA,47.583422,-122.340931,Champion,2023-11-21
2635,Tshepo Garcia,Male,21,Houston,USA,29.787915,-95.386055,Occasional,2022-02-20
2636,Mia Clarke,Female,58,Durban,South Africa,-29.829399,31.021147,Loyal,2023-12-09
2637,Harry Anderson,Male,53,Miami,USA,25.715438,-80.220371,At Risk,2023-08-22
2638,Mpho Walker,Male,33,Polokwane,South Africa,-23.948895,29.425092,High Value,2023-09-06
2639,Bongani Davies,Male,31,Brisbane,Australia,-27.435263,153.013278,Occasional,2024-01-16
2640,Noah Smith,Male,56,Belfast,UK,54.573481,-5.935800,Occasional,2022-05-11
2641,Zanele Kunene,Female,56,London,UK,51.498672,-0.143529,Dormant,2021-07-28
2642,Tyler Taylor,Male,50,Philadelphia,USA,40.000147,-75.134637,New Customer,2021-04-25
2643,Ella Zulu,Female,62,London,UK,51.506656,-0.096729,Dormant,2023-03-16
2644,Ethan Evans,Male,53,Nottingham,UK,52.985850,-1.170932,Dormant,2021-05-03
2645,Nkosi Walker,Male,30,Darwin,Australia,-12.453062,130.877286,At Risk,2022-08-18
2646,Carter Vilakazi,Male,56,Durban,South Africa,-29.850064,31.048754,New Customer,2021-08-06
2647,Tebogo Ngcobo,Male,52,Nottingham,UK,52.936275,-1.163995,Occasional,2022-12-04
2648,Alexander Reddy,Male,35,Calgary,Canada,51.056045,-114.068900,At Risk,2023-11-20
2649,Mason MacDonald,Male,62,Liverpool,UK,53.439533,-2.968014,Champion,2022-11-16
2650,Amelia Smith,Female,62,Darwin,Australia,-12.499651,130.835684,Occasional,2023-09-18
2651,Daniel Masondo,Male,50,Miami,USA,25.721302,-80.145798,Dormant,2022-01-02
2652,Bongani Khumalo,Male,18,Birmingham,UK,52.528767,-1.906312,New Customer,2022-04-12
2653,Abigail Hall,Female,59,Soweto,South Africa,-26.281152,27.896386,Champion,2021-06-10
2654,Caleb Adams,Male,39,Chicago,USA,41.900942,-87.605583,Dormant,2021-09-02
2655,Sandile Ndlovu,Male,28,Philadelphia,USA,39.997391,-75.210522,Champion,2022-12-20
2656,Harper Jackson,Female,29,Glasgow,UK,55.819165,-4.232966,High Value,2022-11-05
2657,Karabo Scott,Male,55,Leeds,UK,53.840485,-1.500810,Champion,2022-06-28
2658,Ella Evans,Female,30,Denver,USA,39.725581,-104.960610,Champion,2024-04-03
2659,Arjun Roberts,Male,18,Atlanta,USA,33.745408,-84.428527,Occasional,2023-01-01
2660,Dylan Khumalo,Male,34,Darwin,Australia,-12.502041,130.811289,Dormant,2021-08-27
2661,Samantha Fraser,Female,53,New York,USA,40.705182,-73.989296,Champion,2022-11-21
2662,Marcus Walker,Male,40,Leicester,UK,52.593112,-1.111719,Loyal,2023-06-01
2663,Victoria Khan,Female,42,Philadelphia,USA,39.969323,-75.164317,High Value,2021-11-27
2664,Luna Stewart,Female,29,Chicago,USA,41.904123,-87.661166,Dormant,2021-07-04
2665,William Carter,Male,50,San Jose,USA,37.315419,-121.906642,Dormant,2022-02-06
2666,Sophia White,Female,24,Melbourne,Australia,-37.844352,144.987415,Occasional,2024-09-03
2667,Nora Ngcobo,Female,33,Polokwane,South Africa,-23.917027,29.504783,At Risk,2023-12-05
2668,Cooper Shabalala,Male,50,Nelspruit,South Africa,-25.471506,30.946700,Dormant,2024-05-08
2669,Busisiwe Reddy,Female,44,Chicago,USA,41.886786,-87.646773,New Customer,2021-03-02
2670,Siyanda Mnguni,Male,29,Canberra,Australia,-35.328503,149.115465,Dormant,2021-07-02
2671,Samantha Nkosi,Female,29,Darwin,Australia,-12.416246,130.839175,New Customer,2021-10-28
2672,Noah Buthelezi,Male,31,Cairns,Australia,-16.889011,145.766219,Dormant,2023-05-15
2673,Zoe Wilson,Female,44,Benoni,South Africa,-26.232804,28.354768,Dormant,2022-10-05
2674,Hunter Reddy,Male,22,Bristol,UK,51.448635,-2.567387,Loyal,2021-12-17
2675,Nobuhle Smith,Female,57,Coventry,UK,52.375527,-1.524952,New Customer,2024-04-07
2676,Alexander Khan,Male,47,Montreal,Canada,45.496552,-73.600332,High Value,2024-06-23
2677,Benjamin Taylor,Male,24,Cairns,Australia,-16.952826,145.827345,Occasional,2024-04-02
2678,Noah Price,Male,21,Bloemfontein,South Africa,-29.053310,26.170690,Loyal,2023-11-27
2679,Amelia Miller,Female,57,Winnipeg,Canada,49.875504,-97.120973,Champion,2024-11-07
2680,Owen Green,Male,20,Halifax,Canada,44.661393,-63.561499,Dormant,2023-02-03
2681,Tebogo Ngcobo,Male,49,Johannesburg,South Africa,-26.253898,28.045597,Dormant,2023-12-21
2682,Ethan Brown,Male,24,San Jose,USA,37.346215,-121.909741,Dormant,2023-10-14
2683,Nomsa Thomas,Female,52,Darwin,Australia,-12.437047,130.807568,Occasional,2023-02-13
2684,Noah Naidoo,Male,43,Houston,USA,29.804576,-95.357606,New Customer,2021-11-22
2685,Phindile Molefe,Female,59,Darwin,Australia,-12.505476,130.819560,Occasional,2024-10-03
2686,Emma Zulu,Female,46,Pietermaritzburg,South Africa,-29.577653,30.428507,Loyal,2024-01-18
2687,Benjamin Mkhize,Male,47,Hamilton,Canada,43.305627,-79.888603,At Risk,2021-05-06
2688,Connor Sithole,Male,56,San Jose,USA,37.330009,-121.842592,Occasional,2021-12-16
2689,Amelia Thomas,Female,41,Nelspruit,South Africa,-25.480147,30.937108,Champion,2021-08-01
2690,Caleb Masondo,Male,43,San Antonio,USA,29.473903,-98.443751,New Customer,2021-06-23
2691,Ethan Price,Male,27,Sheffield,UK,53.357765,-1.440866,Occasional,2024-05-06
2692,Harper MacDonald,Female,25,Los Angeles,USA,34.036102,-118.271053,At Risk,2023-10-08
2693,Carter Mthembu,Male,60,Johannesburg,South Africa,-26.252138,28.026462,At Risk,2023-12-10
2694,Karabo Martin,Male,59,Soweto,South Africa,-26.236517,27.889570,Champion,2022-08-25
2695,Lachlan Jones,Male,57,Cape Town,South Africa,-33.939840,18.428755,Dormant,2024-04-10
2696,Owen Roberts,Male,24,San Jose,USA,37.296466,-121.889201,Champion,2022-02-23
2697,Ayanda Evans,Female,55,Adelaide,Australia,-34.912703,138.640431,High Value,2021-12-18
2698,Themba Lewis,Male,42,Hamilton,Canada,43.257634,-79.857101,At Risk,2023-02-01
2699,Harper Fraser,Female,46,Johannesburg,South Africa,-26.199368,28.017619,Champion,2022-09-03
2700,Nomsa Perez,Female,23,Kimberley,South Africa,-28.772605,24.781499,Dormant,2023-04-28
2701,Nandi Govender,Female,44,Pietermaritzburg,South Africa,-29.590368,30.360010,Dormant,2024-05-09
2702,Jennifer Zulu,Female,18,Soweto,South Africa,-26.277999,27.859803,Loyal,2023-11-13
2703,Liam Buthelezi,Male,31,Leicester,UK,52.652134,-1.183037,New Customer,2024-06-16
2704,Evelyn Shabalala,Female,30,Edmonton,Canada,53.589947,-113.508779,New Customer,2021-05-02
2705,Amelia Anderson,Female,53,Pretoria,South Africa,-25.703758,28.272199,Occasional,2021-01-21
2706,Nokukhanya Shabalala,Female,52,Glasgow,UK,55.842391,-4.299960,Occasional,2021-08-17
2707,Connor Kunene,Male,20,Austin,USA,30.254898,-97.786210,Occasional,2022-06-03
2708,Hannah Carter,Female,53,Glasgow,UK,55.861479,-4.276199,Occasional,2023-06-01
2709,Brittany White,Female,50,Glasgow,UK,55.891244,-4.290061,Loyal,2024-09-25
2710,Lesedi Murray,Male,55,East London,South Africa,-32.994071,27.871539,High Value,2024-06-09
2711,Benjamin Shabalala,Male,39,Miami,USA,25.747096,-80.235457,New Customer,2022-08-10
2712,Daniel Adams,Male,63,Sandton,South Africa,-26.067228,28.021152,Occasional,2023-07-18
2713,Nokukhanya Zulu,Female,32,Benoni,South Africa,-26.217727,28.360204,At Risk,2021-04-05
2714,George Walker,Male,24,Nelspruit,South Africa,-25.481280,31.005655,At Risk,2022-09-11
2715,Ryan Carter,Male,27,Cape Town,South Africa,-33.881986,18.388067,Champion,2024-06-28
2716,Dylan Walker,Male,25,Soweto,South Africa,-26.317198,27.819140,Champion,2022-04-07
2717,Busisiwe Phillips,Female,44,Hobart,Australia,-42.926300,147.345923,At Risk,2021-08-20
2718,Lungelo MacDonald,Male,24,Leeds,UK,53.769838,-1.585635,Occasional,2021-07-08
2719,Ava Smith,Female,57,Kimberley,South Africa,-28.772924,24.793291,High Value,2024-08-19
2720,Cooper Williams,Male,49,Miami,USA,25.793111,-80.216281,Occasional,2023-11-17
2721,Jackson Dlamini,Male,19,Bristol,UK,51.421983,-2.593418,Dormant,2022-11-08
2722,Jasmine Reddy,Female,19,Durban,South Africa,-29.840230,31.048221,Occasional,2023-01-11
2723,Mandla Buthelezi,Male,41,Johannesburg,South Africa,-26.210589,28.087486,Occasional,2023-09-05
2724,Sophia Majola,Female,40,Vancouver,Canada,49.306955,-123.167343,Dormant,2021-08-10
2725,Mandla Adams,Male,53,Atlanta,USA,33.746309,-84.351429,Dormant,2021-03-15
2726,Noah Moore,Male,34,San Antonio,USA,29.452682,-98.451679,Champion,2024-07-28
2727,Mandla Thompson,Male,26,Port Elizabeth,South Africa,-33.954478,25.564170,Occasional,2021-03-14
2728,Mason Clarke,Male,28,Bloemfontein,South Africa,-29.049870,26.176172,Dormant,2024-10-12
2729,Nokukhanya Wood,Female,30,Austin,USA,30.239725,-97.693189,New Customer,2022-06-14
2730,Karabo Zwane,Male,46,Winnipeg,Canada,49.847478,-97.165013,Loyal,2021-03-22
2731,Amanda White,Female,44,Phoenix,USA,33.478046,-112.115743,At Risk,2024-05-21
2732,Mohammed MacKenzie,Male,30,Houston,USA,29.799582,-95.355035,High Value,2022-07-05
2733,Lily Walker,Female,51,Quebec City,Canada,46.800284,-71.196641,Dormant,2023-11-03
2734,Jayden Taylor,Male,46,Pretoria,South Africa,-25.739748,28.223321,Occasional,2021-06-13
2735,Abigail Mnguni,Female,33,Rustenburg,South Africa,-25.653793,27.285085,Occasional,2022-02-07
2736,Evelyn Masondo,Female,46,Leeds,UK,53.757487,-1.528883,At Risk,2023-02-22
2737,Grace Davies,Female,23,London,UK,51.517289,-0.095816,Dormant,2023-05-04
2738,Sandile Walker,Male,37,Denver,USA,39.716997,-105.024533,Champion,2023-09-20
2739,Sofia Brown,Female,23,Cairns,Australia,-16.920985,145.765142,Champion,2023-10-08
2740,Kayla Martin,Female,59,Rustenburg,South Africa,-25.658143,27.224433,At Risk,2023-06-22
2741,Sipho Turner,Male,30,Canberra,Australia,-35.235549,149.096936,Loyal,2021-04-27
2742,Liam Walker,Male,55,Vancouver,Canada,49.265033,-123.135841,New Customer,2021-01-18
2743,Ella Miller,Female,55,Houston,USA,29.750679,-95.364903,At Risk,2022-04-17
2744,Ella Davies,Female,48,Calgary,Canada,51.045211,-114.096154,High Value,2023-07-14
2745,Benjamin Clarke,Male,44,Kimberley,South Africa,-28.702019,24.754299,Loyal,2023-01-10
2746,Mason Hlongwane,Male,57,Winnipeg,Canada,49.876347,-97.141929,Occasional,2021-11-19
2747,Mason Mokoena,Male,33,Montreal,Canada,45.504404,-73.610910,New Customer,2024-02-04
2748,Liam Martinez,Male,54,Atlanta,USA,33.702866,-84.386025,Loyal,2024-01-13
2749,Jack Molefe,Male,50,Houston,USA,29.797329,-95.379310,At Risk,2022-09-20
2750,Nkosi Davies,Male,32,Sandton,South Africa,-26.060582,28.088429,At Risk,2022-05-16
2751,Caleb Sithole,Male,29,Liverpool,UK,53.392863,-3.001751,Loyal,2024-09-01
2752,Lucas Davies,Male,45,Leeds,UK,53.847509,-1.563227,Occasional,2024-10-26
2753,Sandile Majola,Male,26,Toronto,Canada,43.680128,-79.363339,New Customer,2024-06-19
2754,Mohammed Phillips,Male,54,Coventry,UK,52.361220,-1.569428,High Value,2024-01-10
2755,Thandeka Khan,Female,51,Melbourne,Australia,-37.856421,144.968809,High Value,2022-03-14
2756,George Naidoo,Male,47,Belfast,UK,54.607763,-5.933517,Occasional,2024-07-23
2757,Lucas Naidoo,Male,20,Port Elizabeth,South Africa,-33.997798,25.580923,At Risk,2021-05-27
2758,Anisha Thomson,Female,65,Phoenix,USA,33.475987,-112.060019,Champion,2021-03-25
2759,Sofia Mahlangu,Female,55,Chicago,USA,41.874027,-87.659078,New Customer,2022-08-06
2760,George Brown,Male,22,Belfast,UK,54.577149,-5.903713,Occasional,2021-09-22
2761,Nomsa Kunene,Female,40,Nelspruit,South Africa,-25.470954,30.983486,Champion,2022-01-08
2762,Mohammed Perez,Male,36,Leicester,UK,52.600140,-1.138962,Occasional,2024-03-04
2763,Luna Mitchell,Female,50,Toronto,Canada,43.657702,-79.427383,Loyal,2024-02-20
2764,Sipho Davies,Male,44,Soweto,South Africa,-26.292226,27.812300,Dormant,2024-06-25
2765,Layla Govender,Female,55,Kimberley,South Africa,-28.704552,24.798724,Loyal,2023-10-23
2766,Evelyn MacKenzie,Female,26,Polokwane,South Africa,-23.891013,29.429363,Occasional,2024-02-23
2767,Leo Anderson,Male,60,Newcastle,UK,54.933437,-1.574878,New Customer,2021-10-14
2768,Bongiwe Dlamini,Female,60,Durban,South Africa,-29.813945,31.029349,At Risk,2024-04-06
2769,Abigail Jones,Female,24,Los Angeles,USA,34.005029,-118.283520,High Value,2023-04-09
2770,Amanda Walker,Female,51,Rustenburg,South Africa,-25.689555,27.234742,Dormant,2021-01-16
2771,Samuel Taylor,Male,44,Johannesburg,South Africa,-26.236812,28.031392,High Value,2023-07-19
2772,Vikram Wilson,Male,62,San Antonio,USA,29.378220,-98.449774,Loyal,2023-11-03
2773,Ethan Ngcobo,Male,21,Ottawa,Canada,45.390483,-75.648851,Occasional,2023-09-11
2774,Ava MacKenzie,Female,18,Port Elizabeth,South Africa,-33.965304,25.565020,High Value,2022-04-09
2775,Hunter Campbell,Male,23,Nelspruit,South Africa,-25.497062,30.936986,Loyal,2023-06-26
2776,Noah Perez,Male,58,Newcastle,UK,54.954025,-1.579183,High Value,2024-03-27
2777,Owen Clarke,Male,20,Port Elizabeth,South Africa,-33.988428,25.639951,Dormant,2022-11-18
2778,Brittany Price,Female,22,Austin,USA,30.260506,-97.749463,Dormant,2024-10-07
2779,Noah Martinez,Male,19,Pretoria,South Africa,-25.728277,28.239693,Loyal,2023-10-11
2780,Noah Smith,Male,44,Johannesburg,South Africa,-26.218148,28.058517,New Customer,2023-04-03
2781,Lucas Wilson,Male,40,Edmonton,Canada,53.511484,-113.455445,At Risk,2023-10-16
2782,Bongiwe Lewis,Female,46,East London,South Africa,-33.023539,27.921494,At Risk,2023-07-12
2783,Ashley Patel,Female,56,East London,South Africa,-32.990859,27.904544,High Value,2023-01-19
2784,Carter Walker,Male,32,Hobart,Australia,-42.881408,147.367095,Occasional,2021-04-12
2785,Zanele Price,Female,29,Toronto,Canada,43.610420,-79.403665,Dormant,2021-05-09
2786,Olivia Khumalo,Female,39,Manchester,UK,53.467793,-2.238065,At Risk,2024-05-12
2787,Amanda Thomas,Female,24,San Jose,USA,37.372592,-121.903100,New Customer,2023-09-07
2788,Lerato Jones,Female,42,Perth,Australia,-31.906231,115.828888,Dormant,2023-05-28
2789,Lesedi Lewis,Male,40,Pietermaritzburg,South Africa,-29.568489,30.404924,At Risk,2021-07-28
2790,Sibongile Reddy,Female,29,Leicester,UK,52.628697,-1.129748,Occasional,2022-11-10
2791,Sophia Patel,Female,29,Sheffield,UK,53.350321,-1.486555,High Value,2022-04-13
2792,Aiden Taylor,Male,20,Houston,USA,29.807110,-95.344895,Dormant,2021-04-11
2793,Tshepo Scott,Male,49,Austin,USA,30.230050,-97.756132,Loyal,2023-04-15
2794,Nokwanda Roberts,Female,61,Benoni,South Africa,-26.178904,28.311795,Occasional,2022-10-13
2795,Lucas Cele,Male,28,Austin,USA,30.267568,-97.747561,Loyal,2021-04-19
2796,Harper MacDonald,Female,34,Cairns,Australia,-16.878052,145.822188,Occasional,2024-09-03
2797,Ethan Mahlangu,Male,42,Seattle,USA,47.586781,-122.311111,New Customer,2024-03-16
2798,Brandon Thomson,Male,22,Kimberley,South Africa,-28.777931,24.735546,Champion,2022-01-13
2799,Kabelo Wood,Male,38,Vancouver,Canada,49.321917,-123.077272,At Risk,2023-11-25
2800,Lily Hall,Female,59,Quebec City,Canada,46.788106,-71.169778,Champion,2022-03-08
2801,Arjun Robinson,Male,62,Edmonton,Canada,53.558812,-113.468578,Occasional,2022-08-12
2802,Amelia Perez,Female,24,Kimberley,South Africa,-28.761888,24.734190,Dormant,2023-09-28
2803,Lucas Garcia,Male,54,San Jose,USA,37.344584,-121.841252,Champion,2022-04-06
2804,Leo Johnson,Male,64,Edmonton,Canada,53.582907,-113.454906,Loyal,2024-05-20
2805,Kayla Turner,Female,27,Bloemfontein,South Africa,-29.059188,26.197545,Occasional,2022-11-07
2806,Thandeka Khan,Female,21,Edinburgh,UK,55.978866,-3.140106,Dormant,2021-08-11
2807,Arjun Khumalo,Male,47,San Diego,USA,32.692911,-117.117183,Dormant,2021-11-19
2808,Noah Roberts,Male,18,Bristol,UK,51.466513,-2.558283,New Customer,2022-01-11
2809,Grace Masondo,Female,22,Ottawa,Canada,45.438762,-75.687209,Loyal,2023-07-27
2810,Samantha Nkosi,Female,40,New York,USA,40.740193,-74.019341,High Value,2023-02-24
2811,Tebogo Evans,Male,30,Montreal,Canada,45.516639,-73.536425,Loyal,2022-10-08
2812,Emma Evans,Female,64,Bristol,UK,51.483016,-2.570998,High Value,2022-03-03
2813,Dylan Jones,Male,34,Polokwane,South Africa,-23.877896,29.510678,Dormant,2021-05-17
2814,Mohammed Murray,Male,23,Kimberley,South Africa,-28.739583,24.722234,Champion,2022-01-02
2815,Mpho Price,Male,47,Rustenburg,South Africa,-25.629456,27.209633,High Value,2023-03-12
2816,Jasmine Roberts,Female,46,Phoenix,USA,33.490767,-112.114169,Occasional,2022-12-15
2817,Busisiwe Thomas,Female,43,San Jose,USA,37.376209,-121.873042,Loyal,2022-03-02
2818,Abigail Campbell,Female,56,New York,USA,40.726672,-74.014293,High Value,2024-02-25
2819,Lungelo Robertson,Male,44,Johannesburg,South Africa,-26.205535,28.040206,New Customer,2023-02-21
2820,Ethan Roberts,Male,54,Austin,USA,30.277918,-97.780816,Occasional,2023-06-24
2821,Jennifer Majola,Female,20,Sydney,Australia,-33.849151,151.215376,Champion,2023-06-20
2822,Amelia Nelson,Female,28,Pretoria,South Africa,-25.789112,28.241489,At Risk,2022-11-02
2823,Karabo Jones,Male,37,New York,USA,40.722861,-73.964870,At Risk,2021-04-08
2824,Harper Davis,Female,42,Melbourne,Australia,-37.834342,144.981603,High Value,2022-05-09
2825,Ntombifuthi Perez,Female,54,Cardiff,UK,51.522715,-3.188060,Dormant,2022-08-24
2826,Phindile Williams,Female,63,Johannesburg,South Africa,-26.249225,28.003639,Occasional,2023-12-09
2827,Brandon White,Male,61,Johannesburg,South Africa,-26.170011,27.998336,Dormant,2024-06-07
2828,Elijah Brown,Male,45,Atlanta,USA,33.708454,-84.390157,High Value,2023-02-20
2829,Jack Masondo,Male,64,East London,South Africa,-33.047025,27.935001,Dormant,2024-06-27
2830,Lindiwe Evans,Female,46,Toronto,Canada,43.608606,-79.424490,New Customer,2023-01-04
2831,William Vilakazi,Male,62,New York,USA,40.732200,-74.015987,At Risk,2023-11-20
2832,Isabella Clarke,Female,22,Cape Town,South Africa,-33.918823,18.381226,Champion,2024-08-02
2833,Nomsa Wood,Female,57,Sandton,South Africa,-26.070974,28.070324,Dormant,2023-01-18
2834,Mason Martin,Male,34,Hamilton,Canada,43.212119,-79.853383,New Customer,2022-06-10
2835,Neha Davies,Female,23,Hamilton,Canada,43.293208,-79.857198,Champion,2023-03-20
2836,Arjun Carter,Male,25,Houston,USA,29.738770,-95.387788,At Risk,2024-07-25
2837,Lucas Kunene,Male,65,Nelspruit,South Africa,-25.505478,30.998081,Champion,2022-09-26
2838,Bongiwe Zulu,Female,29,Seattle,USA,47.624464,-122.377598,New Customer,2021-02-26
2839,Emily Jackson,Female,35,Montreal,Canada,45.483494,-73.597339,Champion,2024-09-27
2840,Alexis Dlamini,Female,31,Winnipeg,Canada,49.845809,-97.108459,High Value,2021-03-18
2841,Hunter Murray,Male,50,Phoenix,USA,33.410202,-112.097871,New Customer,2022-01-02
2842,Harry Roberts,Male,58,Sandton,South Africa,-26.119897,28.049888,Occasional,2021-03-21
2843,Harry Hughes,Male,44,Birmingham,UK,52.488670,-1.867457,High Value,2024-07-07
2844,Elijah Robinson,Male,37,Canberra,Australia,-35.318918,149.109558,New Customer,2021-03-14
2845,Lungelo Thompson,Male,56,Pretoria,South Africa,-25.784817,28.219049,Dormant,2022-11-14
2846,Sophia Wilson,Female,28,East London,South Africa,-33.035958,27.949084,Loyal,2022-07-08
2847,Lerato Mitchell,Female,60,Atlanta,USA,33.762415,-84.399335,Occasional,2021-08-05
2848,Mason Davies,Male,35,Denver,USA,39.736057,-104.987706,Dormant,2024-06-25
2849,Karabo Martinez,Male,62,San Jose,USA,37.312911,-121.859189,Dormant,2023-12-15
2850,Nkosi Roberts,Male,25,Perth,Australia,-31.918914,115.904024,High Value,2023-10-06
2851,Caleb Baker,Male,57,Sydney,Australia,-33.897685,151.212043,Loyal,2022-10-17
2852,Ryan White,Male,21,Manchester,UK,53.460396,-2.205843,Dormant,2024-06-18
2853,Samantha Nkosi,Female,38,Cairns,Australia,-16.891919,145.755593,At Risk,2022-01-23
2854,Jasmine Davies,Female,48,London,UK,51.502342,-0.108155,Dormant,2021-12-14
2855,Isabella Mahlangu,Female,41,Bloemfontein,South Africa,-29.044887,26.191145,New Customer,2024-05-02
2856,Jacob Campbell,Male,54,Miami,USA,25.764703,-80.178390,High Value,2024-10-25
2857,Aria Khan,Female,33,Denver,USA,39.741292,-104.968840,Loyal,2024-05-12
2858,Nathan Wilson,Male,29,San Jose,USA,37.299500,-121.929283,High Value,2024-09-11
2859,Mason Buthelezi,Male,48,San Diego,USA,32.667005,-117.141998,New Customer,2022-01-16
2860,Emily Mnguni,Female,43,Hobart,Australia,-42.850304,147.361824,Loyal,2022-08-14
2861,Olivia Garcia,Female,59,Belfast,UK,54.560287,-5.971587,Dormant,2022-09-20
2862,Kayla Clarke,Female,22,Austin,USA,30.218101,-97.747392,New Customer,2023-11-18
2863,Ella Mnguni,Female,46,Kimberley,South Africa,-28.702257,24.790892,Occasional,2021-03-06
2864,Olivia Nelson,Female,42,Coventry,UK,52.454567,-1.507407,Occasional,2023-11-03
2865,Yusuf Govender,Male,49,Bloemfontein,South Africa,-29.070885,26.168571,Dormant,2022-07-22
2866,Caleb Govender,Male,25,Belfast,UK,54.621456,-5.943924,High Value,2022-11-12
2867,Ryan Davies,Male,31,Birmingham,UK,52.484651,-1.900565,Dormant,2021-06-07
2868,William White,Male,33,Montreal,Canada,45.493851,-73.570961,At Risk,2021-05-28
2869,Noah Martinez,Male,18,Rustenburg,South Africa,-25.712525,27.212180,Dormant,2024-01-02
2870,Anisha Stewart,Female,34,Hamilton,Canada,43.243198,-79.897492,Dormant,2022-04-03
2871,Amelia Roberts,Female,61,Glasgow,UK,55.859389,-4.208837,Dormant,2022-03-13
2872,Ravi Turner,Male,63,Glasgow,UK,55.880560,-4.242343,New Customer,2022-02-28
2873,Hannah Anderson,Female,50,Hamilton,Canada,43.238452,-79.832214,Champion,2022-04-07
2874,Hunter Anderson,Male,22,Pretoria,South Africa,-25.716032,28.190080,Loyal,2023-11-10
2875,Caleb Ntuli,Male,33,New York,USA,40.667584,-74.035502,New Customer,2022-03-27
2876,Lucas Perez,Male,39,Durban,South Africa,-29.821810,31.054575,Dormant,2023-01-15
2877,Siyanda Nkosi,Male,31,Darwin,Australia,-12.440083,130.823975,At Risk,2022-01-21
2878,Layla Murphy,Female,18,New York,USA,40.696004,-74.004818,New Customer,2022-03-05
2879,Samantha Mokoena,Female,64,Melbourne,Australia,-37.859322,144.937814,At Risk,2023-04-03
2880,Mia Molefe,Female,54,Brisbane,Australia,-27.513657,153.058821,New Customer,2021-02-28
2881,Samuel Mnguni,Male,37,Pietermaritzburg,South Africa,-29.585310,30.337668,Loyal,2022-04-26
2882,Siyanda Jackson,Male,38,Bristol,UK,51.493401,-2.587605,Champion,2024-11-19
2883,Oliver Ndlovu,Male,35,Calgary,Canada,51.051206,-114.091484,New Customer,2023-03-27
2884,Jayden Taylor,Male,32,Johannesburg,South Africa,-26.190924,28.021960,At Risk,2024-03-07
2885,Jayden Miller,Male,39,Polokwane,South Africa,-23.919083,29.438079,Dormant,2024-02-10
2886,Samuel Ntuli,Male,28,Johannesburg,South Africa,-26.174935,28.057032,Loyal,2021-05-19
2887,Fatima Masondo,Female,36,Rustenburg,South Africa,-25.696228,27.218389,New Customer,2024-05-18
2888,Nokwanda Thompson,Female,19,Pretoria,South Africa,-25.726146,28.190883,Champion,2021-09-12
2889,Jacob Thomas,Male,38,Ottawa,Canada,45.420483,-75.670340,High Value,2022-12-12
2890,Oliver Mthembu,Male,25,Benoni,South Africa,-26.151438,28.308490,Occasional,2024-06-02
2891,Ella Wilson,Female,24,Manchester,UK,53.467135,-2.218306,Dormant,2023-09-19
2892,Ntombifuthi Singh,Female,46,Benoni,South Africa,-26.226819,28.301485,Dormant,2021-05-21
2893,Ethan Jones,Male,30,Toronto,Canada,43.690707,-79.351625,Occasional,2023-02-03
2894,Noah Govender,Male,54,Ottawa,Canada,45.424882,-75.712850,New Customer,2024-05-02
2895,Emma Jones,Female,46,Newcastle,UK,55.000022,-1.612858,Dormant,2022-02-26
2896,Ashley Williams,Female,61,Phoenix,USA,33.402038,-112.076742,Champion,2022-10-11
2897,William Taylor,Male,45,London,UK,51.490411,-0.162580,High Value,2024-11-15
2898,Sipho Hughes,Male,56,Los Angeles,USA,34.025582,-118.221298,Loyal,2024-04-01
2899,Logan Thomas,Male,28,East London,South Africa,-32.976362,27.892111,Occasional,2021-11-02
2900,Oliver Singh,Male,19,Port Elizabeth,South Africa,-33.935179,25.598157,Loyal,2023-02-27
2901,Nkosi Evans,Male,20,Montreal,Canada,45.467089,-73.568848,Occasional,2023-10-28
2902,Lauren Smith,Female,65,Winnipeg,Canada,49.884360,-97.143712,New Customer,2021-07-03
2903,Mandla Singh,Male,31,Pietermaritzburg,South Africa,-29.573266,30.393099,High Value,2022-12-27
2904,Lily Ndlovu,Female,63,Kimberley,South Africa,-28.704117,24.780475,Champion,2024-08-10
2905,Harper Fraser,Female,51,Hamilton,Canada,43.246632,-79.917163,Dormant,2021-03-05
2906,Kayla Taylor,Female,37,Durban,South Africa,-29.857468,31.006552,Occasional,2021-09-06
2907,Logan Walker,Male,46,Seattle,USA,47.573216,-122.341754,New Customer,2021-03-22
2908,Alexis Khan,Female,29,Sandton,South Africa,-26.117011,28.062285,At Risk,2024-02-27
2909,Amelia Ntuli,Female,29,Edmonton,Canada,53.542613,-113.531375,New Customer,2022-02-25
2910,Aisha Evans,Female,64,Phoenix,USA,33.399687,-112.118949,At Risk,2021-11-07
2911,Zoe Hall,Female,64,Pretoria,South Africa,-25.751601,28.224639,Champion,2023-06-18
2912,Neha Murphy,Female,65,Melbourne,Australia,-37.823247,144.988431,New Customer,2024-12-06
2913,Fatima Fraser,Female,53,Austin,USA,30.311034,-97.772706,At Risk,2022-05-02
2914,Nokwanda Jones,Female,63,Coventry,UK,52.416589,-1.487845,Loyal,2022-03-07
2915,Charlotte Dlamini,Female,31,Edmonton,Canada,53.510760,-113.525201,At Risk,2024-02-11
2916,Busisiwe Lewis,Female,18,Hamilton,Canada,43.228444,-79.884891,Dormant,2023-05-04
2917,Elijah Stewart,Male,19,Rustenburg,South Africa,-25.695622,27.278766,At Risk,2024-07-02
2918,Victoria Phillips,Female,64,Leeds,UK,53.801906,-1.544474,At Risk,2024-10-01
2919,Layla Davies,Female,27,Liverpool,UK,53.426064,-2.956934,At Risk,2024-05-22
2920,Leo Hlongwane,Male,28,Calgary,Canada,51.092464,-114.040373,At Risk,2023-04-27
2921,Benjamin Hall,Male,60,Brisbane,Australia,-27.502453,153.047516,New Customer,2023-08-26
2922,Priya Ntuli,Female,65,Miami,USA,25.729485,-80.194507,Dormant,2021-09-26
2923,Alexander Mnguni,Male,34,Sydney,Australia,-33.905623,151.204737,Dormant,2023-08-09
2924,Elijah Mkhize,Male,39,Ottawa,Canada,45.410603,-75.695555,Champion,2021-04-07
2925,Noah Roberts,Male,24,Leicester,UK,52.605210,-1.107484,Champion,2023-12-16
2926,Ayanda Adams,Female,26,Benoni,South Africa,-26.233283,28.359448,New Customer,2021-06-27
2927,Palesa Smith,Female,31,Bristol,UK,51.482332,-2.630526,Dormant,2021-07-08
2928,Anisha Robertson,Female,55,Manchester,UK,53.443794,-2.274940,Champion,2022-07-17
2929,Cooper Johnson,Male,24,San Jose,USA,37.302364,-121.866845,At Risk,2024-11-04
2930,Priya Mthembu,Female,57,Leicester,UK,52.628145,-1.177394,At Risk,2024-08-10
2931,Ava Hlongwane,Female,18,Durban,South Africa,-29.899226,30.994492,Champion,2023-01-04
2932,Carter Pillay,Male,60,Leicester,UK,52.665301,-1.094764,Occasional,2022-11-15
2933,Karabo Smith,Male,19,Seattle,USA,47.625054,-122.283068,Dormant,2023-07-08
2934,Alexander Mahlangu,Male,20,Edinburgh,UK,55.925910,-3.188347,Champion,2024-06-19
2935,Tshepo MacKenzie,Male,20,Johannesburg,South Africa,-26.182833,28.073053,Champion,2021-09-23
2936,Busisiwe Miller,Female,58,Atlanta,USA,33.797656,-84.386619,New Customer,2022-03-24
2937,Nokwanda Molefe,Female,18,Canberra,Australia,-35.235311,149.118769,Occasional,2024-10-23
2938,Amelia Mokoena,Female,56,Edmonton,Canada,53.571077,-113.461447,Loyal,2023-07-07
2939,Samantha Cele,Female,40,Dallas,USA,32.820840,-96.841692,Champion,2021-04-26
2940,Busisiwe Majola,Female,43,Philadelphia,USA,39.920607,-75.191829,Loyal,2021-01-28
2941,Lungelo Anderson,Male,57,Ottawa,Canada,45.405364,-75.659286,Champion,2023-01-08
2942,Vikram Smith,Male,20,Toronto,Canada,43.619121,-79.429966,At Risk,2022-02-27
2943,Musa Carter,Male,46,Perth,Australia,-31.953891,115.870597,Champion,2022-05-25
2944,Jacob Smith,Male,54,Liverpool,UK,53.389493,-3.020521,Dormant,2023-11-14
2945,Amelia Jackson,Female,41,San Jose,USA,37.304985,-121.927627,At Risk,2024-06-06
2946,Vikram Mahlangu,Male,36,San Jose,USA,37.378855,-121.933828,Loyal,2022-07-13
2947,Harper Brown,Female,51,Montreal,Canada,45.544368,-73.605529,High Value,2022-06-22
2948,Abigail Masondo,Female,42,Vancouver,Canada,49.275899,-123.140953,Loyal,2023-10-24
2949,Nozipho Johnson,Female,35,Bloemfontein,South Africa,-29.051848,26.149431,High Value,2023-11-10
2950,Mpho Dlamini,Male,26,Houston,USA,29.771693,-95.394794,Champion,2023-05-22
2951,Lily Anderson,Female,57,Benoni,South Africa,-26.155979,28.332453,Loyal,2021-07-20
2952,Logan Mitchell,Male,62,Darwin,Australia,-12.419784,130.879292,New Customer,2024-06-14
2953,Benjamin Mokoena,Male,39,Bristol,UK,51.491687,-2.549055,Dormant,2021-08-27
2954,Jordan Roberts,Male,44,Chicago,USA,41.876504,-87.604735,At Risk,2023-04-26
2955,Sophia Robinson,Female,51,Birmingham,UK,52.458708,-1.860703,At Risk,2022-04-03
2956,Benjamin Moore,Male,36,Edinburgh,UK,55.907378,-3.231870,High Value,2024-01-23
2957,Kabelo Price,Male,22,Pietermaritzburg,South Africa,-29.645122,30.367474,Champion,2024-08-18
2958,Alexander Naidoo,Male,36,Leicester,UK,52.637243,-1.175785,Loyal,2022-11-21
2959,Jennifer Mnguni,Female,45,San Antonio,USA,29.444917,-98.445068,High Value,2023-08-08
2960,Lesedi Mitchell,Male,52,Sandton,South Africa,-26.126690,28.059445,Occasional,2022-01-16
2961,Mia Zulu,Female,34,Coventry,UK,52.366226,-1.480724,At Risk,2022-09-18
2962,Lucas Mahlangu,Male,37,Hobart,Australia,-42.881453,147.348739,High Value,2023-01-01
2963,Tshepo Wilson,Male,24,Sandton,South Africa,-26.141364,28.062928,Loyal,2022-09-13
2964,Anisha Clarke,Female,22,Cairns,Australia,-16.921086,145.783143,High Value,2023-08-07
2965,Ava Mnguni,Female,59,Hobart,Australia,-42.842412,147.305485,Loyal,2021-01-09
2966,Destiny Mkhize,Female,45,Birmingham,UK,52.439593,-1.927967,New Customer,2022-10-20
2967,Aiden Carter,Male,28,Pretoria,South Africa,-25.700899,28.183937,Dormant,2023-06-21
2968,Nathan Thompson,Male,50,San Antonio,USA,29.416781,-98.497639,Champion,2021-10-16
2969,Harry Carter,Male,51,New York,USA,40.746397,-73.979936,Dormant,2022-03-01
2970,Aria Adams,Female,23,Gold Coast,Australia,-28.024826,153.374166,Occasional,2021-09-06
2971,Alexander Harris,Male,46,Chicago,USA,41.889984,-87.609907,New Customer,2022-12-18
2972,Ethan Moore,Male,56,Chicago,USA,41.837163,-87.609252,At Risk,2022-04-03
2973,Logan Evans,Male,26,Pietermaritzburg,South Africa,-29.595636,30.359640,Occasional,2023-09-17
2974,Brandon Singh,Male,23,Winnipeg,Canada,49.865685,-97.164648,High Value,2024-01-20
2975,Olivia Martin,Female,18,Pietermaritzburg,South Africa,-29.561250,30.412527,New Customer,2021-09-18
2976,Mia Green,Female,61,San Jose,USA,37.306986,-121.912194,High Value,2021-03-28
2977,Carter Campbell,Male,59,Benoni,South Africa,-26.220176,28.321038,Occasional,2023-06-05
2978,Jacob Hall,Male,20,Houston,USA,29.774023,-95.374363,Dormant,2023-02-21
2979,Mia Mthembu,Female,56,San Diego,USA,32.738118,-117.144527,Champion,2024-08-18
2980,Priya Green,Female,24,Darwin,Australia,-12.484428,130.893265,At Risk,2023-05-13
2981,Sandile Robinson,Male,42,Phoenix,USA,33.424069,-112.075322,Occasional,2023-04-09
2982,Nozipho Baker,Female,39,Johannesburg,South Africa,-26.223413,28.020027,At Risk,2024-03-11
2983,Grace Nkosi,Female,43,Manchester,UK,53.486697,-2.225547,Champion,2024-07-01
2984,Henry Brown,Male,43,Canberra,Australia,-35.272248,149.125418,Champion,2024-10-03
2985,Priya Moore,Female,49,Newcastle,UK,54.980232,-1.603372,New Customer,2021-04-25
2986,Lesedi Hughes,Male,28,Edinburgh,UK,56.002611,-3.217154,New Customer,2023-06-02
2987,Chloe Mthembu,Female,53,Miami,USA,25.743019,-80.171106,Loyal,2022-06-24
2988,Thabo Kunene,Male,54,Edinburgh,UK,55.903447,-3.225431,High Value,2024-09-07
2989,Nkosi Brown,Male,59,Brisbane,Australia,-27.455164,152.993204,Loyal,2023-02-22
2990,Jayden Mthembu,Male,64,Belfast,UK,54.608658,-5.948560,Dormant,2023-06-26
2991,Henry Lewis,Male,29,Edinburgh,UK,55.910073,-3.164896,At Risk,2024-09-16
2992,Marcus Martin,Male,25,Durban,South Africa,-29.892578,30.978433,New Customer,2023-10-21
2993,Vikram Ntuli,Male,21,Dallas,USA,32.803331,-96.790891,Loyal,2021-12-16
2994,Kabelo Wilson,Male,59,Vancouver,Canada,49.265861,-123.101690,High Value,2022-01-04
2995,Emily Thompson,Female,53,Birmingham,UK,52.444384,-1.930131,New Customer,2022-05-12
2996,Samuel Mnguni,Male,49,Winnipeg,Canada,49.858751,-97.117983,High Value,2024-03-02
2997,Elijah MacDonald,Male,48,Edinburgh,UK,55.954767,-3.225932,Loyal,2021-12-24
2998,Busisiwe Harris,Female,18,Miami,USA,25.745646,-80.166543,At Risk,2022-06-05
2999,Anisha Roberts,Female,63,Sheffield,UK,53.350044,-1.518708,Dormant,2024-11-19
3000,Brittany Mkhize,Female,47,Port Elizabeth,South Africa,-33.925205,25.573089,Loyal,2023-08-17
3001,Lily Dlamini,Female,47,Hamilton,Canada,43.265913,-79.849788,At Risk,2022-02-02
3002,Neha Price,Female,38,Belfast,UK,54.574165,-5.903444,Loyal,2021-07-10
3003,Karabo Evans,Male,48,Edinburgh,UK,55.958665,-3.231030,High Value,2022-06-15
3004,Hannah Wood,Female,25,Brisbane,Australia,-27.477398,153.032517,High Value,2021-03-17
3005,Lucas Hall,Male,49,Cardiff,UK,51.514353,-3.163732,Dormant,2021-05-07
3006,Daniel Fraser,Male,20,New York,USA,40.691074,-74.038543,Occasional,2022-02-09
3007,Oliver Singh,Male,26,Sandton,South Africa,-26.124742,28.016154,Champion,2023-07-15
3008,Lauren Fraser,Female,64,Brisbane,Australia,-27.516275,153.033926,Dormant,2022-06-05
3009,Musa Smith,Male,47,Chicago,USA,41.886815,-87.613314,High Value,2024-08-18
3010,Sophia Nelson,Female,48,Glasgow,UK,55.846024,-4.299513,Dormant,2022-09-28
3011,Sophia Walker,Female,48,Cairns,Australia,-16.953474,145.816573,Occasional,2023-08-18
3012,Elijah Fraser,Male,59,Hamilton,Canada,43.280312,-79.858687,At Risk,2024-05-01
3013,Nobuhle Green,Female,37,New York,USA,40.695213,-74.011851,At Risk,2021-11-07
3014,Fatima Baker,Female,20,Sandton,South Africa,-26.097950,28.010832,Dormant,2022-11-11
3015,Lauren Kunene,Female,24,Benoni,South Africa,-26.156572,28.278764,High Value,2021-08-03
3016,Nhlanhla Murphy,Male,30,Houston,USA,29.746556,-95.372410,Dormant,2024-02-09
3017,Caleb MacDonald,Male,37,Manchester,UK,53.476039,-2.227949,New Customer,2024-02-21
3018,Marcus Khumalo,Male,63,Port Elizabeth,South Africa,-33.914163,25.565438,Champion,2021-04-20
3019,Logan Reddy,Male,27,Dallas,USA,32.797667,-96.833274,Champion,2024-03-08
3020,Mohammed Thomson,Male,55,San Jose,USA,37.313296,-121.881586,At Risk,2023-05-20
3021,Anisha Scott,Female,53,Chicago,USA,41.881344,-87.641521,Champion,2023-08-27
3022,Madison Patel,Female,30,Denver,USA,39.743440,-104.997132,Champion,2023-05-07
3023,Nathan Thomson,Male,47,London,UK,51.515316,-0.098790,Champion,2023-06-09
3024,Jacob Moore,Male,51,Rustenburg,South Africa,-25.667653,27.205859,High Value,2021-03-13
3025,Oliver Khan,Male,64,Port Elizabeth,South Africa,-34.008543,25.555919,Occasional,2024-10-12
3026,Tebogo Smith,Male,43,Brisbane,Australia,-27.515079,152.986932,Loyal,2022-12-17
3027,Ava Robertson,Female,41,San Diego,USA,32.751128,-117.119583,New Customer,2023-02-09
3028,Lerato Hlongwane,Female,55,Manchester,UK,53.470443,-2.238432,At Risk,2022-04-10
3029,Abigail Robertson,Female,23,Durban,South Africa,-29.893467,31.056170,Occasional,2024-08-16
3030,Victoria Robertson,Female,22,Dallas,USA,32.783525,-96.840175,High Value,2022-09-06
3031,Lauren Anderson,Female,40,Leicester,UK,52.659924,-1.163676,High Value,2021-02-14
3032,Logan Clarke,Male,21,Gold Coast,Australia,-27.986139,153.372042,High Value,2021-04-16
3033,Ethan Johnson,Male,53,Leeds,UK,53.796498,-1.509861,Occasional,2023-04-08
3034,Mandla Stewart,Male,40,Benoni,South Africa,-26.197975,28.337136,At Risk,2021-05-03
3035,Victoria Evans,Female,38,Pretoria,South Africa,-25.791052,28.234240,High Value,2024-09-22
3036,Sipho Roberts,Male,30,Benoni,South Africa,-26.184039,28.344804,At Risk,2021-11-17
3037,Carter Smith,Male,44,East London,South Africa,-32.989232,27.960892,High Value,2023-05-28
3038,Olivia Brown,Female,33,Liverpool,UK,53.361744,-3.002661,Occasional,2023-06-03
3039,Yusuf Mthembu,Male,24,Soweto,South Africa,-26.286537,27.850898,New Customer,2021-02-05
3040,Oliver Masondo,Male,51,Leeds,UK,53.793097,-1.558198,High Value,2024-05-22
3041,Harry Smith,Male,64,Edinburgh,UK,55.971487,-3.153818,Occasional,2024-04-13
3042,Samantha Mthembu,Female,43,Winnipeg,Canada,49.914612,-97.185083,Dormant,2024-11-21
3043,Samuel Vilakazi,Male,30,Soweto,South Africa,-26.235796,27.898674,High Value,2022-03-12
3044,Dylan Scott,Male,35,London,UK,51.512220,-0.131613,At Risk,2024-11-19
3045,Brianna Davis,Female,18,Phoenix,USA,33.413877,-112.087884,New Customer,2023-01-08
3046,Layla Brown,Female,42,Edmonton,Canada,53.500973,-113.472896,New Customer,2022-01-03
3047,Elijah Phillips,Male,29,Chicago,USA,41.913164,-87.674144,High Value,2021-09-07
3048,Oliver Mthembu,Male,60,Polokwane,South Africa,-23.906446,29.430990,New Customer,2021-12-07
3049,Themba Thomson,Male,21,Atlanta,USA,33.778571,-84.437657,Dormant,2021-06-20
3050,Lesedi Robinson,Male,21,Manchester,UK,53.514487,-2.291000,Dormant,2023-05-25
3051,Alexander Pillay,Male,54,London,UK,51.509612,-0.084407,Loyal,2023-10-20
3052,Abigail Clarke,Female,61,Liverpool,UK,53.376831,-2.959326,Champion,2024-10-04
3053,Brianna Roberts,Female,61,Newcastle,UK,54.962366,-1.635730,Loyal,2024-03-04
3054,Emma Moore,Female,25,Polokwane,South Africa,-23.930922,29.478559,Loyal,2024-03-16
3055,Thandeka Jackson,Female,54,Denver,USA,39.733465,-104.968847,Champion,2023-02-10
3056,Lily Taylor,Female,21,Glasgow,UK,55.854176,-4.301156,Dormant,2022-03-15
3057,Lily Perez,Female,48,Bloemfontein,South Africa,-29.083240,26.156957,High Value,2023-12-17
3058,Amanda Hlongwane,Female,43,Adelaide,Australia,-34.926665,138.595981,Dormant,2021-02-16
3059,Ethan Thomson,Male,28,Nottingham,UK,52.923825,-1.132731,High Value,2024-01-08
3060,Vikram Brown,Male,31,Cardiff,UK,51.510792,-3.217464,Champion,2023-01-02
3061,Jordan Taylor,Male,63,Edmonton,Canada,53.542525,-113.523321,Occasional,2021-07-22
3062,Emily Taylor,Female,45,Soweto,South Africa,-26.265170,27.813376,Occasional,2023-03-01
3063,Noah Nelson,Male,21,Leeds,UK,53.773031,-1.504056,Loyal,2024-02-09
3064,Thabo Zwane,Male,30,New York,USA,40.717005,-73.991091,Loyal,2022-10-23
3065,Ravi Roberts,Male,22,Rustenburg,South Africa,-25.658534,27.242105,Occasional,2023-10-05
3066,Neha Vilakazi,Female,29,Winnipeg,Canada,49.911564,-97.141319,Champion,2022-05-09
3067,Jayden Kunene,Male,41,Leeds,UK,53.848857,-1.505101,Dormant,2021-11-26
3068,Bongiwe Nelson,Female,53,Toronto,Canada,43.643733,-79.339762,Dormant,2021-08-17
3069,Victoria Fraser,Female,24,Philadelphia,USA,39.977963,-75.127594,Dormant,2021-02-15
3070,Brittany Clarke,Female,25,Seattle,USA,47.558511,-122.376363,Loyal,2021-06-08
3071,Brianna Fraser,Female,57,Sandton,South Africa,-26.113446,28.101571,At Risk,2021-07-27
3072,Brittany Thomas,Female,62,Durban,South Africa,-29.813565,31.027464,Dormant,2022-03-04
3073,Ethan Brown,Male,55,East London,South Africa,-33.001562,27.924640,High Value,2024-08-22
3074,Alexander Mahlangu,Male,28,Birmingham,UK,52.447553,-1.879668,Occasional,2024-12-17
3075,Harry Carter,Male,20,Brisbane,Australia,-27.508997,152.980013,Dormant,2024-08-15
3076,Mohammed Scott,Male,55,Coventry,UK,52.357230,-1.565975,Loyal,2022-02-14
3077,Sofia Jones,Female,56,Atlanta,USA,33.780897,-84.392957,Loyal,2022-06-02
3078,Nomsa Scott,Female,65,Miami,USA,25.774131,-80.196294,High Value,2021-03-26
3079,Hannah Davies,Female,20,London,UK,51.474655,-0.127876,At Risk,2021-10-24
3080,Charlotte Mitchell,Female,34,London,UK,51.494585,-0.131046,Occasional,2024-01-16
3081,Jack Taylor,Male,63,Winnipeg,Canada,49.918432,-97.126403,Champion,2024-12-19
3082,Lerato Molefe,Female,63,Winnipeg,Canada,49.859127,-97.088959,Champion,2023-04-20
3083,Amelia Zulu,Female,31,Nelspruit,South Africa,-25.443553,30.980845,Champion,2024-12-28
3084,Mason Miller,Male,45,Bristol,UK,51.470946,-2.614449,Champion,2024-04-24
3085,Olivia Nkosi,Female,43,Phoenix,USA,33.434502,-112.074669,Dormant,2022-03-25
3086,Kayla Turner,Female,38,Cape Town,South Africa,-33.878676,18.460225,Champion,2024-10-22
3087,Yusuf Scott,Male,34,Los Angeles,USA,34.028813,-118.280619,Loyal,2023-10-23
3088,Benjamin Nkosi,Male,35,Glasgow,UK,55.828615,-4.241244,Champion,2021-10-07
3089,Palesa Khumalo,Female,26,Port Elizabeth,South Africa,-33.919860,25.598133,At Risk,2023-09-02
3090,Lauren Moore,Female,36,Miami,USA,25.714031,-80.198907,Champion,2021-02-21
3091,Zanele Anderson,Female,29,Cardiff,UK,51.443833,-3.156490,At Risk,2022-03-20
3092,Elijah Murphy,Male,55,Brisbane,Australia,-27.455554,153.061249,High Value,2024-06-04
3093,Olivia Clarke,Female,46,Bristol,UK,51.485227,-2.614909,Loyal,2024-04-22
3094,Ava Baker,Female,27,Pretoria,South Africa,-25.773094,28.222330,At Risk,2023-05-16
3095,Lerato Baker,Female,52,Sandton,South Africa,-26.098382,28.072312,Dormant,2024-11-16
3096,Mpho Cele,Male,20,Chicago,USA,41.917886,-87.644076,At Risk,2023-01-28
3097,Nhlanhla Evans,Male,18,Port Elizabeth,South Africa,-34.007234,25.578981,New Customer,2022-05-04
3098,Olivia Thomson,Female,30,Polokwane,South Africa,-23.951001,29.484721,High Value,2023-03-28
3099,Neha Perez,Female,46,Sydney,Australia,-33.825128,151.228499,Loyal,2022-11-08
3100,Jacob Cele,Male,38,Atlanta,USA,33.762945,-84.421061,Champion,2023-11-12
3101,Sofia Davies,Female,40,Birmingham,UK,52.499949,-1.870603,Occasional,2024-02-21
3102,Lily Murray,Female,22,Pietermaritzburg,South Africa,-29.618980,30.357677,Champion,2022-09-12
3103,Victoria Zwane,Female,39,Johannesburg,South Africa,-26.234470,28.014260,High Value,2021-05-05
3104,Nokwanda Govender,Female,45,Gold Coast,Australia,-27.987405,153.387967,Dormant,2023-11-03
3105,Ashley Evans,Female,33,Glasgow,UK,55.843287,-4.267005,Champion,2022-01-24
3106,Harper Taylor,Female,41,Miami,USA,25.785397,-80.168165,Champion,2021-09-14
3107,Karabo Taylor,Male,43,Dallas,USA,32.760641,-96.827674,New Customer,2024-04-26
3108,Emma Martinez,Female,24,Phoenix,USA,33.491813,-112.026410,At Risk,2022-11-08
3109,Fatima Adams,Female,62,Rustenburg,South Africa,-25.695267,27.217309,Dormant,2022-11-08
3110,Lachlan Smith,Male,18,Coventry,UK,52.396205,-1.532378,Occasional,2024-01-06
3111,Jayden Govender,Male,41,Melbourne,Australia,-37.781149,144.942697,Champion,2024-01-23
3112,Benjamin Reddy,Male,57,Miami,USA,25.756358,-80.195926,At Risk,2022-04-02
3113,Lucas Zulu,Male,44,Gold Coast,Australia,-28.051563,153.435821,Occasional,2023-10-12
3114,Elijah Wood,Male,19,Cardiff,UK,51.498397,-3.158101,Occasional,2021-08-14
3115,Jacob Smith,Male,34,Toronto,Canada,43.660726,-79.368344,Occasional,2023-11-21
3116,Noah Jackson,Male,37,Chicago,USA,41.916202,-87.660399,Dormant,2024-04-27
3117,Ava Perez,Female,61,Rustenburg,South Africa,-25.658292,27.263039,Dormant,2024-02-18
3118,Noah Mkhize,Male,55,Cairns,Australia,-16.968417,145.824791,High Value,2024-06-01
3119,Jennifer Thomas,Female,28,Port Elizabeth,South Africa,-33.949316,25.580642,Champion,2023-04-15
3120,Siyanda Martin,Male,20,San Jose,USA,37.371572,-121.931838,Loyal,2024-01-05
3121,Noah Carter,Male,24,Toronto,Canada,43.635815,-79.356380,At Risk,2021-08-27
3122,Hazel Mahlangu,Female,57,Kimberley,South Africa,-28.725174,24.720451,New Customer,2021-12-22
3123,Mia Wilson,Female,19,Port Elizabeth,South Africa,-33.914061,25.628354,At Risk,2021-04-17
3124,Lachlan Stewart,Male,36,Brisbane,Australia,-27.479305,153.071656,High Value,2024-09-05
3125,Mia Walker,Female,60,Houston,USA,29.784392,-95.344827,High Value,2022-10-08
3126,Nokwanda Govender,Female,48,San Jose,USA,37.330953,-121.924972,High Value,2021-02-28
3127,Sophia Singh,Female,45,Johannesburg,South Africa,-26.199965,28.048973,At Risk,2023-04-15
3128,Ella MacKenzie,Female,45,Liverpool,UK,53.438122,-2.956538,Champion,2022-06-16
3129,Ava Molefe,Female,28,Los Angeles,USA,34.096399,-118.261637,High Value,2024-02-15
3130,Lesedi Evans,Male,18,Brisbane,Australia,-27.461957,153.055296,Champion,2022-11-02
3131,Anisha Dlamini,Female,40,Kimberley,South Africa,-28.713823,24.705512,New Customer,2022-11-15
3132,Sipho Miller,Male,32,San Jose,USA,37.381217,-121.914915,Loyal,2022-07-05
3133,Luna Ntuli,Female,41,Pietermaritzburg,South Africa,-29.616799,30.384981,New Customer,2024-11-10
3134,Nozipho Patel,Female,20,Montreal,Canada,45.489734,-73.538226,Dormant,2021-02-14
3135,Alexis Vilakazi,Female,59,Dallas,USA,32.776979,-96.806747,New Customer,2023-04-20
3136,Nobuhle Khumalo,Female,65,Philadelphia,USA,39.977769,-75.118262,High Value,2022-11-01
3137,Charlotte Ntuli,Female,47,Calgary,Canada,51.017933,-114.022504,Loyal,2023-05-21
3138,Ava Singh,Female,51,Brisbane,Australia,-27.508566,153.068539,Loyal,2021-10-22
3139,Bongiwe Walker,Female,56,Chicago,USA,41.889333,-87.627809,New Customer,2021-01-23
3140,Lungelo Mkhize,Male,47,Perth,Australia,-31.979106,115.876998,At Risk,2024-09-06
3141,Sofia Nelson,Female,58,Manchester,UK,53.513745,-2.200521,Loyal,2024-04-19
3142,Hunter Davis,Male,40,Leicester,UK,52.612374,-1.141468,At Risk,2021-08-13
3143,Themba Harris,Male,40,Kimberley,South Africa,-28.775522,24.787088,Champion,2021-06-13
3144,Sibongile Buthelezi,Female,35,Atlanta,USA,33.749039,-84.420325,Occasional,2024-12-08
3145,Sophia Wilson,Female,37,Dallas,USA,32.735067,-96.755368,Occasional,2023-10-09
3146,Olivia Clarke,Female,52,Vancouver,Canada,49.286449,-123.109854,Loyal,2021-07-03
3147,Khanyisile Smith,Female,50,Winnipeg,Canada,49.909713,-97.131272,Champion,2024-03-04
3148,Leo Reddy,Male,64,Perth,Australia,-31.990881,115.821916,New Customer,2024-02-23
3149,Nora Garcia,Female,29,Phoenix,USA,33.446180,-112.099700,Dormant,2022-02-08
3150,Ethan Hlongwane,Male,45,Austin,USA,30.292284,-97.785597,High Value,2021-01-28
3151,Oliver Ndlovu,Male,27,Canberra,Australia,-35.271004,149.082671,Dormant,2024-01-22
3152,Henry Scott,Male,54,Austin,USA,30.218614,-97.789358,Dormant,2023-12-17
3153,Chloe Reddy,Female,58,East London,South Africa,-33.033690,27.908027,High Value,2021-07-17
3154,Karabo Murray,Male,35,Durban,South Africa,-29.823446,31.060715,Loyal,2024-05-10
3155,Thandeka Taylor,Female,36,Johannesburg,South Africa,-26.187291,28.016184,High Value,2023-06-13
3156,Zoe Taylor,Female,25,Cardiff,UK,51.437650,-3.187502,Occasional,2024-11-07
3157,Samuel Turner,Male,41,Melbourne,Australia,-37.781094,144.960587,New Customer,2023-06-28
3158,Hannah Green,Female,62,Leicester,UK,52.608434,-1.187798,Champion,2022-09-14
3159,Emma Molefe,Female,35,New York,USA,40.693616,-74.015707,Loyal,2022-10-10
3160,Madison Hughes,Female,20,New York,USA,40.756399,-74.031786,High Value,2021-10-17
3161,Thandeka Johnson,Female,63,Bloemfontein,South Africa,-29.104637,26.169281,Champion,2024-07-20
3162,William Taylor,Male,54,San Antonio,USA,29.473913,-98.515402,Dormant,2022-02-28
3163,Nandi Vilakazi,Female,40,Johannesburg,South Africa,-26.229476,28.030848,At Risk,2024-04-23
3164,Connor MacDonald,Male,44,Philadelphia,USA,39.920007,-75.197408,New Customer,2022-05-09
3165,Carter Thompson,Male,55,Calgary,Canada,51.032813,-114.059851,At Risk,2021-10-27
3166,Brianna Zulu,Female,54,Melbourne,Australia,-37.789352,145.004547,High Value,2021-08-19
3167,Ntombifuthi Wilson,Female,36,San Jose,USA,37.339845,-121.922583,High Value,2022-07-17
3168,Amelia Miller,Female,34,Rustenburg,South Africa,-25.660635,27.265883,Dormant,2022-06-06
3169,Jayden Khumalo,Male,46,Calgary,Canada,51.077709,-114.037546,Dormant,2021-10-14
3170,Ava Nelson,Female,60,New York,USA,40.724929,-74.053710,Dormant,2023-02-05
3171,William Davies,Male,26,Philadelphia,USA,39.996095,-75.165334,Loyal,2022-07-27
3172,Arjun Carter,Male,22,Port Elizabeth,South Africa,-33.971721,25.600838,High Value,2023-08-02
3173,Ethan Garcia,Male,39,Ottawa,Canada,45.465132,-75.719821,At Risk,2024-08-10
3174,Thandeka Hlongwane,Female,27,Birmingham,UK,52.491645,-1.887076,Champion,2024-11-15
3175,Noah Masondo,Male,56,Perth,Australia,-31.985552,115.892948,Loyal,2022-12-17
3176,Kabelo Ntuli,Male,42,Nottingham,UK,52.959671,-1.186460,New Customer,2023-10-15
3177,Elijah Fraser,Male,47,Gold Coast,Australia,-27.979640,153.432760,Dormant,2024-01-10
3178,Marcus Davis,Male,30,Port Elizabeth,South Africa,-34.010152,25.641775,High Value,2021-05-13
3179,Lily Adams,Female,33,Cape Town,South Africa,-33.903046,18.406860,Dormant,2021-06-03
3180,Sibusiso Baker,Male,22,San Jose,USA,37.353886,-121.884808,At Risk,2024-04-07
3181,William Stewart,Male,19,Manchester,UK,53.528411,-2.224131,At Risk,2023-12-11
3182,Isabella Carter,Female,19,Gold Coast,Australia,-28.032771,153.360096,Occasional,2023-12-24
3183,Tyler Hughes,Male,58,Halifax,Canada,44.677636,-63.588938,At Risk,2022-06-16
3184,Themba Johnson,Male,39,Denver,USA,39.727258,-105.035258,At Risk,2021-04-25
3185,Elijah Wilson,Male,65,Seattle,USA,47.599060,-122.348885,At Risk,2021-06-04
3186,Ella Mokoena,Female,20,Phoenix,USA,33.425820,-112.075695,Champion,2021-04-22
3187,Ayanda Cele,Female,32,Johannesburg,South Africa,-26.238438,28.077262,Champion,2022-12-15
3188,Nhlanhla Ntuli,Male,38,Johannesburg,South Africa,-26.229196,28.028229,High Value,2022-04-01
3189,Caleb Adams,Male,40,Sheffield,UK,53.430789,-1.448584,Champion,2021-11-11
3190,Arjun Govender,Male,32,East London,South Africa,-33.024404,27.866710,Champion,2021-02-07
3191,Mia Jackson,Female,31,Nelspruit,South Africa,-25.436788,30.960751,Occasional,2021-09-21
3192,Brandon Naidoo,Male,50,Vancouver,Canada,49.246059,-123.158992,At Risk,2024-05-09
3193,Emma Thomas,Female,51,Manchester,UK,53.514074,-2.206295,Champion,2022-12-13
3194,Leo Scott,Male,47,San Diego,USA,32.685530,-117.172061,Occasional,2021-04-16
3195,Nokukhanya Perez,Female,43,Edinburgh,UK,55.913442,-3.209560,Champion,2021-01-26
3196,William Davies,Male,52,Calgary,Canada,51.004225,-114.118668,Loyal,2024-10-25
3197,Lucas Thomas,Male,59,Soweto,South Africa,-26.246048,27.810260,Occasional,2022-02-26
3198,Phindile Ntuli,Female,63,Soweto,South Africa,-26.282715,27.859624,At Risk,2022-07-16
3199,Evelyn Smith,Female,38,Liverpool,UK,53.427740,-2.963316,Loyal,2024-10-11
3200,Daniel Anderson,Male,53,Benoni,South Africa,-26.234674,28.275807,High Value,2022-12-07
3201,Vikram Anderson,Male,47,Leeds,UK,53.757964,-1.592563,Occasional,2022-06-26
3202,George Taylor,Male,29,East London,South Africa,-33.009224,27.877235,High Value,2021-06-19
3203,Tebogo Nelson,Male,54,Pietermaritzburg,South Africa,-29.629349,30.394917,Dormant,2021-01-16
3204,Brittany Ndlovu,Female,22,Leicester,UK,52.625224,-1.176224,Champion,2021-07-10
3205,Noah Nelson,Male,63,New York,USA,40.670857,-74.055025,New Customer,2024-12-24
3206,Mia White,Female,41,Rustenburg,South Africa,-25.671491,27.228430,Loyal,2023-04-12
3207,Amelia Davies,Female,50,Rustenburg,South Africa,-25.706520,27.242385,New Customer,2023-02-15
3208,Sibusiso Mahlangu,Male,20,Toronto,Canada,43.648674,-79.411224,Loyal,2023-08-09
3209,Brittany Harris,Female,57,Liverpool,UK,53.359894,-3.035545,High Value,2023-04-27
3210,Sophia Anderson,Female,54,Edmonton,Canada,53.543485,-113.516807,Champion,2021-07-13
3211,Emma Moore,Female,22,Phoenix,USA,33.399001,-112.103271,High Value,2023-06-28
3212,Noah Davis,Male,55,Port Elizabeth,South Africa,-33.919328,25.604001,Loyal,2023-04-21
3213,Jackson Williams,Male,53,Soweto,South Africa,-26.229291,27.846225,At Risk,2024-01-28
3214,Aisha Hall,Female,35,Sydney,Australia,-33.905645,151.191523,Champion,2022-09-13
3215,Noah Zwane,Male,51,Rustenburg,South Africa,-25.647942,27.218200,Occasional,2023-07-27
3216,Nkosi Walker,Male,36,Miami,USA,25.739520,-80.145215,At Risk,2022-01-27
3217,Palesa Carter,Female,65,Montreal,Canada,45.515543,-73.607799,New Customer,2022-01-22
3218,Lucas Reddy,Male,65,Houston,USA,29.726559,-95.333854,New Customer,2024-03-28
3219,Sipho Hughes,Male,23,Brisbane,Australia,-27.500386,153.054369,Occasional,2024-01-02
3220,Hunter Anderson,Male,60,Soweto,South Africa,-26.278797,27.836901,High Value,2022-05-08
3221,Ethan Evans,Male,62,Melbourne,Australia,-37.806785,144.976497,Loyal,2024-05-13
3222,Bongiwe Mokoena,Female,51,Miami,USA,25.734135,-80.162188,New Customer,2023-03-06
3223,Thandeka Wilson,Female,36,New York,USA,40.759919,-74.006011,Loyal,2022-05-12
3224,Bongani Stewart,Male,54,Rustenburg,South Africa,-25.682377,27.204097,Dormant,2021-07-24
3225,Tyler Miller,Male,56,Ottawa,Canada,45.448844,-75.738071,Champion,2022-04-13
3226,Owen Hlongwane,Male,55,Bristol,UK,51.487367,-2.595369,Dormant,2023-01-07
3227,Grace Evans,Female,26,Leicester,UK,52.665114,-1.159294,High Value,2022-12-11
3228,James Buthelezi,Male,38,Port Elizabeth,South Africa,-33.968436,25.642581,New Customer,2022-05-26
3229,Nokwanda Wood,Female,49,Polokwane,South Africa,-23.883961,29.502723,Loyal,2023-10-17
3230,Oliver Brown,Male,34,Nelspruit,South Africa,-25.520365,31.016202,Champion,2021-05-28
3231,Nokukhanya Anderson,Female,45,Cairns,Australia,-16.885340,145.740331,At Risk,2023-12-23
3232,Isabella Nkosi,Female,18,Montreal,Canada,45.499235,-73.579428,Occasional,2021-08-18
3233,Khanyisile Hlongwane,Female,58,Glasgow,UK,55.891092,-4.240314,Occasional,2023-10-08
3234,Hannah Hughes,Female,20,Belfast,UK,54.608565,-5.967135,Loyal,2023-04-13
3235,Mohammed Zwane,Male,49,Melbourne,Australia,-37.765875,144.965365,Dormant,2023-08-03
3236,Jayden Evans,Male,55,Sydney,Australia,-33.900825,151.165743,Loyal,2024-02-03
3237,Henry Jones,Male,24,Miami,USA,25.717516,-80.225267,High Value,2022-08-24
3238,Ravi Ntuli,Male,34,Canberra,Australia,-35.260770,149.132336,High Value,2022-11-03
3239,Leo Miller,Male,28,Soweto,South Africa,-26.222348,27.892882,New Customer,2022-06-03
3240,Olivia Phillips,Female,54,London,UK,51.503284,-0.142804,Dormant,2024-09-04
3241,Sipho Reddy,Male,61,Leeds,UK,53.782378,-1.591447,Loyal,2023-11-12
3242,Madison Smith,Female,60,Durban,South Africa,-29.815765,31.071225,New Customer,2024-03-06
3243,Jordan Smith,Male,47,San Antonio,USA,29.450900,-98.492578,Dormant,2024-12-15
3244,Hazel Campbell,Female,52,Perth,Australia,-31.926139,115.833670,Occasional,2023-01-02
3245,Mia Murphy,Female,56,Liverpool,UK,53.399410,-3.007971,Champion,2022-04-13
3246,Ethan Sithole,Male,59,East London,South Africa,-32.995484,27.862812,Loyal,2022-05-03
3247,Hannah Mahlangu,Female,18,Bristol,UK,51.495572,-2.545243,High Value,2024-01-26
3248,Hannah Molefe,Female,38,Pretoria,South Africa,-25.793159,28.263241,Occasional,2021-09-17
3249,Benjamin Davies,Male,49,Polokwane,South Africa,-23.940859,29.471629,Champion,2021-05-20
3250,Lungelo Mitchell,Male,31,Miami,USA,25.720154,-80.228490,Occasional,2022-08-03
3251,Nathan Wilson,Male,39,Ottawa,Canada,45.434174,-75.719216,Dormant,2024-01-26
3252,Lily Robertson,Female,27,San Diego,USA,32.700556,-117.175883,At Risk,2022-09-10
3253,Luna Singh,Female,27,Montreal,Canada,45.533501,-73.609105,New Customer,2024-05-18
3254,Ravi Robinson,Male,47,San Antonio,USA,29.391344,-98.478236,Champion,2021-04-25
3255,Noah Khumalo,Male,39,Durban,South Africa,-29.851954,31.056699,Dormant,2022-12-06
3256,Bongani Wood,Male,54,Nelspruit,South Africa,-25.467856,30.965998,New Customer,2023-02-03
3257,William Singh,Male,23,Belfast,UK,54.562404,-5.950622,High Value,2023-03-03
3258,Ashley Thomson,Female,44,Pietermaritzburg,South Africa,-29.577418,30.411467,New Customer,2022-10-18
3259,Lily Moore,Female,41,Port Elizabeth,South Africa,-33.956642,25.582765,New Customer,2022-02-22
3260,William Kunene,Male,42,Coventry,UK,52.359436,-1.522168,Dormant,2024-04-01
3261,Ava Brown,Female,41,Phoenix,USA,33.497778,-112.120629,Champion,2023-03-05
3262,Harper Jones,Female,42,Cairns,Australia,-16.945658,145.729692,Champion,2022-01-24
3263,Hunter Turner,Male,23,Sheffield,UK,53.376623,-1.518122,High Value,2023-07-02
3264,Liam Phillips,Male,41,Sandton,South Africa,-26.068398,28.071807,High Value,2024-09-24
3265,Zoe Shabalala,Female,40,Calgary,Canada,51.094174,-114.023802,New Customer,2021-07-05
3266,Ashley Mahlangu,Female,39,Leeds,UK,53.768178,-1.513036,Champion,2021-02-12
3267,Daniel Wilson,Male,65,Denver,USA,39.693527,-104.974741,Loyal,2021-04-03
3268,Ryan Scott,Male,20,Vancouver,Canada,49.261585,-123.125299,Loyal,2021-02-21
3269,Khanyisile Garcia,Female,24,Benoni,South Africa,-26.153742,28.302789,New Customer,2023-10-02
3270,Layla Walker,Female,28,Toronto,Canada,43.664153,-79.363274,At Risk,2022-10-14
3271,Lerato Nkosi,Female,39,Toronto,Canada,43.615817,-79.385070,Dormant,2023-11-19
3272,Oliver Stewart,Male,53,London,UK,51.525755,-0.124583,New Customer,2024-09-03
3273,Cooper Ngcobo,Male,48,Cape Town,South Africa,-33.879488,18.420874,Occasional,2023-09-10
3274,Khanyisile Govender,Female,20,Brisbane,Australia,-27.503572,153.067633,At Risk,2023-11-20
3275,Nobuhle Jones,Female,27,Miami,USA,25.762651,-80.230266,High Value,2021-08-21
3276,Neha Zwane,Female,47,San Diego,USA,32.694779,-117.127429,New Customer,2023-11-26
3277,James Ntuli,Male,29,Montreal,Canada,45.514807,-73.579226,Occasional,2024-04-06
3278,Jennifer Thomas,Female,62,Winnipeg,Canada,49.845750,-97.099711,Champion,2023-03-19
3279,Liam Khan,Male,25,Cardiff,UK,51.498087,-3.183166,Occasional,2022-10-26
3280,Amelia Davies,Female,27,East London,South Africa,-33.055562,27.872696,Champion,2022-05-02
3281,James Majola,Male,41,Toronto,Canada,43.675357,-79.373277,At Risk,2024-02-20
3282,Harper Pillay,Female,39,Cairns,Australia,-16.891392,145.753643,At Risk,2021-06-13
3283,Jayden Jackson,Male,46,Dallas,USA,32.782599,-96.787956,Loyal,2022-10-04
3284,Hunter Molefe,Male,39,Quebec City,Canada,46.834023,-71.179611,Champion,2021-02-05
3285,Charlotte Evans,Female,44,Calgary,Canada,51.017424,-114.037379,Occasional,2022-11-22
3286,Jayden Mnguni,Male,58,Philadelphia,USA,39.974942,-75.185563,Champion,2024-01-14
3287,Noah Mthembu,Male,23,East London,South Africa,-32.990099,27.878110,High Value,2023-01-11
3288,Jennifer Davis,Female,41,Sandton,South Africa,-26.125078,28.008075,Champion,2022-07-27
3289,George Anderson,Male,20,Johannesburg,South Africa,-26.253984,28.058266,High Value,2021-01-06
3290,Lucas White,Male,57,Pietermaritzburg,South Africa,-29.648255,30.343745,High Value,2021-02-12
3291,Oliver Smith,Male,42,Darwin,Australia,-12.454082,130.869700,New Customer,2023-03-10
3292,Brianna Murray,Female,43,Los Angeles,USA,34.032726,-118.288077,New Customer,2024-07-03
3293,Vikram Stewart,Male,45,Sheffield,UK,53.371489,-1.430129,Dormant,2023-07-15
3294,Mason Smith,Male,36,Kimberley,South Africa,-28.734887,24.736231,At Risk,2022-04-10
3295,Aria Jackson,Female,21,Birmingham,UK,52.522114,-1.926564,New Customer,2021-11-19
3296,Thandeka Naidoo,Female,54,Soweto,South Africa,-26.316260,27.854254,Dormant,2022-12-25
3297,Aria Williams,Female,40,Sandton,South Africa,-26.111745,28.100119,Loyal,2022-01-14
3298,Jacob Wilson,Male,33,Bloemfontein,South Africa,-29.047393,26.185554,Dormant,2021-05-02
3299,Emma Masondo,Female,23,San Antonio,USA,29.425787,-98.481835,High Value,2023-04-24
3300,Jasmine Singh,Female,43,Perth,Australia,-31.972920,115.880283,New Customer,2023-04-19
3301,Emily Perez,Female,19,Atlanta,USA,33.724360,-84.340869,Dormant,2021-02-23
3302,Daniel Nelson,Male,64,Leicester,UK,52.615966,-1.115011,High Value,2024-07-25
3303,Victoria Patel,Female,53,Montreal,Canada,45.521058,-73.570720,At Risk,2024-07-26
3304,James Masondo,Male,21,Adelaide,Australia,-34.964459,138.593693,Loyal,2022-12-25
3305,Oliver Ndlovu,Male,44,Durban,South Africa,-29.888024,31.058669,At Risk,2022-07-05
3306,Nathan Masondo,Male,31,Houston,USA,29.750124,-95.325368,Loyal,2021-06-21
3307,Kabelo Dlamini,Male,34,Rustenburg,South Africa,-25.624255,27.199026,Champion,2023-05-04
3308,Themba Adams,Male,64,Pietermaritzburg,South Africa,-29.620356,30.395109,Occasional,2022-03-12
3309,Nathan Fraser,Male,54,Chicago,USA,41.851752,-87.670853,High Value,2022-06-21
3310,Tshepo Nelson,Male,54,Dallas,USA,32.730257,-96.808749,Champion,2021-05-02
3311,Madison Singh,Female,58,Bristol,UK,51.453831,-2.561065,Occasional,2024-12-23
3312,Logan Davies,Male,27,Ottawa,Canada,45.433018,-75.670088,New Customer,2021-08-15
3313,Musa Carter,Male,43,Cape Town,South Africa,-33.969924,18.416472,Champion,2022-02-06
3314,Sofia Khan,Female,61,Glasgow,UK,55.913136,-4.256530,New Customer,2023-02-01
3315,Mason Ngcobo,Male,46,East London,South Africa,-32.972306,27.867563,Occasional,2022-03-05
3316,Connor Stewart,Male,42,East London,South Africa,-33.021648,27.940540,Occasional,2021-10-09
3317,Mohammed Martinez,Male,25,Sheffield,UK,53.409612,-1.453870,New Customer,2023-03-28
3318,Ethan Buthelezi,Male,40,Miami,USA,25.791333,-80.199254,At Risk,2021-12-24
3319,Sofia Campbell,Female,63,Melbourne,Australia,-37.844029,144.942792,Dormant,2021-05-20
3320,Nathan MacKenzie,Male,38,Sandton,South Africa,-26.148072,28.100693,Champion,2023-02-04
3321,Brittany Jackson,Female,50,Kimberley,South Africa,-28.702235,24.760665,Occasional,2024-12-28
3322,Alexander Green,Male,30,Dallas,USA,32.755292,-96.845217,At Risk,2023-06-13
3323,Nhlanhla Clarke,Male,25,Miami,USA,25.750146,-80.222985,New Customer,2024-04-06
3324,Hunter Smith,Male,53,Cardiff,UK,51.475981,-3.201739,Dormant,2023-12-01
3325,Nandi Price,Female,59,Melbourne,Australia,-37.856161,144.959643,High Value,2022-01-22
3326,Hunter Khumalo,Male,20,Leicester,UK,52.656548,-1.140345,Loyal,2024-04-25
3327,Ashley Mthembu,Female,28,Darwin,Australia,-12.441978,130.885036,High Value,2024-06-15
3328,Themba Wilson,Male,55,Benoni,South Africa,-26.166059,28.341735,Champion,2023-07-28
3329,Mia Walker,Female,51,Los Angeles,USA,34.099606,-118.288893,Occasional,2024-12-08
3330,Lerato Price,Female,39,Hobart,Australia,-42.872599,147.314606,Champion,2021-05-26
3331,Emma Stewart,Female,18,Houston,USA,29.727237,-95.386537,Champion,2023-10-22
3332,Amanda Mokoena,Female,58,Birmingham,UK,52.465741,-1.900749,Loyal,2021-05-14
3333,Emma Johnson,Female,63,Durban,South Africa,-29.880899,31.043586,Loyal,2021-12-23
3334,Musa Robertson,Male,37,Benoni,South Africa,-26.186282,28.356642,Dormant,2021-01-15
3335,Sofia Campbell,Female,33,Pretoria,South Africa,-25.757666,28.213523,Occasional,2021-11-13
3336,Lily Harris,Female,32,Atlanta,USA,33.719125,-84.391221,Occasional,2021-06-20
3337,Liam Thomas,Male,41,Newcastle,UK,54.999800,-1.645281,New Customer,2023-07-09
3338,Sibongile Thomson,Female,31,Belfast,UK,54.568672,-5.951003,New Customer,2024-06-22
3339,Ravi Clarke,Male,26,Pietermaritzburg,South Africa,-29.634988,30.415799,Champion,2023-11-24
3340,Owen Naidoo,Male,54,Durban,South Africa,-29.824965,31.028121,High Value,2022-05-13
3341,Fatima Majola,Female,44,Pretoria,South Africa,-25.785412,28.255847,Occasional,2023-07-05
3342,Mia MacKenzie,Female,63,Adelaide,Australia,-34.886838,138.645713,Loyal,2022-05-27
3343,Nhlanhla Majola,Male,44,Benoni,South Africa,-26.236339,28.303215,Champion,2024-04-01
3344,Ella Brown,Female,59,Seattle,USA,47.616254,-122.353061,At Risk,2021-01-14
3345,Lucas Carter,Male,64,East London,South Africa,-33.039385,27.869083,Loyal,2022-06-26
3346,Lachlan Zwane,Male,53,Sandton,South Africa,-26.146066,28.027065,Loyal,2021-02-16
3347,Sophia Masondo,Female,20,Cape Town,South Africa,-33.897526,18.457688,Loyal,2024-11-27
3348,Bongiwe Miller,Female,56,Philadelphia,USA,39.923818,-75.145993,Champion,2021-09-13
3349,Emma Smith,Female,56,Benoni,South Africa,-26.175223,28.295759,At Risk,2022-11-28
3350,Benjamin Buthelezi,Male,60,Atlanta,USA,33.701973,-84.391413,Occasional,2022-03-18
3351,Kabelo Martinez,Male,65,Leeds,UK,53.758617,-1.521898,At Risk,2022-09-24
3352,Oliver Reddy,Male,42,Seattle,USA,47.612529,-122.305921,New Customer,2022-04-02
3353,Vikram Miller,Male,52,Los Angeles,USA,34.084549,-118.283245,Occasional,2021-10-05
3354,Karabo Roberts,Male,43,Denver,USA,39.739112,-104.946717,Dormant,2024-08-15
3355,Jayden Cele,Male,52,Polokwane,South Africa,-23.896232,29.439821,Champion,2022-09-03
3356,Zanele Mkhize,Female,61,Glasgow,UK,55.873990,-4.256319,New Customer,2022-11-03
3357,Yusuf Anderson,Male,27,Adelaide,Australia,-34.948284,138.600161,High Value,2023-06-21
3358,Samantha Zwane,Female,39,Port Elizabeth,South Africa,-33.996512,25.593687,Loyal,2021-05-25
3359,Hunter Walker,Male,31,Benoni,South Africa,-26.175534,28.357216,New Customer,2021-07-11
3360,Nokukhanya Hughes,Female,35,San Diego,USA,32.733962,-117.128207,At Risk,2022-06-09
3361,Nathan Nkosi,Male,57,Edinburgh,UK,55.987255,-3.168907,High Value,2021-08-18
3362,Sofia Davies,Female,30,Sandton,South Africa,-26.121319,28.088642,Occasional,2023-08-16
3363,James Mitchell,Male,50,Sandton,South Africa,-26.105447,28.078471,Dormant,2024-05-20
3364,Isabella Ngcobo,Female,33,Miami,USA,25.743392,-80.142410,At Risk,2024-10-20
3365,Ntombifuthi Buthelezi,Female,30,Montreal,Canada,45.512422,-73.566210,New Customer,2022-12-13
3366,Evelyn Taylor,Female,18,San Jose,USA,37.312197,-121.841434,High Value,2022-07-01
3367,James Dlamini,Male,64,Benoni,South Africa,-26.142653,28.278303,New Customer,2021-03-06
3368,Mia Davis,Female,52,Dallas,USA,32.751744,-96.812469,Dormant,2024-04-04
3369,Logan Sithole,Male,62,Sheffield,UK,53.357925,-1.489343,High Value,2022-09-09
3370,Mohammed Ntuli,Male,51,Houston,USA,29.728403,-95.326394,At Risk,2023-12-06
3371,Themba Martinez,Male,37,Austin,USA,30.218372,-97.700407,At Risk,2022-03-16
3372,Ella Ntuli,Female,21,Port Elizabeth,South Africa,-33.986885,25.618917,At Risk,2024-11-21
3373,Ethan Scott,Male,42,Phoenix,USA,33.417142,-112.094227,At Risk,2022-03-05
3374,Arjun Harris,Male,37,Cairns,Australia,-16.887228,145.794549,High Value,2024-07-27
3375,Harper Khan,Female,52,Montreal,Canada,45.517809,-73.528613,High Value,2022-04-09
3376,Lauren Kunene,Female,65,Pietermaritzburg,South Africa,-29.567815,30.336628,Occasional,2024-02-19
3377,Nathan Jones,Male,41,San Antonio,USA,29.470943,-98.453972,Champion,2023-02-14
3378,Benjamin Hall,Male,47,Perth,Australia,-31.923920,115.815204,At Risk,2024-03-04
3379,Nomsa Walker,Female,63,Atlanta,USA,33.780481,-84.358676,Champion,2022-03-16
3380,Olivia Khumalo,Female,62,Durban,South Africa,-29.812792,31.042283,Champion,2022-09-02
3381,Karabo Stewart,Male,41,Edinburgh,UK,55.988359,-3.186693,New Customer,2022-12-25
3382,Ryan Phillips,Male,32,Bristol,UK,51.439652,-2.542562,Dormant,2022-01-13
3383,Nora Anderson,Female,32,Polokwane,South Africa,-23.920106,29.494269,Loyal,2021-06-11
3384,Nandi Ntuli,Female,34,Nelspruit,South Africa,-25.499490,30.932166,At Risk,2022-11-26
3385,Grace Hlongwane,Female,50,Calgary,Canada,51.004452,-114.075459,Dormant,2023-11-25
3386,Luna Mkhize,Female,23,Philadelphia,USA,39.941689,-75.198432,At Risk,2021-02-07
3387,Palesa Kunene,Female,47,Edinburgh,UK,55.998395,-3.172329,Loyal,2024-03-11
3388,Jordan Smith,Male,39,Ottawa,Canada,45.470775,-75.746259,Occasional,2023-09-26
3389,Nhlanhla Kunene,Male,27,Austin,USA,30.269200,-97.748913,At Risk,2022-07-24
3390,Alexander Anderson,Male,62,Atlanta,USA,33.728712,-84.416412,Occasional,2023-12-17
3391,Oliver MacDonald,Male,65,San Antonio,USA,29.408552,-98.478439,Champion,2023-07-25
3392,Sipho Phillips,Male,20,Quebec City,Canada,46.830420,-71.210849,New Customer,2024-01-12
3393,James Fraser,Male,46,Canberra,Australia,-35.302213,149.126936,At Risk,2021-02-25
3394,Karabo Lewis,Male,18,Port Elizabeth,South Africa,-33.995094,25.651908,Dormant,2022-01-28
3395,Mason Vilakazi,Male,58,New York,USA,40.679096,-73.993950,New Customer,2023-08-05
3396,Sandile Nelson,Male,57,Johannesburg,South Africa,-26.234575,28.027699,New Customer,2023-06-18
3397,Lucas Taylor,Male,19,Chicago,USA,41.899317,-87.580230,At Risk,2021-05-07
3398,Chloe Green,Female,60,Vancouver,Canada,49.319513,-123.094955,High Value,2021-07-04
3399,Jordan Vilakazi,Male,58,Birmingham,UK,52.438158,-1.908945,Champion,2024-08-22
3400,Luna Mkhize,Female,47,Pietermaritzburg,South Africa,-29.641100,30.402612,Loyal,2021-02-24
3401,Jack Evans,Male,38,Adelaide,Australia,-34.977578,138.568395,At Risk,2021-08-12
3402,Hunter Mokoena,Male,25,Houston,USA,29.797858,-95.361686,Occasional,2021-03-22
3403,George Vilakazi,Male,38,Belfast,UK,54.614331,-5.886421,At Risk,2022-07-19
3404,Dylan Carter,Male,63,Houston,USA,29.787147,-95.378422,New Customer,2024-09-25
3405,Ravi MacDonald,Male,52,East London,South Africa,-32.984101,27.954293,High Value,2022-06-02
3406,Charlotte Hall,Female,58,London,UK,51.510762,-0.092563,New Customer,2021-10-09
3407,Brittany Garcia,Female,38,Miami,USA,25.757719,-80.227488,New Customer,2023-06-03
3408,Noah Johnson,Male,46,Denver,USA,39.694274,-105.031849,High Value,2022-01-08
3409,Thandeka Masondo,Female,19,London,UK,51.519423,-0.145262,Champion,2021-12-27
3410,James Mkhize,Male,56,Philadelphia,USA,39.968515,-75.204033,At Risk,2023-04-02
3411,Noah Thomas,Male,18,Benoni,South Africa,-26.191673,28.294302,Occasional,2024-07-10
3412,Nokwanda Wilson,Female,48,Austin,USA,30.314111,-97.773753,Occasional,2024-03-24
3413,Leo White,Male,65,London,UK,51.529680,-0.172359,New Customer,2021-01-23
3414,Connor Roberts,Male,48,Melbourne,Australia,-37.784167,144.962260,Occasional,2023-06-03
3415,Arjun Jones,Male,42,Sandton,South Africa,-26.123165,28.044200,Occasional,2022-01-14
3416,Elijah Patel,Male,62,Dallas,USA,32.824223,-96.783935,Loyal,2023-05-06
3417,Emma Evans,Female,24,Pretoria,South Africa,-25.797849,28.274637,Dormant,2022-05-06
3418,Sofia Mthembu,Female,22,San Jose,USA,37.340894,-121.892923,At Risk,2024-02-12
3419,Mpho Moore,Male,62,Coventry,UK,52.406712,-1.518886,Champion,2024-09-25
3420,Harper Green,Female,46,Leicester,UK,52.592273,-1.102964,Dormant,2022-03-20
3421,Hazel Mitchell,Female,25,Soweto,South Africa,-26.296925,27.870714,Occasional,2023-07-08
3422,Aiden Zulu,Male,20,Dallas,USA,32.824488,-96.769280,Occasional,2023-09-12
3423,Thabo Jones,Male,41,Liverpool,UK,53.390353,-2.947230,New Customer,2023-03-21
3424,Tyler Clarke,Male,34,Port Elizabeth,South Africa,-33.992804,25.618267,High Value,2024-06-13
3425,Elijah Johnson,Male,38,Miami,USA,25.771770,-80.194200,High Value,2024-02-02
3426,Amelia Mokoena,Female,64,Perth,Australia,-31.994409,115.854446,At Risk,2022-09-04
3427,Ethan White,Male,45,Atlanta,USA,33.712818,-84.435578,Occasional,2024-09-23
3428,Kayla Robinson,Female,57,Port Elizabeth,South Africa,-33.983757,25.614210,High Value,2024-02-18
3429,Harper Govender,Female,35,New York,USA,40.671808,-73.957430,Champion,2022-11-08
3430,James Pillay,Male,20,Coventry,UK,52.424703,-1.523471,New Customer,2023-08-11
3431,Ava Johnson,Female,23,Los Angeles,USA,34.038876,-118.197642,High Value,2024-03-14
3432,Noah Mahlangu,Male,42,Rustenburg,South Africa,-25.642143,27.282706,Occasional,2021-04-11
3433,Karabo Zulu,Male,60,Phoenix,USA,33.484415,-112.086919,High Value,2022-07-08
3434,Charlotte Price,Female,56,Phoenix,USA,33.452365,-112.044649,At Risk,2022-12-26
3435,George Zwane,Male,39,Quebec City,Canada,46.850578,-71.209673,Dormant,2022-06-26
3436,Olivia Mokoena,Female,64,Sandton,South Africa,-26.063946,28.032879,Loyal,2024-01-03
3437,Chloe Carter,Female,45,Pretoria,South Africa,-25.791268,28.193558,Dormant,2021-12-01
3438,Emma Khan,Female,39,Cape Town,South Africa,-33.902593,18.388619,At Risk,2024-03-02
3439,Liam Mokoena,Male,25,Durban,South Africa,-29.851464,30.993161,New Customer,2022-02-20
3440,Lungelo Williams,Male,64,Hamilton,Canada,43.218377,-79.909739,Occasional,2024-11-02
3441,Noah Robertson,Male,58,Durban,South Africa,-29.882127,31.037152,Champion,2021-05-17
3442,Karabo Majola,Male,18,Benoni,South Africa,-26.177448,28.313250,Champion,2021-11-04
3443,Sibusiso Davis,Male,34,Seattle,USA,47.613955,-122.348777,New Customer,2023-05-17
3444,Khanyisile Fraser,Female,47,Hamilton,Canada,43.273804,-79.823770,High Value,2023-07-21
3445,Lungelo Martinez,Male,49,Kimberley,South Africa,-28.709822,24.759014,High Value,2021-11-27
3446,Carter Wood,Male,47,Los Angeles,USA,34.008873,-118.263197,Dormant,2022-01-13
3447,Liam Perez,Male,28,Soweto,South Africa,-26.263260,27.842692,Champion,2023-12-22
3448,Logan Thomson,Male,41,Bristol,UK,51.435838,-2.558291,At Risk,2023-09-21
3449,Benjamin Robertson,Male,53,Bristol,UK,51.476163,-2.566053,Occasional,2023-10-10
3450,Bongiwe Martinez,Female,37,Calgary,Canada,51.078733,-114.041291,Champion,2021-03-17
3451,Liam Turner,Male,55,Nelspruit,South Africa,-25.508546,31.004636,Dormant,2021-11-11
3452,Mason Phillips,Male,47,London,UK,51.525300,-0.173147,New Customer,2024-02-18
3453,Evelyn Cele,Female,41,Toronto,Canada,43.617668,-79.344593,High Value,2023-07-23
3454,Mpho Adams,Male,51,Pretoria,South Africa,-25.758039,28.257694,High Value,2023-08-13
3455,Mason Robertson,Male,21,Austin,USA,30.230580,-97.792775,At Risk,2021-08-08
3456,Nora Perez,Female,63,Seattle,USA,47.604027,-122.313963,High Value,2022-08-23
3457,Harry Stewart,Male,61,Pietermaritzburg,South Africa,-29.616520,30.356612,Dormant,2021-03-26
3458,Ntombifuthi Govender,Female,55,Sydney,Australia,-33.851958,151.256701,Loyal,2024-08-19
3459,George Johnson,Male,63,Johannesburg,South Africa,-26.196854,28.056193,Loyal,2022-08-07
3460,Kabelo Mnguni,Male,21,Hamilton,Canada,43.236424,-79.847234,High Value,2023-04-07
3461,Ntombifuthi Majola,Female,62,Sheffield,UK,53.361831,-1.473830,Champion,2023-04-24
3462,Nathan Nelson,Male,31,Nelspruit,South Africa,-25.438391,30.958635,Champion,2023-06-28
3463,Liam Lewis,Male,32,Rustenburg,South Africa,-25.620096,27.203647,Occasional,2024-09-05
3464,Nokukhanya Sithole,Female,54,Pretoria,South Africa,-25.765163,28.247763,New Customer,2024-04-06
3465,Khanyisile Moore,Female,41,Nelspruit,South Africa,-25.445118,30.966050,Loyal,2021-11-11
3466,Jack Taylor,Male,39,Sheffield,UK,53.359788,-1.490763,Champion,2023-06-13
3467,Priya Patel,Female,50,Leicester,UK,52.643420,-1.174894,Occasional,2024-08-12
3468,Busisiwe Baker,Female,41,Cape Town,South Africa,-33.919022,18.454529,New Customer,2021-09-28
3469,Alexis Thomson,Female,58,Sydney,Australia,-33.916870,151.244949,Champion,2022-08-07
3470,Nobuhle Evans,Female,35,Nottingham,UK,52.983331,-1.158154,New Customer,2023-10-23
3471,Owen Anderson,Male,44,Montreal,Canada,45.464410,-73.553014,Loyal,2021-05-12
3472,James Green,Male,39,Houston,USA,29.758709,-95.396286,New Customer,2024-09-11
3473,Fatima Thompson,Female,56,Edinburgh,UK,55.929176,-3.228901,Champion,2021-11-12
3474,Nokukhanya Turner,Female,35,Denver,USA,39.729247,-104.999475,Dormant,2022-08-09
3475,Jayden Sithole,Male,48,San Jose,USA,37.347572,-121.890616,Champion,2024-01-06
3476,Samantha Baker,Female,45,Atlanta,USA,33.743123,-84.418151,At Risk,2024-02-22
3477,Amelia Robinson,Female,58,Pietermaritzburg,South Africa,-29.610705,30.371083,Loyal,2022-01-26
3478,Caleb Thomas,Male,59,Quebec City,Canada,46.833414,-71.229049,At Risk,2023-10-02
3479,Olivia Hall,Female,54,San Diego,USA,32.683873,-117.114149,Champion,2024-01-24
3480,Lucas Thompson,Male,43,Hobart,Australia,-42.916358,147.325515,Occasional,2024-02-25
3481,Dylan Hughes,Male,38,San Diego,USA,32.691673,-117.115106,Champion,2021-12-14
3482,Lindiwe Davies,Female,55,Birmingham,UK,52.521923,-1.936119,New Customer,2024-01-06
3483,Brittany Phillips,Female,28,Seattle,USA,47.654190,-122.374542,Occasional,2024-10-17
3484,Amelia Jones,Female,20,Edinburgh,UK,56.001873,-3.214100,New Customer,2024-06-16
3485,Sipho Davis,Male,50,Edinburgh,UK,55.999539,-3.206509,At Risk,2023-07-26
3486,Aria Taylor,Female,23,Nelspruit,South Africa,-25.490609,31.017170,New Customer,2024-04-06
3487,Ashley Patel,Female,56,Los Angeles,USA,34.069310,-118.268421,Loyal,2022-04-20
3488,Amelia Roberts,Female,23,Gold Coast,Australia,-28.051734,153.386046,Dormant,2024-11-06
3489,Jack MacKenzie,Male,55,Adelaide,Australia,-34.952475,138.605718,New Customer,2021-08-17
3490,Tebogo Scott,Male,35,Halifax,Canada,44.690483,-63.526582,New Customer,2023-06-08
3491,Lindiwe Buthelezi,Female,22,London,UK,51.485139,-0.177114,Champion,2023-11-13
3492,Benjamin Green,Male,61,Belfast,UK,54.615048,-5.884563,Occasional,2023-05-09
3493,Harry Murray,Male,34,Kimberley,South Africa,-28.682835,24.751156,Loyal,2021-11-13
3494,Jackson Thomas,Male,45,Philadelphia,USA,39.941668,-75.158104,Occasional,2023-06-26
3495,Zoe Buthelezi,Female,61,Miami,USA,25.772471,-80.193413,Occasional,2023-05-18
3496,Amelia Davies,Female,33,Polokwane,South Africa,-23.877731,29.432775,Occasional,2024-09-11
3497,Ella Anderson,Female,24,San Jose,USA,37.314890,-121.872341,At Risk,2024-03-27
3498,Siyanda Hlongwane,Male,20,Quebec City,Canada,46.802035,-71.255281,New Customer,2021-12-24
3499,Emma Jones,Female,32,Edinburgh,UK,55.936661,-3.236838,Occasional,2021-08-20
3500,Ravi Zwane,Male,18,Sandton,South Africa,-26.131284,28.053548,Dormant,2021-08-08
3501,Jayden Jones,Male,30,Liverpool,UK,53.376260,-2.963847,Dormant,2024-09-03
3502,Ava Thomas,Female,46,Cape Town,South Africa,-33.894912,18.380346,At Risk,2024-02-22
3503,Jordan MacDonald,Male,28,Adelaide,Australia,-34.917850,138.627773,Loyal,2022-02-02
3504,Hunter Ntuli,Male,65,Johannesburg,South Africa,-26.158252,28.030646,Dormant,2021-08-04
3505,William Murphy,Male,47,Vancouver,Canada,49.282003,-123.146965,Occasional,2023-11-07
3506,Aiden Wilson,Male,56,Polokwane,South Africa,-23.902575,29.474353,Loyal,2021-07-10
3507,Benjamin Anderson,Male,23,Melbourne,Australia,-37.816774,144.957142,At Risk,2022-03-21
3508,Ava Jones,Female,44,Newcastle,UK,54.950737,-1.597290,New Customer,2023-01-02
3509,Aiden Campbell,Male,46,Port Elizabeth,South Africa,-34.007039,25.605448,New Customer,2024-04-21
3510,Aria Brown,Female,41,Pietermaritzburg,South Africa,-29.566673,30.385746,Occasional,2021-09-12
3511,Olivia Scott,Female,40,Bloemfontein,South Africa,-29.131040,26.157347,At Risk,2022-05-13
3512,George Stewart,Male,48,Edinburgh,UK,55.978478,-3.177624,High Value,2021-06-27
3513,Hunter Pillay,Male,22,Cardiff,UK,51.451641,-3.148777,New Customer,2021-01-18
3514,Bongani Brown,Male,38,London,UK,51.534409,-0.140173,Dormant,2023-03-15
3515,Sibongile Thompson,Female,31,Birmingham,UK,52.481656,-1.873968,Loyal,2022-02-14
3516,Lucas MacDonald,Male,63,Bloemfontein,South Africa,-29.082473,26.176926,Champion,2022-01-25
3517,Sipho Mokoena,Male,56,Seattle,USA,47.641912,-122.282876,Occasional,2021-10-02
3518,Charlotte Thomson,Female,53,Perth,Australia,-31.915269,115.811115,Dormant,2022-08-06
3519,Alexis Mitchell,Female,63,Adelaide,Australia,-34.930921,138.587413,High Value,2021-09-15
3520,Lungelo Roberts,Male,65,Perth,Australia,-31.961559,115.835373,Loyal,2024-07-16
3521,James Khumalo,Male,33,Edmonton,Canada,53.593465,-113.457076,At Risk,2022-03-22
3522,Mpho Patel,Male,21,Johannesburg,South Africa,-26.206449,28.014640,Dormant,2022-04-16
3523,Benjamin Brown,Male,19,Gold Coast,Australia,-28.007267,153.385014,At Risk,2021-04-09
3524,Hannah Molefe,Female,26,Dallas,USA,32.729361,-96.826865,High Value,2021-05-16
3525,Isabella Jackson,Female,39,Halifax,Canada,44.628966,-63.586321,High Value,2022-02-23
3526,Isabella Jackson,Female,32,Bloemfontein,South Africa,-29.037855,26.178643,Occasional,2022-03-13
3527,Nhlanhla Patel,Male,29,Cape Town,South Africa,-33.918042,18.457291,Champion,2024-04-18
3528,Thabo Moore,Male,30,Chicago,USA,41.837080,-87.676432,Occasional,2022-07-13
3529,Jasmine Roberts,Female,51,Coventry,UK,52.438098,-1.566631,Occasional,2021-09-02
3530,Lily Miller,Female,59,Soweto,South Africa,-26.242423,27.872669,Champion,2023-03-12
3531,Neha Lewis,Female,60,Rustenburg,South Africa,-25.649503,27.204367,Loyal,2021-01-06
3532,William Mthembu,Male,26,Glasgow,UK,55.817053,-4.221393,Occasional,2021-12-04
3533,Brandon Robinson,Male,63,Miami,USA,25.742244,-80.162852,High Value,2021-01-22
3534,Daniel Shabalala,Male,20,Hobart,Australia,-42.922249,147.291313,Champion,2023-04-23
3535,Sibongile Khumalo,Female,59,Rustenburg,South Africa,-25.669541,27.236589,At Risk,2022-01-21
3536,Ethan Vilakazi,Male,46,Austin,USA,30.285719,-97.729345,High Value,2021-01-21
3537,Cooper Martinez,Male,42,Cape Town,South Africa,-33.893604,18.456361,New Customer,2024-06-03
3538,Aiden Stewart,Male,48,Halifax,Canada,44.633225,-63.534766,At Risk,2021-03-08
3539,Thabo Wilson,Male,37,Winnipeg,Canada,49.924863,-97.103702,Champion,2022-01-15
3540,Ethan Taylor,Male,19,Edinburgh,UK,55.933238,-3.139339,At Risk,2021-01-14
3541,Arjun Mkhize,Male,61,Cape Town,South Africa,-33.940583,18.419500,Loyal,2022-09-10
3542,Sibusiso Molefe,Male,24,Nelspruit,South Africa,-25.487055,30.995463,Dormant,2024-02-15
3543,Madison MacKenzie,Female,41,Quebec City,Canada,46.818782,-71.159055,Occasional,2021-03-11
3544,Nkosi Hughes,Male,31,Phoenix,USA,33.476875,-112.052625,Loyal,2022-01-16
3545,Lucas Majola,Male,27,Cape Town,South Africa,-33.876607,18.428271,High Value,2024-07-18
3546,Jack Wilson,Male,23,Phoenix,USA,33.452420,-112.045803,Loyal,2022-04-27
3547,Sophia Hlongwane,Female,56,Leeds,UK,53.785762,-1.547107,New Customer,2022-08-14
3548,Lucas Nkosi,Male,62,Edmonton,Canada,53.579251,-113.529972,High Value,2023-02-16
3549,Dylan Anderson,Male,65,East London,South Africa,-33.047902,27.916544,Loyal,2021-03-21
3550,Hannah Wilson,Female,23,Atlanta,USA,33.782540,-84.341186,New Customer,2021-02-09
3551,Madison Hughes,Female,27,Sydney,Australia,-33.905557,151.210642,Dormant,2024-06-23
3552,Sofia Green,Female,45,Birmingham,UK,52.526425,-1.841163,High Value,2024-08-17
3553,Mason MacKenzie,Male,46,Nelspruit,South Africa,-25.489766,30.977916,New Customer,2024-05-28
3554,Mia Wilson,Female,57,Phoenix,USA,33.417711,-112.079422,Occasional,2022-06-13
3555,Nathan Smith,Male,29,Brisbane,Australia,-27.484584,152.986430,High Value,2021-02-10
3556,Lindiwe Sithole,Female,22,Benoni,South Africa,-26.176413,28.323522,Occasional,2021-02-16
3557,Nomsa Ngcobo,Female,63,Manchester,UK,53.492064,-2.193664,Champion,2022-11-16
3558,Abigail Zulu,Female,27,Hamilton,Canada,43.237379,-79.821432,High Value,2022-06-17
3559,Daniel Smith,Male,30,Kimberley,South Africa,-28.774887,24.788579,Loyal,2022-12-17
3560,Isabella Green,Female,50,Birmingham,UK,52.468205,-1.849949,High Value,2021-10-07
3561,Khanyisile Ngcobo,Female,62,Cape Town,South Africa,-33.905089,18.414189,New Customer,2024-07-05
3562,Isabella Baker,Female,22,Pretoria,South Africa,-25.740919,28.199486,Champion,2022-01-23
3563,Marcus Phillips,Male,51,Pietermaritzburg,South Africa,-29.607041,30.386546,At Risk,2021-05-19
3564,Jackson Ntuli,Male,56,Canberra,Australia,-35.279329,149.097993,Occasional,2021-01-15
3565,Mohammed Mokoena,Male,32,Kimberley,South Africa,-28.743953,24.737677,At Risk,2022-04-20
3566,Hannah Smith,Female,28,Johannesburg,South Africa,-26.218072,28.054892,High Value,2021-11-28
3567,Ntombifuthi Smith,Female,30,Atlanta,USA,33.765035,-84.340197,Occasional,2023-10-10
3568,Nathan Wilson,Male,31,Pietermaritzburg,South Africa,-29.583436,30.347114,New Customer,2024-03-19
3569,Henry Walker,Male,27,Chicago,USA,41.901841,-87.674534,Champion,2021-09-09
3570,Oliver Smith,Male,29,Gold Coast,Australia,-28.016116,153.391703,Champion,2022-02-16
3571,Madison Dlamini,Female,29,Benoni,South Africa,-26.176644,28.363522,Champion,2023-09-18
3572,Chloe Robertson,Female,40,Melbourne,Australia,-37.766199,144.919084,Dormant,2024-03-26
3573,George Martin,Male,37,Atlanta,USA,33.764872,-84.398934,New Customer,2021-03-26
3574,Lindiwe Williams,Female,47,Kimberley,South Africa,-28.717488,24.767720,New Customer,2022-02-22
3575,Aisha Johnson,Female,49,Sydney,Australia,-33.915442,151.244829,New Customer,2022-02-23
3576,Ravi Dlamini,Male,27,San Antonio,USA,29.467332,-98.505017,At Risk,2024-02-09
3577,Yusuf Walker,Male,25,Rustenburg,South Africa,-25.636429,27.260255,Occasional,2024-09-24
3578,Dylan Phillips,Male,39,Benoni,South Africa,-26.209534,28.349772,High Value,2023-02-19
3579,Samantha MacKenzie,Female,43,Port Elizabeth,South Africa,-33.935712,25.637373,At Risk,2022-06-16
3580,Sophia Majola,Female,26,Perth,Australia,-31.974864,115.876833,New Customer,2021-09-05
3581,Tshepo Taylor,Male,26,Newcastle,UK,54.933002,-1.666846,Occasional,2021-02-19
3582,Oliver Smith,Male,57,New York,USA,40.726468,-73.986058,Loyal,2024-02-12
3583,Carter Roberts,Male,52,Birmingham,UK,52.464775,-1.859589,Loyal,2021-12-14
3584,Bongiwe Davies,Female,22,Perth,Australia,-31.914049,115.862436,Champion,2023-02-03
3585,Bongani Harris,Male,38,Rustenburg,South Africa,-25.696923,27.225564,Dormant,2023-02-24
3586,Harper Adams,Female,39,Coventry,UK,52.397754,-1.568028,Champion,2023-05-14
3587,Nozipho Singh,Female,44,Cardiff,UK,51.515523,-3.137191,At Risk,2021-03-07
3588,Tshepo Khan,Male,28,Cape Town,South Africa,-33.954201,18.401900,At Risk,2023-12-22
3589,Lindiwe Baker,Female,18,San Jose,USA,37.353363,-121.902187,Loyal,2021-03-13
3590,Ntombifuthi Dlamini,Female,30,Perth,Australia,-31.904907,115.884720,Dormant,2022-08-16
3591,Yusuf Taylor,Male,63,Birmingham,UK,52.470946,-1.864098,At Risk,2021-08-21
3592,Isabella Masondo,Female,31,San Antonio,USA,29.440685,-98.542293,Dormant,2021-11-19
3593,Hannah Evans,Female,25,East London,South Africa,-32.967216,27.903469,New Customer,2021-11-28
3594,Emma Wood,Female,34,Miami,USA,25.723996,-80.181918,High Value,2022-08-25
3595,Harry Kunene,Male,47,Sheffield,UK,53.418065,-1.489083,Champion,2024-12-08
3596,Nandi Robertson,Female,44,Leeds,UK,53.840021,-1.543392,High Value,2024-08-05
3597,Palesa Murphy,Female,53,Rustenburg,South Africa,-25.636075,27.287689,Champion,2021-05-28
3598,Ella Davies,Female,24,Pretoria,South Africa,-25.712060,28.198491,Dormant,2022-11-15
3599,Cooper Vilakazi,Male,34,San Diego,USA,32.710421,-117.172530,Loyal,2023-08-03
3600,Lindiwe Turner,Female,37,Sheffield,UK,53.400467,-1.518092,Dormant,2021-12-03
3601,Phindile Mkhize,Female,59,Houston,USA,29.810276,-95.320658,Occasional,2022-03-08
3602,Ravi Lewis,Male,54,San Antonio,USA,29.421447,-98.480558,High Value,2024-08-06
3603,Mandla Hughes,Male,65,Port Elizabeth,South Africa,-33.920474,25.627027,Dormant,2022-01-18
3604,Phindile Turner,Female,28,Johannesburg,South Africa,-26.176273,28.021236,High Value,2021-05-24
3605,Bongiwe MacKenzie,Female,23,Manchester,UK,53.464543,-2.235032,Dormant,2022-06-25
3606,Hunter Vilakazi,Male,18,Vancouver,Canada,49.264477,-123.095514,High Value,2022-04-09
3607,Vikram Phillips,Male,27,Cape Town,South Africa,-33.881012,18.448560,Loyal,2022-03-14
3608,Ella Brown,Female,23,Bristol,UK,51.448775,-2.618004,Occasional,2024-09-09
3609,Tyler Johnson,Male,22,San Diego,USA,32.749402,-117.181372,New Customer,2024-01-05
3610,James Thomas,Male,18,Hamilton,Canada,43.276361,-79.864013,At Risk,2022-10-21
3611,Ntombifuthi Campbell,Female,21,Montreal,Canada,45.535246,-73.572159,New Customer,2023-12-09
3612,Brianna Lewis,Female,49,Denver,USA,39.766036,-105.031364,New Customer,2022-06-28
3613,Jackson Jackson,Male,39,Canberra,Australia,-35.303414,149.096402,Occasional,2023-09-17
3614,Liam Ngcobo,Male,37,Leicester,UK,52.678801,-1.157152,High Value,2021-05-18
3615,Nhlanhla Cele,Male,48,Rustenburg,South Africa,-25.669121,27.268059,New Customer,2023-02-05
3616,Nhlanhla Nelson,Male,53,Durban,South Africa,-29.855665,31.055063,Dormant,2023-10-07
3617,Mandla Fraser,Male,30,Perth,Australia,-31.957299,115.829566,Loyal,2024-10-09
3618,Cooper Phillips,Male,64,Canberra,Australia,-35.284194,149.162871,New Customer,2024-03-01
3619,Olivia Martin,Female,47,Bloemfontein,South Africa,-29.098049,26.153862,High Value,2021-05-03
3620,Madison Mnguni,Female,27,Newcastle,UK,54.945152,-1.638927,Occasional,2022-04-01
3621,Emily Turner,Female,49,Atlanta,USA,33.798896,-84.351737,Loyal,2023-09-06
3622,Emma Roberts,Female,27,Dallas,USA,32.771731,-96.830405,High Value,2023-05-02
3623,Henry Wood,Male,18,New York,USA,40.673224,-73.979883,High Value,2023-10-19
3624,Ethan Walker,Male,63,Polokwane,South Africa,-23.915987,29.495089,Occasional,2022-03-05
3625,Sipho Jackson,Male,32,Denver,USA,39.751853,-104.940645,New Customer,2024-05-27
3626,Priya Brown,Female,45,San Diego,USA,32.672128,-117.141169,Dormant,2023-11-19
3627,Sofia Thomson,Female,35,Liverpool,UK,53.412937,-3.017633,Loyal,2021-08-12
3628,Ethan Anderson,Male,30,Cardiff,UK,51.508588,-3.139852,Occasional,2022-11-03
3629,Ethan Roberts,Male,29,Rustenburg,South Africa,-25.693770,27.281955,Dormant,2022-03-09
3630,Hannah Brown,Female,27,Soweto,South Africa,-26.284858,27.834604,Loyal,2024-05-10
3631,Aiden MacKenzie,Male,28,Kimberley,South Africa,-28.702803,24.726356,Dormant,2022-08-24
3632,Mia Khumalo,Female,58,Canberra,Australia,-35.244684,149.167758,Loyal,2021-04-08
3633,Phindile Thomas,Female,28,Miami,USA,25.772128,-80.218216,New Customer,2023-08-18
3634,Destiny Mokoena,Female,34,Bristol,UK,51.433451,-2.629365,At Risk,2022-08-05
3635,Lerato Nelson,Female,36,Glasgow,UK,55.827378,-4.276002,Loyal,2021-01-02
3636,Tyler Jones,Male,52,Gold Coast,Australia,-27.989614,153.424409,Dormant,2024-02-01
3637,Lerato Evans,Female,19,Chicago,USA,41.864558,-87.636721,Dormant,2022-02-16
3638,Noah Dlamini,Male,51,Hamilton,Canada,43.272356,-79.878461,New Customer,2021-03-18
3639,Jacob Scott,Male,50,Austin,USA,30.277160,-97.711657,New Customer,2024-01-02
3640,Ravi Anderson,Male,46,Cardiff,UK,51.432938,-3.136489,High Value,2021-06-03
3641,Isabella Smith,Female,41,Coventry,UK,52.445901,-1.473227,New Customer,2023-05-17
3642,Ryan Murphy,Male,48,East London,South Africa,-33.060446,27.880572,High Value,2024-06-02
3643,Grace Mnguni,Female,50,Liverpool,UK,53.385311,-2.998041,At Risk,2024-03-23
3644,Harry Thomas,Male,55,Miami,USA,25.762282,-80.148026,New Customer,2021-05-22
3645,Henry Carter,Male,20,Port Elizabeth,South Africa,-33.962117,25.574352,Occasional,2022-12-16
3646,Zanele Ntuli,Female,51,Bloemfontein,South Africa,-29.111899,26.163092,Dormant,2024-03-16
3647,Charlotte Jackson,Female,50,Johannesburg,South Africa,-26.220892,28.012813,New Customer,2024-04-19
3648,Daniel Sithole,Male,43,Houston,USA,29.792220,-95.402140,Occasional,2021-01-19
3649,Bongani Zulu,Male,39,Adelaide,Australia,-34.887433,138.553413,At Risk,2022-09-27
3650,Noah Mnguni,Male,65,Manchester,UK,53.501335,-2.226766,Occasional,2021-07-16
3651,Emma Walker,Female,63,Liverpool,UK,53.412016,-2.967374,Dormant,2024-09-06
3652,Leo Pillay,Male,57,Leicester,UK,52.675427,-1.124733,New Customer,2022-11-22
3653,Nomsa Nelson,Female,24,Edinburgh,UK,55.919999,-3.179663,Loyal,2022-08-18
3654,Ella Roberts,Female,38,Brisbane,Australia,-27.448048,153.061604,Champion,2023-02-16
3655,Ethan Williams,Male,30,Philadelphia,USA,39.917310,-75.159966,Loyal,2021-01-26
3656,Bongiwe Campbell,Female,43,Calgary,Canada,50.996886,-114.048918,New Customer,2023-05-02
3657,Phindile Roberts,Female,65,Port Elizabeth,South Africa,-33.996421,25.561003,At Risk,2024-04-24
3658,Themba Scott,Male,51,Austin,USA,30.265594,-97.758689,Champion,2023-10-03
3659,Liam Campbell,Male,26,Phoenix,USA,33.404450,-112.046425,Occasional,2021-05-06
3660,Amanda Williams,Female,28,Soweto,South Africa,-26.231747,27.873940,Dormant,2021-04-10
3661,Kabelo Martinez,Male,19,Kimberley,South Africa,-28.769670,24.711341,New Customer,2021-09-10
3662,Benjamin Khan,Male,45,Cape Town,South Africa,-33.957893,18.473082,Occasional,2024-04-13
3663,Sofia Thomson,Female,51,Belfast,UK,54.585205,-5.892219,New Customer,2021-05-20
3664,Sipho Smith,Male,65,Benoni,South Africa,-26.205814,28.331750,Occasional,2023-02-25
3665,Chloe Taylor,Female,32,Pretoria,South Africa,-25.757214,28.231248,Loyal,2023-11-21
3666,Sophia Jones,Female,46,Sheffield,UK,53.383399,-1.465448,Champion,2021-02-27
3667,Zoe Wood,Female,30,San Antonio,USA,29.399373,-98.532538,Champion,2021-07-15
3668,Owen Patel,Male,51,Phoenix,USA,33.450528,-112.099802,Dormant,2022-02-02
3669,Mohammed Anderson,Male,64,Sandton,South Africa,-26.145300,28.050065,At Risk,2023-04-16
3670,Alexander Roberts,Male,53,Bloemfontein,South Africa,-29.061403,26.127251,High Value,2021-06-09
3671,Mia Hall,Female,23,Sandton,South Africa,-26.075954,28.080393,Occasional,2021-05-04
3672,Charlotte Stewart,Female,61,Cardiff,UK,51.451478,-3.206257,High Value,2022-12-23
3673,Neha Ndlovu,Female,48,New York,USA,40.747137,-74.042885,Champion,2021-09-06
3674,Jasmine Smith,Female,60,Kimberley,South Africa,-28.742737,24.758404,Occasional,2023-06-26
3675,Tyler Green,Male,19,Los Angeles,USA,34.033631,-118.213125,Loyal,2021-08-15
3676,Tshepo Campbell,Male,44,Birmingham,UK,52.525997,-1.867286,New Customer,2021-10-21
3677,Lachlan Mitchell,Male,51,San Diego,USA,32.753103,-117.131745,New Customer,2023-08-04
3678,Ravi Evans,Male,34,Johannesburg,South Africa,-26.198748,28.022638,Dormant,2024-09-03
3679,Ntombifuthi Scott,Female,43,Polokwane,South Africa,-23.873835,29.498444,Champion,2021-11-03
3680,Sibusiso Jackson,Male,53,Pretoria,South Africa,-25.709391,28.208853,At Risk,2023-07-28
3681,Nokwanda Taylor,Female,40,Bloemfontein,South Africa,-29.063317,26.116428,At Risk,2022-01-09
3682,Henry Hlongwane,Male,55,Seattle,USA,47.565160,-122.356597,High Value,2021-06-24
3683,Ella Thomson,Female,45,San Jose,USA,37.294784,-121.885506,High Value,2022-10-19
3684,Tebogo Khumalo,Male,36,Dallas,USA,32.811815,-96.762603,New Customer,2022-02-27
3685,Harper Phillips,Female,34,Rustenburg,South Africa,-25.665757,27.233914,Loyal,2023-09-28
3686,Owen Scott,Male,36,Quebec City,Canada,46.800441,-71.255039,High Value,2022-10-09
3687,Hunter Hall,Male,40,Liverpool,UK,53.436679,-2.978844,Champion,2023-01-04
3688,Anisha Naidoo,Female,44,Leicester,UK,52.650523,-1.158774,Loyal,2022-10-27
3689,Jennifer Thompson,Female,44,Seattle,USA,47.627964,-122.352968,High Value,2023-10-11
3690,Samantha Mahlangu,Female,32,Nottingham,UK,53.002946,-1.180295,High Value,2022-01-28
3691,Victoria Phillips,Female,33,Pretoria,South Africa,-25.703922,28.266285,Champion,2024-07-28
3692,Sophia Singh,Female,63,East London,South Africa,-33.039918,27.862436,Champion,2021-08-11
3693,Olivia Nelson,Female,61,Pretoria,South Africa,-25.700894,28.247889,High Value,2023-05-25
3694,Brandon Roberts,Male,35,Dallas,USA,32.771213,-96.808278,Occasional,2022-02-22
3695,Karabo Thomas,Male,33,Seattle,USA,47.645612,-122.352210,High Value,2024-12-27
3696,Phindile Brown,Female,44,San Jose,USA,37.344308,-121.862213,Occasional,2022-08-06
3697,Lucas Evans,Male,45,Darwin,Australia,-12.478925,130.831099,At Risk,2021-09-12
3698,Emma Johnson,Female,47,Cairns,Australia,-16.955755,145.796085,High Value,2021-09-09
3699,Mason Mthembu,Male,29,Melbourne,Australia,-37.793245,144.958994,Occasional,2023-07-25
3700,Mia Turner,Female,52,Leicester,UK,52.671105,-1.119793,Dormant,2022-03-06
3701,Charlotte Evans,Female,32,Halifax,Canada,44.684902,-63.605687,Champion,2024-10-21
3702,Ravi Murray,Male,28,Houston,USA,29.720759,-95.411996,Champion,2023-07-02
3703,Jack Martinez,Male,50,Durban,South Africa,-29.864734,30.999844,Champion,2024-08-27
3704,Charlotte Zulu,Female,45,Austin,USA,30.283120,-97.777777,High Value,2023-03-25
3705,Sibusiso Wood,Male,54,London,UK,51.525272,-0.095337,At Risk,2021-07-06
3706,Anisha Smith,Female,21,Cape Town,South Africa,-33.904337,18.407639,Occasional,2021-02-05
3707,Harper Zulu,Female,25,Dallas,USA,32.756320,-96.826013,High Value,2023-05-13
3708,Mohammed Martin,Male,42,Manchester,UK,53.518061,-2.206214,High Value,2021-05-26
3709,Mpho Smith,Male,37,Denver,USA,39.759042,-104.944656,Occasional,2023-08-01
3710,Nobuhle Wilson,Female,32,New York,USA,40.722286,-73.988024,Dormant,2021-11-16
3711,Jasmine Roberts,Female,31,Philadelphia,USA,39.987954,-75.126309,Champion,2021-04-16
3712,Tshepo Mkhize,Male,33,Bloemfontein,South Africa,-29.110755,26.116612,Occasional,2024-01-20
3713,Jasmine Jackson,Female,43,Durban,South Africa,-29.892598,30.988092,High Value,2022-03-06
3714,Chloe Robertson,Female,65,Kimberley,South Africa,-28.776487,24.788806,At Risk,2022-09-19
3715,Karabo Adams,Male,50,Phoenix,USA,33.423137,-112.107265,New Customer,2023-07-27
3716,Abigail Thomson,Female,49,Dallas,USA,32.782219,-96.829665,High Value,2023-11-01
3717,Connor Wilson,Male,47,Port Elizabeth,South Africa,-33.983755,25.621481,Dormant,2023-10-07
3718,Hannah Mkhize,Female,41,Pietermaritzburg,South Africa,-29.572224,30.359413,High Value,2023-03-10
3719,Anisha Campbell,Female,48,Sheffield,UK,53.369052,-1.492689,Loyal,2022-02-21
3720,Olivia Wilson,Female,56,Rustenburg,South Africa,-25.693902,27.260995,High Value,2023-03-12
3721,George MacDonald,Male,63,Austin,USA,30.218940,-97.786249,Dormant,2023-01-17
3722,Emily Cele,Female,60,Canberra,Australia,-35.309317,149.145548,Dormant,2022-01-02
3723,Lachlan Majola,Male,29,Sandton,South Africa,-26.120333,28.104253,Dormant,2022-06-15
3724,Evelyn Harris,Female,53,Perth,Australia,-31.953428,115.857079,Champion,2024-02-19
3725,Musa Johnson,Male,43,San Jose,USA,37.345901,-121.928315,Dormant,2023-01-21
3726,Olivia Thomson,Female,30,Kimberley,South Africa,-28.711181,24.763110,At Risk,2024-08-25
3727,Jack Kunene,Male,32,Cardiff,UK,51.461399,-3.130228,Champion,2021-08-21
3728,Busisiwe Naidoo,Female,18,Halifax,Canada,44.610622,-63.560083,At Risk,2022-09-06
3729,Carter Evans,Male,37,Nelspruit,South Africa,-25.430404,30.922886,Loyal,2022-09-20
3730,Ashley Nkosi,Female,46,East London,South Africa,-33.026137,27.870106,High Value,2023-08-15
3731,Amelia Jackson,Female,61,Liverpool,UK,53.424330,-3.031598,At Risk,2024-06-13
3732,Jasmine Ngcobo,Female,41,Nelspruit,South Africa,-25.478485,30.976748,At Risk,2024-04-12
3733,Hazel Mthembu,Female,60,Benoni,South Africa,-26.228130,28.302391,High Value,2024-07-18
3734,Oliver Williams,Male,55,Durban,South Africa,-29.820728,30.972261,Loyal,2021-11-01
3735,Nandi Kunene,Female,61,Pretoria,South Africa,-25.757620,28.208787,Dormant,2022-06-06
3736,Samuel Stewart,Male,38,Brisbane,Australia,-27.437090,152.999418,New Customer,2022-09-16
3737,Samuel Turner,Male,37,Seattle,USA,47.592258,-122.347823,Occasional,2022-07-22
3738,Harper Jones,Female,63,Philadelphia,USA,39.984703,-75.188303,At Risk,2022-10-16
3739,Busisiwe Davis,Female,45,Miami,USA,25.760974,-80.154336,Champion,2023-08-23
3740,Oliver Garcia,Male,38,Brisbane,Australia,-27.472294,153.004753,Dormant,2022-06-16
3741,Hazel Jones,Female,45,New York,USA,40.681819,-74.017831,Loyal,2023-10-12
3742,Carter Campbell,Male,52,Cape Town,South Africa,-33.972624,18.380092,New Customer,2023-05-24
3743,Tyler Pillay,Male,22,Port Elizabeth,South Africa,-34.001669,25.622379,High Value,2021-03-15
3744,Jacob Williams,Male,32,Halifax,Canada,44.634415,-63.607621,High Value,2023-03-01
3745,Arjun Brown,Male,37,Leeds,UK,53.839534,-1.570753,Dormant,2023-11-08
3746,Lachlan Brown,Male,57,Dallas,USA,32.748733,-96.776144,New Customer,2022-06-22
3747,Bongani Miller,Male,35,Sandton,South Africa,-26.094688,28.010544,Occasional,2021-06-08
3748,Liam Ngcobo,Male,58,Leeds,UK,53.789842,-1.573321,Dormant,2024-08-02
3749,Ayanda Lewis,Female,24,New York,USA,40.718399,-74.026652,Dormant,2022-01-02
3750,Samuel Jones,Male,20,Leeds,UK,53.757232,-1.507229,New Customer,2023-12-06
3751,Sipho Thomas,Male,46,Miami,USA,25.761229,-80.184343,Loyal,2022-08-27
3752,Nandi Wilson,Female,25,Calgary,Canada,51.069282,-114.087727,At Risk,2024-02-20
3753,Aiden Baker,Male,23,Cardiff,UK,51.495430,-3.210974,Occasional,2022-01-07
3754,Caleb Anderson,Male,42,Miami,USA,25.737608,-80.153529,Loyal,2021-12-12
3755,Nobuhle Mkhize,Female,37,Ottawa,Canada,45.403521,-75.674127,New Customer,2021-06-12
3756,William Patel,Male,54,Atlanta,USA,33.765405,-84.349133,New Customer,2021-11-01
3757,Emily Smith,Female,22,Nelspruit,South Africa,-25.445925,31.009783,Loyal,2024-06-01
3758,Emma Murphy,Female,46,Canberra,Australia,-35.303242,149.118956,New Customer,2024-03-25
3759,Lucas Mnguni,Male,21,Kimberley,South Africa,-28.717430,24.714537,At Risk,2022-11-17
3760,William Jones,Male,40,Bloemfontein,South Africa,-29.036858,26.189388,At Risk,2022-05-11
3761,James Buthelezi,Male,47,Philadelphia,USA,39.930629,-75.154924,Dormant,2024-10-24
3762,Ethan Wood,Male,25,Halifax,Canada,44.690537,-63.599280,Champion,2024-08-09
3763,Jackson Martinez,Male,34,Bloemfontein,South Africa,-29.067342,26.110787,Occasional,2023-12-07
3764,Benjamin Adams,Male,29,Los Angeles,USA,34.004670,-118.227529,New Customer,2021-04-18
3765,Aria Zulu,Female,36,Miami,USA,25.737115,-80.152380,At Risk,2023-10-20
3766,Samuel MacKenzie,Male,38,New York,USA,40.663841,-73.972927,Loyal,2021-06-01
3767,Dylan Zulu,Male,53,Calgary,Canada,51.071007,-114.048271,Loyal,2024-03-22
3768,Zoe Walker,Female,25,Calgary,Canada,51.042504,-114.099314,High Value,2024-03-04
3769,Isabella Wood,Female,22,San Antonio,USA,29.379671,-98.521543,At Risk,2023-01-18
3770,Zoe Ngcobo,Female,65,Ottawa,Canada,45.406446,-75.656132,Dormant,2023-08-14
3771,Benjamin Phillips,Male,43,Cape Town,South Africa,-33.916666,18.425319,New Customer,2023-12-14
3772,William Davies,Male,25,Gold Coast,Australia,-28.013871,153.365363,At Risk,2023-02-21
3773,Vikram Jones,Male,28,London,UK,51.549884,-0.138984,High Value,2024-09-19
3774,Luna Price,Female,47,Manchester,UK,53.477035,-2.220765,New Customer,2022-01-17
3775,Mason Govender,Male,25,Sandton,South Africa,-26.154573,28.050172,At Risk,2021-07-16
3776,Ethan MacKenzie,Male,30,Edmonton,Canada,53.520640,-113.502021,New Customer,2024-09-09
3777,Ella Davies,Female,53,Houston,USA,29.770458,-95.377978,Occasional,2021-12-20
3778,Aiden Buthelezi,Male,35,Miami,USA,25.775642,-80.184935,Champion,2021-06-12
3779,Ayanda Patel,Female,61,Seattle,USA,47.580670,-122.304286,Occasional,2023-01-04
3780,Emma Shabalala,Female,64,Durban,South Africa,-29.902335,31.002703,Loyal,2023-11-02
3781,Tyler Murphy,Male,27,Dallas,USA,32.806054,-96.757030,At Risk,2024-09-20
3782,Nhlanhla Scott,Male,39,Johannesburg,South Africa,-26.250918,28.070204,Loyal,2021-10-21
3783,Ayanda Zwane,Female,41,Belfast,UK,54.552757,-5.882610,New Customer,2023-08-21
3784,Harry Walker,Male,57,Adelaide,Australia,-34.918454,138.588147,High Value,2024-07-01
3785,Mpho Khan,Male,35,Brisbane,Australia,-27.420099,153.020239,High Value,2023-02-26
3786,Vikram Mnguni,Male,58,Vancouver,Canada,49.296817,-123.109922,New Customer,2021-01-05
3787,Charlotte Mnguni,Female,55,Edmonton,Canada,53.583033,-113.463438,Dormant,2024-12-25
3788,Marcus Roberts,Male,33,Gold Coast,Australia,-28.059392,153.399532,Occasional,2021-03-17
3789,Alexander Buthelezi,Male,41,Cape Town,South Africa,-33.922417,18.460203,Dormant,2023-01-27
3790,Ethan Wilson,Male,21,Winnipeg,Canada,49.870441,-97.110360,New Customer,2023-12-28
3791,Amelia Murray,Female,37,Manchester,UK,53.484887,-2.211544,Loyal,2024-09-01
3792,Sipho Cele,Male,21,Bristol,UK,51.458870,-2.621335,Loyal,2022-10-27
3793,Emma Wilson,Female,18,Vancouver,Canada,49.287478,-123.152542,Loyal,2024-01-28
3794,Lindiwe Baker,Female,40,Dallas,USA,32.743366,-96.765723,At Risk,2024-10-13
3795,Ethan Robinson,Male,60,Port Elizabeth,South Africa,-33.944311,25.609237,Champion,2021-07-26
3796,Bongiwe MacDonald,Female,21,Benoni,South Africa,-26.226316,28.361335,New Customer,2024-01-14
3797,Hannah Kunene,Female,21,Rustenburg,South Africa,-25.684315,27.253133,Champion,2023-06-26
3798,Oliver Hall,Male,56,Perth,Australia,-31.910339,115.884920,High Value,2022-01-03
3799,Destiny Ndlovu,Female,56,Birmingham,UK,52.498681,-1.885397,High Value,2023-06-23
3800,Charlotte Davis,Female,39,Cairns,Australia,-16.948999,145.761961,Occasional,2024-02-09
3801,Oliver Brown,Male,59,Denver,USA,39.735348,-105.005971,New Customer,2024-12-18
3802,Lucas MacKenzie,Male,60,Edinburgh,UK,55.965091,-3.165174,Occasional,2023-02-13
3803,Mia Phillips,Female,40,Toronto,Canada,43.674375,-79.404381,Occasional,2023-02-07
3804,Thandeka MacKenzie,Female,31,Sydney,Australia,-33.909452,151.167611,Occasional,2024-09-14
3805,Palesa Thomas,Female,52,Chicago,USA,41.909525,-87.600904,Dormant,2024-10-16
3806,Jennifer Ndlovu,Female,18,Cairns,Australia,-16.871800,145.812521,At Risk,2022-09-12
3807,Thabo Davis,Male,63,Canberra,Australia,-35.313493,149.170848,At Risk,2023-02-26
3808,Nathan Thomas,Male,41,Quebec City,Canada,46.829193,-71.203711,Loyal,2023-05-15
3809,Ashley Turner,Female,23,San Antonio,USA,29.432706,-98.501394,Champion,2021-01-06
3810,Jacob Taylor,Male,19,New York,USA,40.748378,-74.044259,Loyal,2021-11-23
3811,Priya Harris,Female,43,Polokwane,South Africa,-23.926688,29.460530,High Value,2022-04-03
3812,Olivia Zwane,Female,20,Phoenix,USA,33.451997,-112.088635,New Customer,2024-04-05
3813,Neha Singh,Female,34,Rustenburg,South Africa,-25.666866,27.229183,Loyal,2024-12-10
3814,Oliver Hall,Male,49,Halifax,Canada,44.627389,-63.597813,Occasional,2024-11-27
3815,Lucas Mahlangu,Male,18,Adelaide,Australia,-34.909402,138.638616,Occasional,2024-12-08
3816,Musa Anderson,Male,31,Calgary,Canada,51.034777,-114.084693,Champion,2022-04-05
3817,Lucas Wilson,Male,63,Ottawa,Canada,45.445605,-75.736527,Occasional,2024-04-25
3818,Carter Mkhize,Male,57,Nottingham,UK,52.986831,-1.155121,Loyal,2021-11-08
3819,Mpho Hlongwane,Male,63,Atlanta,USA,33.739795,-84.436216,High Value,2022-11-20
3820,Harper Williams,Female,64,Philadelphia,USA,39.967568,-75.212236,Occasional,2023-04-25
3821,Jordan Ngcobo,Male,19,Durban,South Africa,-29.840709,30.987108,Dormant,2021-10-01
3822,Sandile Johnson,Male,51,Benoni,South Africa,-26.210966,28.359945,At Risk,2021-05-28
3823,Sipho Khan,Male,33,Belfast,UK,54.622807,-5.975670,Dormant,2021-09-26
3824,Tebogo Roberts,Male,35,Philadelphia,USA,40.001366,-75.155283,Champion,2023-01-18
3825,James Harris,Male,33,Phoenix,USA,33.493211,-112.100560,New Customer,2024-09-06
3826,Aisha Masondo,Female,64,Brisbane,Australia,-27.507664,153.071321,New Customer,2023-11-24
3827,Jasmine Stewart,Female,32,Belfast,UK,54.625569,-5.913345,Champion,2023-01-06
3828,Cooper Smith,Male,41,Miami,USA,25.757514,-80.152323,Occasional,2022-02-12
3829,Busisiwe Singh,Female,32,Pretoria,South Africa,-25.716620,28.186852,Dormant,2022-11-21
3830,Nhlanhla Carter,Male,45,Rustenburg,South Africa,-25.661795,27.282700,Loyal,2023-05-03
3831,Lauren Jones,Female,59,Kimberley,South Africa,-28.755408,24.733053,Occasional,2023-09-18
3832,Nomsa Davies,Female,62,Calgary,Canada,51.077211,-114.076040,Occasional,2022-08-23
3833,Bongani Scott,Male,49,Seattle,USA,47.605034,-122.334023,New Customer,2024-06-01
3834,Lesedi Nkosi,Male,64,Brisbane,Australia,-27.466433,153.056774,High Value,2024-04-20
3835,Isabella Turner,Female,48,Liverpool,UK,53.382288,-3.008046,At Risk,2023-09-21
3836,Noah Cele,Male,55,San Jose,USA,37.310639,-121.900720,Dormant,2024-06-22
3837,Emma Thompson,Female,39,Philadelphia,USA,39.993821,-75.173273,At Risk,2024-12-19
3838,Kayla Molefe,Female,29,Birmingham,UK,52.456178,-1.911091,High Value,2024-11-28
3839,Liam Campbell,Male,33,Houston,USA,29.769308,-95.382835,Champion,2024-11-24
3840,Phindile Turner,Female,64,San Diego,USA,32.763651,-117.112275,Occasional,2022-04-24
3841,Lily Pillay,Female,37,Polokwane,South Africa,-23.871683,29.458086,At Risk,2023-03-03
3842,Themba Jones,Male,46,Benoni,South Africa,-26.181993,28.329678,Occasional,2021-01-12
3843,Layla Zwane,Female,22,Belfast,UK,54.585284,-5.931027,Loyal,2021-12-05
3844,Liam Taylor,Male,45,Houston,USA,29.763361,-95.372990,Dormant,2022-08-16
3845,Neha Perez,Female,28,Bristol,UK,51.469979,-2.603717,Dormant,2024-09-09
3846,Connor Brown,Male,53,Brisbane,Australia,-27.493721,153.051490,Occasional,2023-01-27
3847,Emily Pillay,Female,25,Philadelphia,USA,39.945707,-75.161275,Dormant,2024-04-15
3848,Kabelo Smith,Male,39,Glasgow,UK,55.870659,-4.221085,High Value,2023-07-01
3849,Amanda Hall,Female,62,Glasgow,UK,55.878527,-4.212084,Champion,2023-06-22
3850,Nokwanda MacKenzie,Female,33,Darwin,Australia,-12.425424,130.855124,Champion,2022-09-18
3851,Isabella Cele,Female,56,Calgary,Canada,51.001012,-114.041028,High Value,2024-03-19
3852,Nomsa Phillips,Female,64,Leeds,UK,53.811006,-1.555351,Occasional,2023-09-12
3853,Nomsa Walker,Female,57,Sheffield,UK,53.410677,-1.488694,Champion,2024-09-06
3854,Lauren Thomas,Female,56,Nottingham,UK,52.951724,-1.165502,Dormant,2022-10-01
3855,Aria Mitchell,Female,41,Rustenburg,South Africa,-25.636008,27.203082,At Risk,2021-08-21
3856,Evelyn Phillips,Female,49,Sandton,South Africa,-26.141433,28.074868,At Risk,2024-04-19
3857,Mason Zulu,Male,34,Los Angeles,USA,34.075910,-118.266783,Dormant,2021-08-16
3858,Mason Baker,Male,21,Durban,South Africa,-29.822242,31.043899,New Customer,2021-11-02
3859,Thabo Singh,Male,41,Nelspruit,South Africa,-25.475116,30.971579,Champion,2023-07-04
3860,Ntombifuthi Taylor,Female,51,Darwin,Australia,-12.459917,130.891274,Champion,2021-02-26
3861,Marcus Vilakazi,Male,30,Bloemfontein,South Africa,-29.039906,26.194061,Champion,2024-08-22
3862,Henry Reddy,Male,50,Cape Town,South Africa,-33.964107,18.419035,Dormant,2021-11-18
3863,Lerato Thompson,Female,31,Ottawa,Canada,45.436081,-75.667959,Champion,2024-04-10
3864,Lungelo Moore,Male,21,Houston,USA,29.797681,-95.356466,Loyal,2022-11-14
3865,Ella Carter,Female,63,Edinburgh,UK,55.958693,-3.217274,High Value,2021-08-22
3866,Lachlan Williams,Male,33,Halifax,Canada,44.666000,-63.583360,At Risk,2023-12-13
3867,Destiny Dlamini,Female,22,San Jose,USA,37.290602,-121.858976,Occasional,2023-07-15
3868,Chloe Robertson,Female,55,Sydney,Australia,-33.852578,151.206756,Dormant,2023-05-06
3869,Nokwanda Clarke,Female,45,Coventry,UK,52.359356,-1.546999,Loyal,2022-02-25
3870,Lungelo Miller,Male,35,Kimberley,South Africa,-28.752687,24.772475,High Value,2024-05-14
3871,Emily Reddy,Female,30,Port Elizabeth,South Africa,-33.945854,25.647471,Dormant,2021-01-28
3872,Kayla Mthembu,Female,44,Soweto,South Africa,-26.288947,27.901024,High Value,2024-03-22
3873,Ella Walker,Female,58,Pietermaritzburg,South Africa,-29.553276,30.334672,At Risk,2022-06-23
3874,Mason Mthembu,Male,47,Gold Coast,Australia,-27.976390,153.439715,Loyal,2023-09-25
3875,Caleb Davies,Male,53,Kimberley,South Africa,-28.755948,24.703304,Champion,2023-01-15
3876,William Price,Male,46,Sandton,South Africa,-26.071593,28.077111,Occasional,2021-09-28
3877,Zanele Green,Female,35,Melbourne,Australia,-37.847278,144.920599,At Risk,2022-10-05
3878,Luna Cele,Female,39,Montreal,Canada,45.508439,-73.589564,Occasional,2024-12-05
3879,Cooper Wilson,Male,39,Sandton,South Africa,-26.099874,28.053771,Champion,2024-01-13
3880,Zanele Thomson,Female,18,Philadelphia,USA,39.994084,-75.142872,Loyal,2024-08-06
3881,Khanyisile Nelson,Female,38,Dallas,USA,32.768100,-96.830611,Occasional,2022-11-24
3882,Nobuhle Lewis,Female,35,Edinburgh,UK,55.922634,-3.167990,Loyal,2024-10-22
3883,Hazel Mkhize,Female,63,Toronto,Canada,43.666045,-79.425764,New Customer,2023-08-27
3884,Oliver Smith,Male,64,Nelspruit,South Africa,-25.451201,30.993198,Champion,2023-06-25
3885,Ethan Majola,Male,34,Rustenburg,South Africa,-25.667115,27.290440,High Value,2022-08-14
3886,Leo Khan,Male,26,Pietermaritzburg,South Africa,-29.630014,30.369235,Loyal,2022-03-13
3887,Nhlanhla Thomas,Male,64,Melbourne,Australia,-37.804946,144.987079,High Value,2021-04-09
3888,Henry Mthembu,Male,54,Vancouver,Canada,49.332466,-123.087513,Loyal,2022-11-19
3889,Jacob Ntuli,Male,50,Melbourne,Australia,-37.857919,144.955906,Loyal,2023-09-25
3890,Brianna Mkhize,Female,18,Nelspruit,South Africa,-25.440433,30.944031,At Risk,2021-06-19
3891,Abigail Murphy,Female,65,Quebec City,Canada,46.805040,-71.166208,Loyal,2024-03-08
3892,Aria Davies,Female,28,Manchester,UK,53.528959,-2.253369,New Customer,2021-03-20
3893,Mohammed Brown,Male,43,Winnipeg,Canada,49.877244,-97.173102,Champion,2021-09-05
3894,Jordan Singh,Male,44,Austin,USA,30.218573,-97.790139,Dormant,2021-05-16
3895,Madison MacDonald,Female,19,Benoni,South Africa,-26.206905,28.277340,At Risk,2023-07-09
3896,Mohammed Patel,Male,63,Perth,Australia,-31.983764,115.910275,New Customer,2021-05-03
3897,Sophia Johnson,Female,20,Philadelphia,USA,39.908774,-75.149055,Champion,2024-03-20
3898,Lucas White,Male,42,Dallas,USA,32.749429,-96.834213,High Value,2022-09-28
3899,Mia Mthembu,Female,26,Atlanta,USA,33.781604,-84.357874,Dormant,2024-12-09
3900,George Taylor,Male,27,Chicago,USA,41.902261,-87.636237,Dormant,2022-03-12
3901,Zoe Murphy,Female,60,Los Angeles,USA,34.022204,-118.285110,Dormant,2022-05-05
3902,Bongani Murphy,Male,65,Polokwane,South Africa,-23.883578,29.446218,Loyal,2023-09-19
3903,Harry Reddy,Male,43,Sheffield,UK,53.403612,-1.426005,At Risk,2022-01-24
3904,Busisiwe Reddy,Female,40,Nottingham,UK,53.004420,-1.175499,Occasional,2021-10-04
3905,Nhlanhla Buthelezi,Male,51,Houston,USA,29.797311,-95.363274,Loyal,2023-07-22
3906,Destiny Nkosi,Female,50,Dallas,USA,32.823598,-96.799145,Dormant,2022-08-08
3907,Lachlan Miller,Male,51,Durban,South Africa,-29.901146,31.014949,Occasional,2022-12-18
3908,Hazel Price,Female,18,Cardiff,UK,51.466933,-3.202845,Champion,2021-07-03
3909,Connor Clarke,Male,31,London,UK,51.522901,-0.126770,Loyal,2023-05-17
3910,Emma Perez,Female,47,Soweto,South Africa,-26.274007,27.878085,Loyal,2024-08-03
3911,Ntombifuthi Hall,Female,25,Pretoria,South Africa,-25.763015,28.188940,Champion,2024-01-07
3912,Layla Carter,Female,63,Miami,USA,25.786673,-80.184401,Dormant,2024-03-03
3913,Bongiwe Miller,Female,46,Johannesburg,South Africa,-26.241670,28.084764,New Customer,2024-05-25
3914,Arjun Taylor,Male,59,Gold Coast,Australia,-27.968745,153.400944,Dormant,2023-05-04
3915,Kayla Molefe,Female,63,Benoni,South Africa,-26.196607,28.345198,At Risk,2024-02-19
3916,Emma Miller,Female,61,Pietermaritzburg,South Africa,-29.557483,30.418085,High Value,2024-05-26
3917,Cooper Nelson,Male,53,San Antonio,USA,29.451207,-98.511850,Occasional,2024-04-18
3918,Kabelo Murphy,Male,51,Seattle,USA,47.608464,-122.303243,Dormant,2022-01-09
3919,Lindiwe Anderson,Female,55,Bloemfontein,South Africa,-29.067180,26.176820,New Customer,2021-12-26
3920,Ava Fraser,Female,45,Cardiff,UK,51.487919,-3.216831,At Risk,2022-12-21
3921,Luna Ngcobo,Female,27,Philadelphia,USA,39.916504,-75.176530,Dormant,2024-10-22
3922,Benjamin Kunene,Male,27,Bloemfontein,South Africa,-29.126426,26.133461,Loyal,2023-07-05
3923,Nozipho Mitchell,Female,56,Pietermaritzburg,South Africa,-29.596073,30.394876,Loyal,2023-12-17
3924,Jennifer Taylor,Female,62,Soweto,South Africa,-26.278101,27.864179,High Value,2021-11-28
3925,Jack Martin,Male,18,Newcastle,UK,55.008227,-1.597485,New Customer,2023-06-02
3926,Lindiwe Buthelezi,Female,37,Port Elizabeth,South Africa,-33.977458,25.623763,At Risk,2024-08-24
3927,Themba Jackson,Male,58,New York,USA,40.737396,-73.967317,High Value,2024-06-27
3928,Jennifer Zulu,Female,56,Manchester,UK,53.474993,-2.280762,High Value,2024-06-26
3929,Lucas Khan,Male,31,Philadelphia,USA,39.970294,-75.213387,At Risk,2021-06-28
3930,Lucas Miller,Male,63,Seattle,USA,47.614412,-122.333087,Dormant,2022-06-11
3931,Thandeka Taylor,Female,49,Glasgow,UK,55.912147,-4.228948,New Customer,2022-07-21
3932,Yusuf Ngcobo,Male,53,Belfast,UK,54.580941,-5.917854,High Value,2022-12-12
3933,Brianna Mnguni,Female,55,New York,USA,40.723893,-74.000085,Dormant,2023-02-25
3934,Aiden Turner,Male,33,San Diego,USA,32.756456,-117.131083,Champion,2024-08-24
3935,Ethan Martin,Male,49,New York,USA,40.703111,-74.003604,High Value,2022-12-11
3936,Siyanda Perez,Male,63,Edinburgh,UK,55.976292,-3.218886,Dormant,2022-09-14
3937,James Garcia,Male,58,East London,South Africa,-33.016720,27.902857,Occasional,2023-08-08
3938,Ethan Ntuli,Male,39,Sandton,South Africa,-26.134464,28.084776,Occasional,2021-10-22
3939,Liam Naidoo,Male,31,Austin,USA,30.247471,-97.718214,Occasional,2024-04-04
3940,Yusuf Brown,Male,47,Durban,South Africa,-29.881086,31.031754,Champion,2022-06-08
3941,Aria Harris,Female,65,Polokwane,South Africa,-23.917941,29.497601,Loyal,2021-09-12
3942,Ntombifuthi Thomson,Female,48,Halifax,Canada,44.670356,-63.605235,Champion,2021-12-06
3943,Zoe Hall,Female,60,Durban,South Africa,-29.844181,31.069081,Loyal,2024-08-23
3944,Jasmine Murray,Female,35,Manchester,UK,53.506719,-2.268599,Loyal,2023-09-23
3945,Emily Lewis,Female,37,Cape Town,South Africa,-33.933677,18.424324,Dormant,2024-02-26
3946,Lesedi Scott,Male,42,Edinburgh,UK,55.944853,-3.162550,High Value,2021-12-15
3947,Lauren Walker,Female,18,Atlanta,USA,33.713709,-84.409786,Loyal,2022-11-10
3948,Harper Thomas,Female,36,Edinburgh,UK,55.936825,-3.188200,Dormant,2024-12-04
3949,Alexander Ntuli,Male,55,Cairns,Australia,-16.948089,145.802074,Dormant,2022-09-17
3950,George Dlamini,Male,29,Chicago,USA,41.908884,-87.644534,High Value,2021-09-14
3951,Alexis Nelson,Female,59,Benoni,South Africa,-26.206466,28.280260,Occasional,2021-01-12
3952,Nokwanda Anderson,Female,56,East London,South Africa,-33.004869,27.895450,Dormant,2021-01-28
3953,Tyler Johnson,Male,20,Austin,USA,30.282229,-97.747550,Dormant,2022-09-07
3954,William Garcia,Male,65,Kimberley,South Africa,-28.753973,24.774421,Occasional,2022-01-17
3955,Ethan Martinez,Male,46,Adelaide,Australia,-34.918642,138.596533,Occasional,2022-07-19
3956,James Davies,Male,63,Perth,Australia,-31.934816,115.877237,Champion,2023-08-14
3957,Tyler Carter,Male,18,Durban,South Africa,-29.834216,31.019840,Dormant,2022-05-24
3958,Bongiwe Wood,Female,35,New York,USA,40.700948,-73.965855,New Customer,2021-02-09
3959,Leo Masondo,Male,22,Hobart,Australia,-42.864063,147.308670,New Customer,2021-11-06
3960,Samuel Hughes,Male,21,Pretoria,South Africa,-25.748348,28.201212,New Customer,2021-07-26
3961,Benjamin Mkhize,Male,19,Melbourne,Australia,-37.775003,144.927880,At Risk,2021-09-10
3962,Thabo Roberts,Male,59,Nottingham,UK,52.983591,-1.157665,At Risk,2024-02-11
3963,Amelia Zulu,Female,57,Newcastle,UK,55.019738,-1.577226,Occasional,2024-06-07
3964,Luna Govender,Female,47,Phoenix,USA,33.459735,-112.104973,Dormant,2021-01-08
3965,Evelyn Sithole,Female,59,Rustenburg,South Africa,-25.681649,27.249870,Dormant,2022-01-14
3966,Tebogo Thomson,Male,50,Los Angeles,USA,34.079516,-118.275138,Dormant,2024-08-23
3967,Grace Reddy,Female,43,Soweto,South Africa,-26.272074,27.904132,Loyal,2021-07-03
3968,Brittany Wilson,Female,22,Hamilton,Canada,43.233315,-79.856499,At Risk,2021-04-12
3969,William Martinez,Male,65,Sheffield,UK,53.339798,-1.449995,Champion,2022-07-21
3970,Tshepo Nelson,Male,61,Denver,USA,39.745120,-105.033619,New Customer,2022-12-15
3971,Jennifer Turner,Female,24,Durban,South Africa,-29.825919,31.061827,Champion,2021-02-07
3972,Chloe Turner,Female,21,Nottingham,UK,52.951156,-1.182626,Champion,2024-06-17
3973,Phindile Thomson,Female,50,Pietermaritzburg,South Africa,-29.611962,30.337906,Occasional,2023-05-28
3974,Sofia Martin,Female,28,Austin,USA,30.229299,-97.711457,At Risk,2024-02-26
3975,Mandla Mitchell,Male,41,Sydney,Australia,-33.857554,151.201521,Champion,2024-08-20
3976,Khanyisile Baker,Female,27,Johannesburg,South Africa,-26.242889,28.033155,Champion,2024-09-10
3977,Palesa Miller,Female,53,Glasgow,UK,55.821945,-4.253652,Dormant,2024-02-09
3978,Oliver Thompson,Male,65,Pretoria,South Africa,-25.734926,28.248049,Occasional,2024-02-22
3979,Liam Sithole,Male,62,Liverpool,UK,53.362793,-3.004311,New Customer,2022-07-21
3980,Kabelo Campbell,Male,63,Johannesburg,South Africa,-26.162823,28.080270,Occasional,2024-02-24
3981,Jasmine Clarke,Female,46,Los Angeles,USA,34.036504,-118.214976,Occasional,2022-10-03
3982,Mia Khumalo,Female,25,Sheffield,UK,53.373655,-1.481998,Occasional,2021-05-21
3983,Tshepo Martin,Male,24,Durban,South Africa,-29.866466,31.068724,At Risk,2021-06-09
3984,George Anderson,Male,29,Liverpool,UK,53.447378,-3.000664,Occasional,2024-11-19
3985,Mia Harris,Female,30,Seattle,USA,47.583777,-122.290383,At Risk,2021-05-08
3986,William Thomas,Male,23,Quebec City,Canada,46.859361,-71.242058,New Customer,2024-03-18
3987,Lesedi Nkosi,Male,35,San Jose,USA,37.352533,-121.838106,High Value,2021-02-19
3988,Isabella Roberts,Female,39,Dallas,USA,32.750782,-96.783232,Champion,2022-12-12
3989,Layla Ngcobo,Female,20,Benoni,South Africa,-26.189487,28.352056,Loyal,2023-04-20
3990,Thabo Khumalo,Male,41,Houston,USA,29.794974,-95.345707,Loyal,2021-03-08
3991,Evelyn Carter,Female,24,Durban,South Africa,-29.895440,31.048360,Occasional,2022-11-15
3992,Olivia Hall,Female,42,Newcastle,UK,54.952383,-1.569746,At Risk,2024-11-15
3993,Musa MacKenzie,Male,43,Johannesburg,South Africa,-26.252781,28.012885,Champion,2024-10-07
3994,Nokwanda Martinez,Female,61,Rustenburg,South Africa,-25.690749,27.194430,New Customer,2024-07-07
3995,Cooper Patel,Male,29,Dallas,USA,32.731762,-96.758521,Loyal,2023-10-04
3996,Palesa Scott,Female,62,Brisbane,Australia,-27.516279,153.037220,High Value,2023-05-19
3997,Lachlan Pillay,Male,25,Bloemfontein,South Africa,-29.121299,26.115716,Champion,2022-02-04
3998,Siyanda Kunene,Male,29,Johannesburg,South Africa,-26.235583,28.073663,Occasional,2023-11-21
3999,Oliver Lewis,Male,19,Pietermaritzburg,South Africa,-29.587643,30.341754,Dormant,2022-01-15
4000,Nokukhanya Campbell,Female,57,Soweto,South Africa,-26.277101,27.828584,At Risk,2024-02-24
4001,Musa Mitchell,Male,58,Hamilton,Canada,43.241566,-79.838962,At Risk,2022-11-23
4002,Jasmine Khan,Female,65,Calgary,Canada,51.076008,-114.076663,Occasional,2022-12-20
4003,Nandi Smith,Female,41,Darwin,Australia,-12.491609,130.870533,Loyal,2023-12-03
4004,Thandeka Evans,Female,56,Seattle,USA,47.564249,-122.329076,Occasional,2022-12-23
4005,Nhlanhla Wilson,Male,51,Toronto,Canada,43.698658,-79.406669,New Customer,2023-04-08
4006,Hannah Scott,Female,24,San Diego,USA,32.729686,-117.133975,Champion,2022-01-26
4007,Bongiwe Evans,Female,53,Cape Town,South Africa,-33.968883,18.449136,Loyal,2022-10-04
4008,Lucas Campbell,Male,18,Sydney,Australia,-33.869965,151.164718,Champion,2021-07-19
4009,Zoe Anderson,Female,63,Phoenix,USA,33.452108,-112.083971,Occasional,2024-05-16
4010,Nokukhanya Buthelezi,Female,35,Birmingham,UK,52.494172,-1.911343,Champion,2023-09-17
4011,Jasmine Zwane,Female,43,Houston,USA,29.792273,-95.380249,New Customer,2022-11-18
4012,Noah Wilson,Male,46,Brisbane,Australia,-27.465272,153.029418,High Value,2022-01-13
4013,Priya Murphy,Female,26,Nelspruit,South Africa,-25.467761,31.012665,At Risk,2022-09-26
4014,Benjamin Zwane,Male,59,Leicester,UK,52.628257,-1.164870,Dormant,2023-03-09
4015,Ava Davies,Female,18,Austin,USA,30.315777,-97.729384,Loyal,2021-04-05
4016,Dylan Clarke,Male,52,Phoenix,USA,33.480729,-112.079526,New Customer,2022-11-02
4017,Sophia Mthembu,Female,44,Port Elizabeth,South Africa,-33.976810,25.610097,Loyal,2021-06-11
4018,Alexander Green,Male,53,Toronto,Canada,43.691129,-79.422566,New Customer,2021-11-26
4019,Nandi Moore,Female,45,Austin,USA,30.272370,-97.706430,Champion,2023-06-20
4020,Olivia Khan,Female,44,Pietermaritzburg,South Africa,-29.578859,30.389009,Dormant,2023-06-02
4021,Arjun Pillay,Male,29,Bloemfontein,South Africa,-29.090290,26.147794,Champion,2021-03-25
4022,Hazel Davies,Female,60,Coventry,UK,52.411825,-1.491772,Dormant,2024-09-08
4023,James Martin,Male,57,Sydney,Australia,-33.910344,151.231487,Champion,2021-01-18
4024,Tebogo Thomas,Male,41,Calgary,Canada,51.058658,-114.076321,High Value,2024-08-24
4025,Phindile Thomas,Female,28,Soweto,South Africa,-26.289697,27.899718,Champion,2023-11-09
4026,Lucas Singh,Male,49,Rustenburg,South Africa,-25.619333,27.234379,Champion,2022-12-20
4027,Sophia Green,Female,26,Liverpool,UK,53.374270,-3.018690,New Customer,2023-02-25
4028,Ethan Naidoo,Male,60,Durban,South Africa,-29.890700,31.053570,Champion,2023-12-24
4029,Mohammed Turner,Male,22,London,UK,51.493210,-0.114298,Dormant,2021-08-27
4030,Jackson Moore,Male,42,Edmonton,Canada,53.590222,-113.456933,Occasional,2024-01-13
4031,George Brown,Male,54,Montreal,Canada,45.519758,-73.607992,At Risk,2022-05-21
4032,Lucas Thompson,Male,28,Nelspruit,South Africa,-25.492600,30.949831,High Value,2024-10-17
4033,Jayden Anderson,Male,61,Port Elizabeth,South Africa,-33.964559,25.590778,High Value,2023-04-04
4034,Phindile Roberts,Female,45,Leeds,UK,53.827402,-1.562650,Occasional,2021-12-28
4035,Ntombifuthi Perez,Female,40,Winnipeg,Canada,49.885770,-97.097505,Occasional,2021-11-16
4036,Brandon Zulu,Male,27,Birmingham,UK,52.525295,-1.844159,Champion,2021-05-05
4037,Samantha Robinson,Female,54,Miami,USA,25.750158,-80.197686,Champion,2024-05-09
4038,Busisiwe Nkosi,Female,61,Port Elizabeth,South Africa,-33.987579,25.644093,Champion,2021-02-28
4039,Amanda Smith,Female,23,Newcastle,UK,55.004084,-1.571970,Champion,2022-02-03
4040,Siyanda Thompson,Male,46,East London,South Africa,-33.043603,27.903163,New Customer,2023-01-12
4041,Alexander Clarke,Male,28,Chicago,USA,41.889613,-87.616960,Champion,2024-06-04
4042,Jackson Hall,Male,37,Benoni,South Africa,-26.169857,28.300370,Dormant,2021-06-12
4043,Brittany MacDonald,Female,18,Canberra,Australia,-35.232183,149.122167,Occasional,2024-07-23
4044,Marcus Kunene,Male,18,Pretoria,South Africa,-25.741263,28.203697,Dormant,2023-08-19
4045,Kabelo Mitchell,Male,30,Cairns,Australia,-16.898209,145.771050,Occasional,2022-03-01
4046,Lily Govender,Female,44,Philadelphia,USA,39.980874,-75.164946,Occasional,2024-03-27
4047,Sandile Turner,Male,34,Johannesburg,South Africa,-26.164970,28.083766,High Value,2024-04-14
4048,Lesedi Brown,Male,19,Polokwane,South Africa,-23.871579,29.464728,New Customer,2023-07-18
4049,Henry Clarke,Male,29,Sydney,Australia,-33.880451,151.224776,High Value,2022-06-05
4050,Samuel Price,Male,19,Kimberley,South Africa,-28.721386,24.775353,Loyal,2023-02-16
4051,Brianna Lewis,Female,29,Bloemfontein,South Africa,-29.128975,26.201571,Occasional,2024-01-13
4052,Oliver Smith,Male,63,Port Elizabeth,South Africa,-33.975635,25.583904,Loyal,2024-02-24
4053,Logan Zwane,Male,22,Quebec City,Canada,46.783530,-71.211876,New Customer,2021-03-23
4054,Vikram Campbell,Male,52,Edinburgh,UK,55.914112,-3.164409,Dormant,2024-05-26
4055,Kabelo Kunene,Male,55,Halifax,Canada,44.646142,-63.579710,Champion,2021-06-28
4056,Amelia Davies,Female,40,Port Elizabeth,South Africa,-33.933737,25.557776,Occasional,2021-11-27
4057,Nhlanhla Robinson,Male,46,Philadelphia,USA,39.961884,-75.144423,High Value,2023-02-12
4058,Jennifer Phillips,Female,64,Perth,Australia,-31.920615,115.814183,New Customer,2024-04-01
4059,Noah Thomas,Male,50,Montreal,Canada,45.544433,-73.535548,New Customer,2024-10-14
4060,Jayden Wood,Male,46,New York,USA,40.748603,-74.046136,High Value,2023-11-12
4061,Abigail Jones,Female,39,Johannesburg,South Africa,-26.184148,28.055679,New Customer,2021-07-11
4062,Hazel Smith,Female,53,Pretoria,South Africa,-25.763775,28.216900,Champion,2023-09-27
4063,Lachlan Evans,Male,52,Austin,USA,30.308194,-97.744139,High Value,2023-03-01
4064,Layla Hall,Female,47,East London,South Africa,-32.972803,27.884107,High Value,2024-02-14
4065,Benjamin Robinson,Male,46,Philadelphia,USA,39.941710,-75.185579,Dormant,2021-12-23
4066,Isabella Nelson,Female,65,Philadelphia,USA,39.983585,-75.137871,New Customer,2021-03-15
4067,Jackson Hlongwane,Male,50,Pietermaritzburg,South Africa,-29.559457,30.412754,New Customer,2021-11-27
4068,Lerato Zulu,Female,26,Sheffield,UK,53.343097,-1.498847,At Risk,2021-12-04
4069,Musa Jackson,Male,33,Durban,South Africa,-29.823641,31.034392,Loyal,2021-02-28
4070,Ntombifuthi Govender,Female,23,San Antonio,USA,29.380360,-98.476998,At Risk,2021-02-28
4071,Bongani Sithole,Male,64,Bristol,UK,51.493943,-2.568819,Loyal,2022-06-28
4072,Liam Clarke,Male,41,Hamilton,Canada,43.213933,-79.885492,High Value,2024-12-26
4073,Emily Price,Female,50,Liverpool,UK,53.406287,-2.976270,Dormant,2023-10-07
4074,Hunter Davies,Male,48,Winnipeg,Canada,49.849699,-97.130856,Champion,2024-11-09
4075,Kabelo Brown,Male,62,Halifax,Canada,44.645881,-63.616928,Champion,2021-02-12
4076,Cooper Miller,Male,59,Leicester,UK,52.608075,-1.111468,New Customer,2021-09-02
4077,Tshepo Adams,Male,55,Los Angeles,USA,34.048111,-118.284564,Dormant,2024-10-24
4078,Leo Phillips,Male,20,Miami,USA,25.804354,-80.207377,High Value,2024-05-27
4079,Lesedi Zwane,Male,59,Durban,South Africa,-29.906732,31.035394,New Customer,2024-10-24
4080,Lauren Martin,Female,56,Benoni,South Africa,-26.148649,28.284239,New Customer,2021-09-06
4081,Phindile Adams,Female,41,Liverpool,UK,53.414085,-2.995233,Champion,2024-12-12
4082,Nora Evans,Female,34,New York,USA,40.669237,-74.009942,Occasional,2024-05-28
4083,Brianna Robinson,Female,57,Birmingham,UK,52.511409,-1.870689,New Customer,2023-01-21
4084,Nozipho Taylor,Female,57,Leicester,UK,52.608979,-1.178284,Dormant,2021-06-11
4085,Noah Zulu,Male,37,San Jose,USA,37.328445,-121.858565,New Customer,2021-09-26
4086,Sibusiso Wood,Male,25,Glasgow,UK,55.822672,-4.270184,Champion,2021-10-05
4087,Jayden Zulu,Male,19,Philadelphia,USA,39.966722,-75.207845,New Customer,2021-12-06
4088,Liam Patel,Male,61,Chicago,USA,41.860168,-87.599196,Loyal,2022-12-11
4089,Ashley MacKenzie,Female,62,Nottingham,UK,52.995001,-1.180156,Loyal,2023-07-16
4090,Samuel Ntuli,Male,62,Soweto,South Africa,-26.271834,27.898900,High Value,2021-11-03
4091,Henry Wood,Male,34,Los Angeles,USA,34.020430,-118.205696,New Customer,2024-03-04
4092,Siyanda Shabalala,Male,52,New York,USA,40.755231,-73.965668,New Customer,2024-02-12
4093,Isabella Garcia,Female,25,Perth,Australia,-31.924276,115.885314,Champion,2022-03-07
4094,Yusuf Singh,Male,28,Belfast,UK,54.627503,-5.928356,Champion,2024-07-01
4095,Sibongile Ndlovu,Female,57,Port Elizabeth,South Africa,-33.955476,25.578184,Occasional,2021-05-10
4096,Mandla Taylor,Male,24,Glasgow,UK,55.872828,-4.225948,High Value,2022-01-28
4097,Isabella Khan,Female,63,Denver,USA,39.746891,-104.982032,At Risk,2021-12-24
4098,Benjamin Smith,Male,52,Denver,USA,39.753833,-104.971954,Loyal,2024-12-07
4099,Olivia Moore,Female,24,Soweto,South Africa,-26.314232,27.883283,High Value,2023-02-09
4100,Brandon Walker,Male,26,San Jose,USA,37.311017,-121.837424,Occasional,2023-04-04
4101,Nora MacDonald,Female,39,Liverpool,UK,53.421687,-2.968462,Champion,2024-02-15
4102,Charlotte Dlamini,Female,50,Port Elizabeth,South Africa,-33.935509,25.599981,High Value,2023-03-17
4103,Mohammed Khumalo,Male,65,Edinburgh,UK,55.945880,-3.145076,At Risk,2022-12-03
4104,Nozipho Price,Female,33,Sheffield,UK,53.419908,-1.482551,At Risk,2021-02-28
4105,Mason Ngcobo,Male,62,Port Elizabeth,South Africa,-33.983231,25.592215,Dormant,2023-02-06
4106,Nokwanda Shabalala,Female,27,Dallas,USA,32.751928,-96.784245,New Customer,2024-08-06
4107,Connor Davies,Male,19,Edmonton,Canada,53.587582,-113.463868,Champion,2022-09-18
4108,Sophia Majola,Female,55,Canberra,Australia,-35.293409,149.100128,Loyal,2021-02-14
4109,Benjamin Masondo,Male,23,East London,South Africa,-33.037539,27.908393,Champion,2024-04-13
4110,Lachlan Anderson,Male,19,Sheffield,UK,53.364591,-1.439730,Dormant,2022-03-08
4111,Ella Garcia,Female,41,San Antonio,USA,29.439735,-98.471974,High Value,2023-06-11
4112,Thabo Zwane,Male,63,Los Angeles,USA,34.051895,-118.238536,New Customer,2024-01-13
4113,Caleb Taylor,Male,26,Cardiff,UK,51.484803,-3.187041,High Value,2022-08-16
4114,Lungelo Murray,Male,49,Kimberley,South Africa,-28.776126,24.748555,High Value,2022-11-13
4115,Yusuf Wilson,Male,29,Brisbane,Australia,-27.455338,153.008866,At Risk,2022-07-11
4116,Lungelo Mnguni,Male,57,Miami,USA,25.793489,-80.153819,Dormant,2023-06-12
4117,Lerato Pillay,Female,48,Ottawa,Canada,45.445606,-75.738792,Champion,2021-03-08
4118,Priya Fraser,Female,27,Austin,USA,30.274331,-97.768261,Champion,2023-07-12
4119,Lucas Mthembu,Male,20,Soweto,South Africa,-26.305109,27.837817,Occasional,2023-02-11
4120,James Fraser,Male,40,Sandton,South Africa,-26.089825,28.083376,Champion,2024-05-07
4121,Ethan Dlamini,Male,61,Nottingham,UK,52.948710,-1.205594,Occasional,2023-11-09
4122,Tshepo Robertson,Male,55,Nelspruit,South Africa,-25.433425,30.946618,Loyal,2021-04-18
4123,Mandla Brown,Male,41,Leeds,UK,53.756512,-1.562042,Loyal,2022-03-20
4124,Emma Turner,Female,30,Chicago,USA,41.878597,-87.640469,New Customer,2021-05-19
4125,Sandile Khan,Male,51,Sandton,South Africa,-26.100550,28.023316,At Risk,2021-09-01
4126,Emily Shabalala,Female,43,Pretoria,South Africa,-25.787414,28.218674,Loyal,2021-02-25
4127,Sophia Davies,Female,29,Dallas,USA,32.775582,-96.814406,Loyal,2024-02-02
4128,Caleb Harris,Male,29,Cairns,Australia,-16.947000,145.782314,Dormant,2021-01-25
4129,Marcus Anderson,Male,48,Brisbane,Australia,-27.502715,153.026165,At Risk,2023-01-03
4130,Charlotte Kunene,Female,27,Newcastle,UK,54.986517,-1.647501,Loyal,2023-06-15
4131,Ayanda Clarke,Female,50,Calgary,Canada,51.064644,-114.119802,High Value,2023-03-09
4132,William Zulu,Male,23,Soweto,South Africa,-26.280382,27.849545,New Customer,2023-03-11
4133,Olivia Turner,Female,33,Gold Coast,Australia,-27.976649,153.352799,Occasional,2023-10-16
4134,Nathan Buthelezi,Male,41,Soweto,South Africa,-26.225595,27.854823,At Risk,2021-01-13
4135,Aria Davies,Female,49,Halifax,Canada,44.618785,-63.592442,Occasional,2024-03-19
4136,Amelia Majola,Female,49,Soweto,South Africa,-26.280543,27.889698,Dormant,2021-09-17
4137,Yusuf Green,Male,20,Darwin,Australia,-12.466227,130.880907,Loyal,2022-12-21
4138,Amanda Ngcobo,Female,34,Miami,USA,25.811387,-80.150767,Loyal,2021-11-01
4139,Mia Green,Female,58,Miami,USA,25.799442,-80.215793,Loyal,2021-01-10
4140,Vikram Martin,Male,22,Belfast,UK,54.560071,-5.880856,New Customer,2022-08-03
4141,Neha Ntuli,Female,43,Birmingham,UK,52.481640,-1.918417,Dormant,2021-12-02
4142,Siyanda Robertson,Male,49,Leeds,UK,53.835274,-1.573061,At Risk,2022-04-06
4143,Aria Jones,Female,42,Quebec City,Canada,46.815366,-71.183891,Occasional,2021-10-18
4144,Harper Hughes,Female,19,Coventry,UK,52.384668,-1.541300,New Customer,2024-01-18
4145,Kayla Ntuli,Female,35,Liverpool,UK,53.401600,-3.027966,Dormant,2024-12-01
4146,Fatima Masondo,Female,32,Philadelphia,USA,39.913567,-75.145031,At Risk,2023-10-01
4147,Neha Govender,Female,43,Nottingham,UK,52.987429,-1.176974,Champion,2024-08-21
4148,Owen Patel,Male,63,Birmingham,UK,52.452667,-1.846675,Loyal,2023-07-24
4149,Chloe Murray,Female,45,New York,USA,40.741269,-73.992673,Champion,2022-05-12
4150,William Pillay,Male,27,Polokwane,South Africa,-23.952715,29.447195,Champion,2023-02-14
4151,Samantha Reddy,Female,38,Cairns,Australia,-16.960311,145.759932,At Risk,2021-07-28
4152,Abigail Cele,Female,44,Pretoria,South Africa,-25.709715,28.190178,Occasional,2023-10-25
4153,Emily Adams,Female,60,Johannesburg,South Africa,-26.241349,28.082656,Loyal,2024-09-20
4154,Chloe Johnson,Female,19,Seattle,USA,47.578026,-122.306200,New Customer,2024-04-16
4155,Cooper Miller,Male,63,Birmingham,UK,52.535262,-1.903377,Dormant,2023-12-04
4156,Ella Clarke,Female,60,Manchester,UK,53.448405,-2.228788,At Risk,2024-04-14
4157,Busisiwe Patel,Female,20,Denver,USA,39.715313,-104.945355,Loyal,2024-08-04
4158,Jack Murphy,Male,41,Darwin,Australia,-12.438180,130.861356,Champion,2021-06-28
4159,Nozipho Evans,Female,37,Bloemfontein,South Africa,-29.073487,26.164582,High Value,2022-10-10
4160,Carter Walker,Male,48,Johannesburg,South Africa,-26.214004,28.065335,New Customer,2022-05-28
4161,George Dlamini,Male,64,Edmonton,Canada,53.575185,-113.445413,Champion,2021-10-11
4162,William Mkhize,Male,65,Nelspruit,South Africa,-25.465330,30.966708,High Value,2023-05-08
4163,Thandeka Carter,Female,26,Rustenburg,South Africa,-25.673834,27.270518,Occasional,2022-03-07
4164,Benjamin Hughes,Male,55,Montreal,Canada,45.535963,-73.530346,Champion,2022-07-08
4165,Tshepo Sithole,Male,19,Pretoria,South Africa,-25.708871,28.212365,New Customer,2021-06-23
4166,James Robertson,Male,35,Cairns,Australia,-16.913495,145.787742,Loyal,2021-07-20
4167,Neha Khan,Female,60,Belfast,UK,54.635824,-5.966721,Champion,2022-10-11
4168,Anisha MacDonald,Female,25,Nottingham,UK,52.905011,-1.190173,High Value,2024-10-27
4169,Lungelo Thomson,Male,30,Austin,USA,30.304973,-97.727636,At Risk,2024-05-24
4170,Nhlanhla Turner,Male,32,Bloemfontein,South Africa,-29.041273,26.126563,At Risk,2021-05-26
4171,Ella Patel,Female,55,Bloemfontein,South Africa,-29.081339,26.124612,Loyal,2022-01-05
4172,Lauren Khan,Female,44,Johannesburg,South Africa,-26.168187,28.014531,New Customer,2021-03-13
4173,Alexis Carter,Female,49,Houston,USA,29.792979,-95.370880,High Value,2022-07-18
4174,Brianna Nkosi,Female,58,Vancouver,Canada,49.267347,-123.139163,At Risk,2022-01-21
4175,Zanele Perez,Female,53,Benoni,South Africa,-26.205144,28.306388,High Value,2021-05-03
4176,Sibongile Patel,Female,20,Leeds,UK,53.815092,-1.512282,New Customer,2022-12-08
4177,Mohammed Nelson,Male,58,Austin,USA,30.237620,-97.727827,Occasional,2022-03-04
4178,Liam Nelson,Male,39,Pretoria,South Africa,-25.796971,28.181184,New Customer,2021-07-05
4179,Zanele Vilakazi,Female,52,San Antonio,USA,29.445637,-98.491066,New Customer,2024-12-26
4180,Mohammed Vilakazi,Male,21,Bloemfontein,South Africa,-29.050426,26.163218,Champion,2021-02-19
4181,Isabella Roberts,Female,49,Benoni,South Africa,-26.156943,28.357178,Occasional,2024-01-14
4182,Charlotte Govender,Female,49,Edinburgh,UK,55.933335,-3.218867,At Risk,2024-02-09
4183,Lindiwe White,Female,35,Phoenix,USA,33.416790,-112.105662,Dormant,2024-12-03
4184,Fatima Ntuli,Female,28,Los Angeles,USA,34.004980,-118.199578,Loyal,2021-05-14
4185,Owen Clarke,Male,21,Sandton,South Africa,-26.099539,28.044545,Occasional,2021-09-21
4186,Nandi Singh,Female,37,Sheffield,UK,53.362153,-1.445529,High Value,2023-09-16
4187,Ravi Phillips,Male,48,Newcastle,UK,55.015002,-1.579145,Champion,2024-01-28
4188,Lesedi Shabalala,Male,30,Atlanta,USA,33.749300,-84.437350,Dormant,2021-12-27
4189,Sipho Hall,Male,26,Pretoria,South Africa,-25.782516,28.228376,Occasional,2022-02-08
4190,Palesa Price,Female,44,Polokwane,South Africa,-23.891487,29.479649,Dormant,2023-06-03
4191,Ethan Dlamini,Male,56,Cairns,Australia,-16.889566,145.772823,High Value,2023-04-23
4192,Grace Jones,Female,64,San Diego,USA,32.706386,-117.142797,Occasional,2022-09-16
4193,Lily Ntuli,Female,46,Pretoria,South Africa,-25.774732,28.193310,Occasional,2023-12-18
4194,Ryan Perez,Male,55,Houston,USA,29.740795,-95.399760,High Value,2023-03-21
4195,Emma Davis,Female,47,Coventry,UK,52.433629,-1.490785,At Risk,2022-03-24
4196,Harper Brown,Female,32,Philadelphia,USA,39.948298,-75.144263,High Value,2021-12-20
4197,Neha Brown,Female,26,Liverpool,UK,53.417042,-3.001174,At Risk,2022-11-17
4198,Logan Murphy,Male,35,Dallas,USA,32.767913,-96.814908,Dormant,2023-03-26
4199,Nathan Mahlangu,Male,63,San Jose,USA,37.312879,-121.885980,Champion,2021-02-27
4200,Palesa Kunene,Female,65,Melbourne,Australia,-37.839782,144.959459,Loyal,2024-12-18
4201,Alexander Wilson,Male,49,Pretoria,South Africa,-25.698223,28.204677,New Customer,2021-11-17
4202,Liam Walker,Male,30,Pietermaritzburg,South Africa,-29.552664,30.377398,High Value,2022-05-13
4203,Khanyisile Mitchell,Female,55,Darwin,Australia,-12.477380,130.862953,High Value,2023-05-28
4204,Nandi MacDonald,Female,56,Coventry,UK,52.382362,-1.470776,Occasional,2023-11-13
4205,Mia Miller,Female,44,Bloemfontein,South Africa,-29.051410,26.147470,Occasional,2024-08-27
4206,Lily Zwane,Female,29,Sydney,Australia,-33.887122,151.197765,Loyal,2022-04-05
4207,Fatima Davies,Female,25,Nelspruit,South Africa,-25.504323,30.989060,New Customer,2024-04-16
4208,Isabella Hughes,Female,46,Cairns,Australia,-16.897557,145.732030,Loyal,2022-03-21
4209,Ava Mokoena,Female,20,Canberra,Australia,-35.238585,149.175507,Champion,2022-04-04
4210,Ella Jones,Female,29,Quebec City,Canada,46.861627,-71.232495,Dormant,2021-02-24
4211,Jennifer Reddy,Female,60,Houston,USA,29.809474,-95.364042,Occasional,2024-11-21
4212,Nandi Green,Female,41,Los Angeles,USA,34.094661,-118.214468,Champion,2021-06-27
4213,Amelia Vilakazi,Female,62,Winnipeg,Canada,49.866850,-97.126717,Occasional,2021-10-05
4214,Lauren Masondo,Female,45,Canberra,Australia,-35.263242,149.170152,Dormant,2024-08-04
4215,Mia Price,Female,31,Pietermaritzburg,South Africa,-29.620364,30.410220,Champion,2024-12-20
4216,Sophia Baker,Female,24,Leicester,UK,52.623985,-1.129743,New Customer,2021-12-27
4217,Lungelo Wilson,Male,29,Bloemfontein,South Africa,-29.055909,26.115301,Occasional,2023-12-25
4218,Harry Green,Male,57,Newcastle,UK,54.932287,-1.657512,Loyal,2024-06-02
4219,Emily Campbell,Female,53,Toronto,Canada,43.646833,-79.339609,Loyal,2023-11-12
4220,Kayla Price,Female,51,Seattle,USA,47.631192,-122.344896,Loyal,2021-03-23
4221,Bongiwe Campbell,Female,54,Hamilton,Canada,43.207021,-79.847598,At Risk,2023-02-21
4222,Connor Martinez,Male,23,Atlanta,USA,33.795341,-84.345873,High Value,2021-06-06
4223,Kayla Walker,Female,35,Belfast,UK,54.603450,-5.888078,At Risk,2024-03-28
4224,Aria Vilakazi,Female,29,Brisbane,Australia,-27.426204,153.014951,Loyal,2021-01-07
4225,Alexis Mnguni,Female,59,Chicago,USA,41.917146,-87.640172,Loyal,2024-02-09
4226,Amanda Thomas,Female,50,Coventry,UK,52.449195,-1.551215,Loyal,2021-02-06
4227,Kabelo Ngcobo,Male,63,Edinburgh,UK,55.938699,-3.233236,At Risk,2024-08-12
4228,Caleb Anderson,Male,30,Melbourne,Australia,-37.844123,144.995520,High Value,2024-02-28
4229,Hazel Brown,Female,44,Glasgow,UK,55.886291,-4.233608,Dormant,2022-01-15
4230,Ethan Roberts,Male,28,Newcastle,UK,54.993921,-1.569589,Loyal,2022-11-14
4231,Owen Harris,Male,45,Adelaide,Australia,-34.926020,138.629689,High Value,2023-03-24
4232,Samantha Stewart,Female,55,Cairns,Australia,-16.961738,145.802469,Loyal,2022-06-12
4233,Nkosi Smith,Male,48,Houston,USA,29.754585,-95.411086,Champion,2022-07-27
4234,Jack Mthembu,Male,63,Rustenburg,South Africa,-25.668358,27.210811,Champion,2023-03-19
4235,Hunter Reddy,Male,20,Phoenix,USA,33.489520,-112.111169,At Risk,2022-05-27
4236,Ella Singh,Female,23,Montreal,Canada,45.537610,-73.599778,Loyal,2023-02-03
4237,Nobuhle Majola,Female,54,Glasgow,UK,55.867493,-4.299405,High Value,2024-12-26
4238,Charlotte Evans,Female,21,Seattle,USA,47.649040,-122.345238,High Value,2021-06-10
4239,Ayanda Wilson,Female,22,Birmingham,UK,52.441912,-1.909487,Loyal,2023-03-18
4240,Tebogo Fraser,Male,54,Bloemfontein,South Africa,-29.043633,26.147203,Occasional,2023-04-15
4241,Nozipho Turner,Female,44,Cardiff,UK,51.510582,-3.133141,Dormant,2023-03-02
4242,Luna Buthelezi,Female,43,Leeds,UK,53.765890,-1.565126,Loyal,2022-10-05
4243,Musa Ndlovu,Male,42,Dallas,USA,32.747118,-96.754306,Occasional,2023-09-16
4244,Lesedi White,Male,44,Sheffield,UK,53.426618,-1.514409,Loyal,2024-11-21
4245,Logan Wood,Male,51,Cape Town,South Africa,-33.955365,18.468443,Loyal,2022-10-25
4246,Musa MacKenzie,Male,19,Cardiff,UK,51.530547,-3.209635,At Risk,2022-06-25
4247,Vikram Kunene,Male,47,Canberra,Australia,-35.272151,149.149679,At Risk,2022-09-26
4248,Palesa Ngcobo,Female,50,Philadelphia,USA,39.916448,-75.149951,Champion,2021-07-26
4249,Dylan Garcia,Male,35,Port Elizabeth,South Africa,-33.986070,25.581871,High Value,2022-06-10
4250,Mia Roberts,Female,37,Pietermaritzburg,South Africa,-29.567378,30.391971,At Risk,2023-11-21
4251,Mandla Nkosi,Male,53,Johannesburg,South Africa,-26.233307,28.000259,At Risk,2023-01-18
4252,Sophia Ntuli,Female,45,Durban,South Africa,-29.827986,31.000130,New Customer,2021-11-25
4253,Ava Davis,Female,21,San Jose,USA,37.336797,-121.871838,At Risk,2023-04-09
4254,Chloe Price,Female,36,Miami,USA,25.742249,-80.230207,High Value,2023-03-03
4255,Ava Adams,Female,39,Birmingham,UK,52.533769,-1.846763,Loyal,2022-02-19
4256,Sofia Ndlovu,Female,59,Dallas,USA,32.773465,-96.772814,Loyal,2022-02-24
4257,Luna Miller,Female,44,Hamilton,Canada,43.209379,-79.892877,High Value,2021-04-27
4258,Lindiwe Mthembu,Female,58,Montreal,Canada,45.480905,-73.538325,Dormant,2022-07-09
4259,Nkosi Baker,Male,45,Kimberley,South Africa,-28.702424,24.727963,Loyal,2023-10-20
4260,Grace Mkhize,Female,52,Darwin,Australia,-12.425760,130.824124,New Customer,2022-07-14
4261,Abigail Scott,Female,45,Edinburgh,UK,55.954182,-3.162129,Champion,2021-10-11
4262,Liam Carter,Male,39,Hobart,Australia,-42.848225,147.320963,Dormant,2024-11-14
4263,Ntombifuthi Nelson,Female,40,Ottawa,Canada,45.422339,-75.690074,Dormant,2021-04-08
4264,Nokukhanya Martinez,Female,23,Phoenix,USA,33.445403,-112.042865,At Risk,2021-11-06
4265,Olivia Khumalo,Female,48,Polokwane,South Africa,-23.920031,29.517149,Occasional,2024-09-18
4266,Layla Johnson,Female,30,Darwin,Australia,-12.439721,130.854516,At Risk,2021-01-12
4267,Tyler Lewis,Male,53,Nelspruit,South Africa,-25.448675,30.952097,Loyal,2021-03-14
4268,Karabo Smith,Male,58,Seattle,USA,47.575353,-122.340882,At Risk,2023-11-24
4269,Nobuhle Jones,Female,53,Winnipeg,Canada,49.883263,-97.135871,Loyal,2021-04-05
4270,Nora Pillay,Female,26,Coventry,UK,52.445480,-1.511509,Loyal,2022-08-11
4271,Amelia Murphy,Female,46,Belfast,UK,54.621836,-5.950676,New Customer,2023-12-12
4272,Jennifer Jackson,Female,20,Newcastle,UK,54.973498,-1.643060,New Customer,2021-05-16
4273,Samuel Carter,Male,57,Winnipeg,Canada,49.903261,-97.110503,Dormant,2022-03-24
4274,Grace Thompson,Female,58,Miami,USA,25.764915,-80.172869,New Customer,2022-04-26
4275,Olivia MacKenzie,Female,20,San Diego,USA,32.753414,-117.162204,Occasional,2024-02-06
4276,Jacob Khan,Male,21,Durban,South Africa,-29.876624,31.007370,Champion,2023-08-12
4277,Khanyisile Mahlangu,Female,48,Gold Coast,Australia,-28.024173,153.435078,At Risk,2022-03-02
4278,Sibusiso Baker,Male,52,Philadelphia,USA,39.942974,-75.183453,Loyal,2024-03-20
4279,Alexander Phillips,Male,41,East London,South Africa,-33.063658,27.955370,New Customer,2023-06-20
4280,Evelyn Govender,Female,52,Dallas,USA,32.791288,-96.757102,High Value,2022-05-15
4281,Ella Evans,Female,36,Port Elizabeth,South Africa,-34.000219,25.607028,Champion,2024-01-13
4282,Benjamin Carter,Male,43,Halifax,Canada,44.618951,-63.529169,Loyal,2022-01-02
4283,Olivia Wilson,Female,61,Atlanta,USA,33.719697,-84.349889,Occasional,2023-04-28
4284,Sibongile Adams,Female,62,Calgary,Canada,51.020845,-114.044219,New Customer,2024-07-19
4285,Brianna Evans,Female,44,Phoenix,USA,33.407015,-112.048693,Loyal,2022-03-09
4286,Vikram Adams,Male,19,Austin,USA,30.249885,-97.778606,Champion,2024-02-12
4287,Palesa Lewis,Female,61,Miami,USA,25.798772,-80.195015,Champion,2024-05-13
4288,William Vilakazi,Male,51,Seattle,USA,47.652736,-122.316493,High Value,2021-10-14
4289,Themba Clarke,Male,48,New York,USA,40.728077,-74.053897,Loyal,2023-07-03
4290,Bongiwe Fraser,Female,30,San Diego,USA,32.742172,-117.210285,Dormant,2024-07-22
4291,Olivia Naidoo,Female,61,Gold Coast,Australia,-27.997203,153.368590,Champion,2022-11-28
4292,Sibusiso Wilson,Male,49,Chicago,USA,41.870455,-87.648963,High Value,2022-01-19
4293,Mia Smith,Female,57,Newcastle,UK,54.929184,-1.613829,Occasional,2021-01-18
4294,Emma Turner,Female,29,Phoenix,USA,33.432159,-112.074477,At Risk,2024-02-04
4295,Noah Martinez,Male,24,Denver,USA,39.762091,-105.001945,Loyal,2023-04-19
4296,Tyler Vilakazi,Male,29,London,UK,51.527032,-0.084652,Occasional,2021-08-17
4297,Sandile Mitchell,Male,39,Bloemfontein,South Africa,-29.066044,26.197320,New Customer,2023-09-15
4298,Sibongile Dlamini,Female,57,Benoni,South Africa,-26.196214,28.356120,High Value,2023-02-11
4299,Liam Adams,Male,52,Hobart,Australia,-42.847320,147.365122,Champion,2022-02-27
4300,Harry Brown,Male,36,Houston,USA,29.724751,-95.352119,Champion,2024-03-24
4301,Nobuhle Lewis,Female,61,Calgary,Canada,51.014816,-114.033082,At Risk,2024-06-02
4302,Elijah Scott,Male,59,Melbourne,Australia,-37.825868,144.973469,Occasional,2021-04-02
4303,Jennifer Carter,Female,32,Sandton,South Africa,-26.131406,28.045252,At Risk,2021-08-03
4304,Ravi Hlongwane,Male,29,Atlanta,USA,33.798582,-84.359621,Occasional,2021-10-04
4305,Neha Taylor,Female,39,Los Angeles,USA,34.059690,-118.266596,Champion,2023-11-05
4306,Aria Zwane,Female,63,Bristol,UK,51.436736,-2.585284,High Value,2024-07-09
4307,Mason MacDonald,Male,26,Atlanta,USA,33.771288,-84.357956,New Customer,2024-12-04
4308,Chloe Molefe,Female,20,Los Angeles,USA,34.030639,-118.229743,High Value,2021-03-02
4309,Thabo Zulu,Male,28,Sheffield,UK,53.415584,-1.464965,At Risk,2022-12-07
4310,Jayden Thomas,Male,51,Rustenburg,South Africa,-25.652972,27.261792,New Customer,2024-05-11
4311,Tyler Perez,Male,51,Ottawa,Canada,45.471051,-75.733122,High Value,2022-01-15
4312,Abigail Adams,Female,20,Leicester,UK,52.669222,-1.145565,At Risk,2022-01-23
4313,Mia Jones,Female,24,Benoni,South Africa,-26.157351,28.354607,New Customer,2021-11-15
4314,Nomsa Kunene,Female,57,Benoni,South Africa,-26.199559,28.303468,At Risk,2023-05-07
4315,Ava Wilson,Female,25,Miami,USA,25.792605,-80.194338,New Customer,2023-04-20
4316,Jack Campbell,Male,23,Liverpool,UK,53.410815,-3.039638,At Risk,2023-11-08
4317,Lucas Anderson,Male,57,Chicago,USA,41.927641,-87.659427,Occasional,2021-07-11
4318,Harper Evans,Female,31,Sheffield,UK,53.355075,-1.475638,High Value,2023-08-19
4319,George MacKenzie,Male,47,Rustenburg,South Africa,-25.647991,27.288423,High Value,2022-09-24
4320,Aisha Wilson,Female,37,Toronto,Canada,43.621457,-79.338676,High Value,2023-08-07
4321,Liam Naidoo,Male,64,Durban,South Africa,-29.861824,31.045562,High Value,2021-02-02
4322,Harper Thomas,Female,60,Johannesburg,South Africa,-26.236846,28.016034,Champion,2021-01-21
4323,Jordan Davies,Male,28,Austin,USA,30.301447,-97.772615,At Risk,2021-07-23
4324,Henry Wood,Male,53,Nottingham,UK,52.966180,-1.145099,New Customer,2022-02-18
4325,Oliver Harris,Male,36,Denver,USA,39.713765,-104.950523,Occasional,2022-05-13
4326,Emily Dlamini,Female,46,Chicago,USA,41.918315,-87.583031,At Risk,2021-11-20
4327,Olivia Brown,Female,27,Kimberley,South Africa,-28.725243,24.795689,High Value,2024-07-19
4328,Harper Campbell,Female,49,Canberra,Australia,-35.246280,149.179132,New Customer,2024-01-28
4329,William MacDonald,Male,63,Dallas,USA,32.807125,-96.771046,New Customer,2021-09-28
4330,Mason Robinson,Male,38,Benoni,South Africa,-26.224758,28.334358,Dormant,2024-05-18
4331,William Molefe,Male,18,Durban,South Africa,-29.865403,31.040173,At Risk,2024-03-16
4332,Ravi Phillips,Male,53,Montreal,Canada,45.461966,-73.547771,Champion,2022-12-18
4333,Thabo Thomson,Male,30,Hobart,Australia,-42.914998,147.371314,High Value,2021-01-26
4334,Hannah Davies,Female,45,Sandton,South Africa,-26.142264,28.098019,New Customer,2021-04-26
4335,Amelia Pillay,Female,25,Sydney,Australia,-33.874440,151.251185,Occasional,2022-11-13
4336,George Taylor,Male,64,Darwin,Australia,-12.440181,130.832900,At Risk,2024-12-12
4337,Carter Shabalala,Male,35,San Antonio,USA,29.424545,-98.495999,Loyal,2022-03-10
4338,Benjamin Wood,Male,21,Belfast,UK,54.578408,-5.961838,New Customer,2023-02-15
4339,Mohammed Stewart,Male,39,London,UK,51.543871,-0.095132,At Risk,2024-07-23
4340,Lucas Carter,Male,48,Birmingham,UK,52.487195,-1.852827,New Customer,2021-02-03
4341,Henry Martinez,Male,18,San Jose,USA,37.335262,-121.888479,At Risk,2023-08-05
4342,Ethan Vilakazi,Male,41,Leicester,UK,52.677879,-1.133561,Occasional,2021-02-17
4343,Zanele Thompson,Female,23,Polokwane,South Africa,-23.866958,29.453376,New Customer,2023-08-03
4344,Sophia Majola,Female,28,Philadelphia,USA,39.978561,-75.167455,Loyal,2023-09-13
4345,Ntombifuthi Walker,Female,61,Cairns,Australia,-16.945859,145.813943,Loyal,2021-04-17
4346,Aisha Brown,Female,51,Coventry,UK,52.396899,-1.483553,Loyal,2023-11-26
4347,Lauren Baker,Female,36,Miami,USA,25.722399,-80.212297,Loyal,2024-01-20
4348,Liam MacKenzie,Male,19,Leicester,UK,52.592363,-1.177153,Dormant,2023-06-02
4349,Sophia Moore,Female,35,Adelaide,Australia,-34.944505,138.625857,Occasional,2024-11-18
4350,Ayanda Mitchell,Female,56,Calgary,Canada,51.005316,-114.050255,Loyal,2023-07-11
4351,Henry Thompson,Male,64,Sydney,Australia,-33.860763,151.196240,New Customer,2021-04-17
4352,Zoe Martinez,Female,62,Rustenburg,South Africa,-25.692258,27.247204,Dormant,2021-04-05
4353,Jasmine Dlamini,Female,32,Polokwane,South Africa,-23.874345,29.437366,Occasional,2022-11-21
4354,Nokukhanya Jones,Female,59,Pretoria,South Africa,-25.730302,28.219239,New Customer,2023-02-26
4355,Destiny Evans,Female,48,Calgary,Canada,51.091479,-114.061008,Occasional,2023-11-19
4356,Nora Thompson,Female,44,East London,South Africa,-33.009050,27.872014,Champion,2021-08-14
4357,Ntombifuthi Green,Female,53,Pretoria,South Africa,-25.793715,28.275086,Occasional,2024-05-27
4358,Ravi Adams,Male,48,Belfast,UK,54.583484,-5.959674,At Risk,2023-08-08
4359,Nozipho Miller,Female,18,Nottingham,UK,52.905445,-1.153549,Champion,2021-12-03
4360,Logan Johnson,Male,35,Cape Town,South Africa,-33.920535,18.404673,New Customer,2023-06-28
4361,Hunter Vilakazi,Male,58,San Antonio,USA,29.443766,-98.449901,New Customer,2021-10-07
4362,Benjamin Mokoena,Male,39,Manchester,UK,53.474278,-2.277208,At Risk,2022-02-21
4363,Yusuf Dlamini,Male,34,Phoenix,USA,33.399980,-112.027105,Occasional,2022-01-05
4364,Harry Jones,Male,45,Montreal,Canada,45.524343,-73.603214,New Customer,2024-05-12
4365,Nokukhanya Thomas,Female,36,New York,USA,40.697698,-74.046827,High Value,2021-02-01
4366,Lindiwe Anderson,Female,56,Seattle,USA,47.600960,-122.319677,Occasional,2023-02-07
4367,Themba Lewis,Male,61,San Jose,USA,37.363829,-121.917658,Dormant,2024-09-03
4368,Evelyn Ndlovu,Female,59,Glasgow,UK,55.899998,-4.237837,Occasional,2024-08-15
4369,Kabelo Hlongwane,Male,57,Brisbane,Australia,-27.447363,152.977444,Champion,2024-01-06
4370,Musa Davies,Male,45,Atlanta,USA,33.723643,-84.370540,Occasional,2022-06-08
4371,Amelia Turner,Female,41,East London,South Africa,-32.966724,27.926346,At Risk,2021-11-03
4372,Yusuf Hall,Male,53,Rustenburg,South Africa,-25.688279,27.195488,Dormant,2023-06-21
4373,Emily Jones,Female,29,San Diego,USA,32.748407,-117.193078,Loyal,2022-04-23
4374,Ava Taylor,Female,60,Benoni,South Africa,-26.148422,28.290701,At Risk,2023-06-06
4375,Mason Walker,Male,28,Phoenix,USA,33.436489,-112.066762,Occasional,2023-06-16
4376,Nokukhanya Dlamini,Female,24,Kimberley,South Africa,-28.747301,24.791263,New Customer,2024-08-04
4377,Harry Thomson,Male,25,Toronto,Canada,43.682960,-79.414372,High Value,2021-08-19
4378,Emma Martinez,Female,63,Johannesburg,South Africa,-26.181917,28.072403,Champion,2022-12-14
4379,Tyler Masondo,Male,39,Cardiff,UK,51.507961,-3.222298,Dormant,2022-04-15
4380,Charlotte Perez,Female,60,Gold Coast,Australia,-28.045291,153.351549,Champion,2024-06-06
4381,Neha Mthembu,Female,39,Perth,Australia,-31.952167,115.836471,Occasional,2024-11-10
4382,Nhlanhla MacKenzie,Male,41,Sydney,Australia,-33.874680,151.222734,Occasional,2023-06-25
4383,Luna Davis,Female,32,Darwin,Australia,-12.463429,130.866739,Champion,2023-12-01
4384,Connor Mahlangu,Male,43,Los Angeles,USA,34.061528,-118.287764,Occasional,2024-02-04
4385,Olivia Anderson,Female,61,Benoni,South Africa,-26.233537,28.300952,At Risk,2024-02-27
4386,Ethan Wood,Male,61,Pretoria,South Africa,-25.746326,28.225905,Loyal,2021-11-06
4387,Nobuhle Mkhize,Female,61,Edinburgh,UK,55.981840,-3.162860,Champion,2022-07-09
4388,Alexis Lewis,Female,52,San Jose,USA,37.381138,-121.907520,Loyal,2021-01-11
4389,Owen Martin,Male,35,Adelaide,Australia,-34.909838,138.588878,Dormant,2022-07-16
4390,Phindile Zulu,Female,45,Glasgow,UK,55.902203,-4.278701,New Customer,2021-12-12
4391,Ethan Smith,Male,34,Nelspruit,South Africa,-25.433144,30.951855,At Risk,2022-06-22
4392,Benjamin Reddy,Male,44,Canberra,Australia,-35.286974,149.082887,Dormant,2023-07-26
4393,Isabella Baker,Female,42,Rustenburg,South Africa,-25.690941,27.282308,Loyal,2023-04-17
4394,Kabelo Carter,Male,37,Coventry,UK,52.386964,-1.489435,High Value,2023-04-16
4395,Hannah Scott,Female,35,Ottawa,Canada,45.406552,-75.738608,At Risk,2021-09-16
4396,Emma Govender,Female,30,Polokwane,South Africa,-23.880653,29.464231,Loyal,2024-07-02
4397,Ella Jackson,Female,46,Halifax,Canada,44.631153,-63.563142,At Risk,2023-09-12
4398,Hannah Murphy,Female,43,Nelspruit,South Africa,-25.507001,30.979298,At Risk,2023-02-22
4399,William Hughes,Male,47,East London,South Africa,-33.030818,27.866905,New Customer,2023-08-18
4400,Busisiwe Anderson,Female,39,Newcastle,UK,54.991274,-1.581739,At Risk,2021-06-21
4401,Nobuhle Thomas,Female,62,Calgary,Canada,51.085013,-114.045381,New Customer,2024-02-20
4402,Ethan Walker,Male,20,Seattle,USA,47.648226,-122.324229,Champion,2021-06-20
4403,Lachlan Thompson,Male,40,Manchester,UK,53.493252,-2.256307,Dormant,2022-10-28
4404,Isabella Perez,Female,64,Johannesburg,South Africa,-26.188812,28.003599,At Risk,2023-11-16
4405,Noah Miller,Male,43,Canberra,Australia,-35.299890,149.146604,New Customer,2022-10-07
4406,Tshepo Mitchell,Male,48,Edmonton,Canada,53.551056,-113.469767,At Risk,2022-03-16
4407,Zoe Vilakazi,Female,48,Nottingham,UK,52.982902,-1.206028,Loyal,2022-04-26
4408,Abigail Reddy,Female,55,Johannesburg,South Africa,-26.185638,28.089864,At Risk,2023-04-22
4409,Lauren Roberts,Female,55,San Antonio,USA,29.376681,-98.527557,New Customer,2023-06-10
4410,William Naidoo,Male,54,Kimberley,South Africa,-28.691066,24.745722,Champion,2022-06-20
4411,Charlotte Anderson,Female,19,Nottingham,UK,52.947255,-1.123348,Champion,2024-04-03
4412,Isabella Baker,Female,28,Edmonton,Canada,53.569250,-113.461638,New Customer,2021-12-14
4413,Noah Carter,Male,22,Pretoria,South Africa,-25.785042,28.257092,Occasional,2023-10-17
4414,Liam Lewis,Male,63,Austin,USA,30.245713,-97.707247,Loyal,2021-09-13
4415,Isabella Buthelezi,Female,19,Sheffield,UK,53.386330,-1.509307,Occasional,2023-03-19
4416,Cooper Molefe,Male,61,Sandton,South Africa,-26.074199,28.023710,New Customer,2021-10-15
4417,Vikram Sithole,Male,47,Sandton,South Africa,-26.152765,28.018610,At Risk,2023-09-23
4418,Grace MacKenzie,Female,47,Seattle,USA,47.567458,-122.342442,High Value,2024-12-09
4419,Jack Taylor,Male,22,Kimberley,South Africa,-28.752298,24.738501,Champion,2022-04-11
4420,Nobuhle Robinson,Female,34,Cairns,Australia,-16.953880,145.801279,New Customer,2023-11-04
4421,Hannah Clarke,Female,31,Houston,USA,29.803773,-95.359010,Champion,2022-06-18
4422,Ethan Mthembu,Male,30,Vancouver,Canada,49.266212,-123.104036,High Value,2023-07-02
4423,Logan Anderson,Male,21,Bloemfontein,South Africa,-29.088403,26.205945,New Customer,2023-09-12
4424,Harry Anderson,Male,29,Ottawa,Canada,45.383491,-75.685621,Loyal,2023-07-28
4425,Nandi Evans,Female,58,East London,South Africa,-33.047462,27.929372,Occasional,2024-01-22
4426,Noah Hughes,Male,62,East London,South Africa,-33.060211,27.947855,Dormant,2021-05-24
4427,Ashley Brown,Female,47,San Antonio,USA,29.462572,-98.486758,High Value,2023-03-09
4428,Owen Ndlovu,Male,25,Vancouver,Canada,49.328118,-123.103797,Loyal,2024-08-10
4429,Ethan Thomas,Male,33,Montreal,Canada,45.466785,-73.520436,Occasional,2024-01-05
4430,Olivia Clarke,Female,54,Denver,USA,39.702035,-105.037771,Champion,2023-11-11
4431,Emma Mokoena,Female,44,Leicester,UK,52.634888,-1.168901,Dormant,2022-10-04
4432,Harper Anderson,Female,42,Sheffield,UK,53.394519,-1.501885,New Customer,2024-04-18
4433,Hunter Davis,Male,42,Polokwane,South Africa,-23.944543,29.483717,Champion,2023-09-18
4434,Lindiwe Scott,Female,57,Leicester,UK,52.592614,-1.162746,Loyal,2024-08-21
4435,Lindiwe Robertson,Female,41,Bloemfontein,South Africa,-29.106246,26.150305,Loyal,2023-05-03
4436,Madison Murray,Female,57,Soweto,South Africa,-26.253081,27.877036,New Customer,2021-03-07
4437,Nkosi Nelson,Male,24,Bloemfontein,South Africa,-29.109449,26.164353,New Customer,2023-12-19
4438,Kabelo Evans,Male,65,Denver,USA,39.752382,-104.974140,At Risk,2021-01-04
4439,Elijah Lewis,Male,23,Darwin,Australia,-12.472927,130.888023,At Risk,2023-02-10
4440,Ella Stewart,Female,39,Vancouver,Canada,49.252511,-123.145923,At Risk,2022-07-21
4441,Nobuhle Mahlangu,Female,27,Edmonton,Canada,53.585448,-113.530405,Occasional,2021-01-04
4442,Tshepo Thomson,Male,36,Hamilton,Canada,43.279798,-79.873712,Dormant,2021-11-10
4443,Sophia Baker,Female,18,Rustenburg,South Africa,-25.644789,27.266271,Dormant,2023-08-25
4444,Aria Davies,Female,60,Johannesburg,South Africa,-26.185243,27.999603,Champion,2022-02-01
4445,Nhlanhla Zwane,Male,64,Atlanta,USA,33.715657,-84.347879,At Risk,2023-01-11
4446,Sibongile Shabalala,Female,39,Denver,USA,39.751175,-105.008760,Dormant,2024-01-16
4447,Nokukhanya Roberts,Female,58,New York,USA,40.730948,-74.038748,New Customer,2024-01-09
4448,Victoria MacKenzie,Female,64,Halifax,Canada,44.666691,-63.604412,Loyal,2021-02-06
4449,Caleb MacDonald,Male,50,Quebec City,Canada,46.831322,-71.168647,Loyal,2021-01-01
4450,Neha Anderson,Female,61,Liverpool,UK,53.384158,-3.036207,Loyal,2023-01-04
4451,Karabo Wood,Male,30,Kimberley,South Africa,-28.716024,24.720187,Loyal,2022-02-26
4452,Ntombifuthi Dlamini,Female,65,Cape Town,South Africa,-33.914371,18.435113,Champion,2023-03-25
4453,Jackson Thomas,Male,21,Leeds,UK,53.758106,-1.587407,Occasional,2021-12-11
4454,Yusuf Anderson,Male,23,Coventry,UK,52.370755,-1.552476,High Value,2022-12-07
4455,Lucas Carter,Male,49,Port Elizabeth,South Africa,-33.962459,25.554065,At Risk,2024-04-20
4456,George Walker,Male,49,Melbourne,Australia,-37.843395,144.982836,Dormant,2023-09-06
4457,Jack Govender,Male,60,Brisbane,Australia,-27.506017,153.038426,At Risk,2022-01-18
4458,Jack Mokoena,Male,28,Montreal,Canada,45.454861,-73.549739,Champion,2023-06-05
4459,Jordan Johnson,Male,50,East London,South Africa,-32.996847,27.899405,Occasional,2023-05-12
4460,Samuel MacKenzie,Male,33,Pretoria,South Africa,-25.785443,28.209682,High Value,2022-11-03
4461,Ethan Mnguni,Male,20,Leeds,UK,53.840551,-1.544550,Loyal,2023-08-20
4462,Brittany Scott,Female,27,Manchester,UK,53.475430,-2.198131,At Risk,2021-06-10
4463,Carter Smith,Male,56,Chicago,USA,41.839984,-87.594094,Dormant,2024-10-22
4464,Ntombifuthi Stewart,Female,27,Bristol,UK,51.488722,-2.543468,At Risk,2023-06-06
4465,William Adams,Male,43,Soweto,South Africa,-26.295244,27.812448,High Value,2024-02-05
4466,Hannah Price,Female,30,San Jose,USA,37.326711,-121.903555,High Value,2023-10-03
4467,Thabo Mitchell,Male,38,Leicester,UK,52.686375,-1.146193,New Customer,2023-08-25
4468,Ravi Davies,Male,27,Calgary,Canada,51.092216,-114.048790,Loyal,2023-12-09
4469,Carter White,Male,28,Port Elizabeth,South Africa,-33.978101,25.631129,Loyal,2022-11-14
4470,George Robinson,Male,60,Kimberley,South Africa,-28.752203,24.779692,At Risk,2023-04-08
4471,Benjamin Roberts,Male,57,Bloemfontein,South Africa,-29.111694,26.193090,Loyal,2021-02-20
4472,Harper Pillay,Female,64,Los Angeles,USA,34.052732,-118.253364,New Customer,2022-04-01
4473,Busisiwe Stewart,Female,48,Johannesburg,South Africa,-26.242833,28.047087,High Value,2022-08-20
4474,Grace Sithole,Female,61,Toronto,Canada,43.650898,-79.360229,At Risk,2023-07-22
4475,Anisha Smith,Female,25,Bristol,UK,51.471921,-2.615543,Occasional,2023-05-26
4476,Aiden Roberts,Male,65,Kimberley,South Africa,-28.679502,24.777078,At Risk,2023-06-12
4477,Mandla Taylor,Male,24,Brisbane,Australia,-27.468918,152.987046,High Value,2023-04-07
4478,Nokukhanya Kunene,Female,23,Cardiff,UK,51.498205,-3.179853,At Risk,2021-02-13
4479,Henry Jones,Male,44,Seattle,USA,47.608211,-122.359914,Loyal,2021-01-09
4480,Nhlanhla Roberts,Male,63,Liverpool,UK,53.369939,-2.953747,Loyal,2024-01-10
4481,Ethan Robertson,Male,48,Rustenburg,South Africa,-25.681604,27.288976,New Customer,2021-05-19
4482,Lungelo Miller,Male,44,Bristol,UK,51.471008,-2.620758,At Risk,2022-03-16
4483,Ethan Brown,Male,56,Pietermaritzburg,South Africa,-29.580750,30.383972,Dormant,2023-01-11
4484,Brandon Martin,Male,20,Denver,USA,39.700291,-104.961378,New Customer,2023-04-20
4485,Ella Mnguni,Female,25,Nottingham,UK,52.915711,-1.179621,High Value,2024-01-26
4486,Liam Moore,Male,31,Phoenix,USA,33.446673,-112.052097,High Value,2022-02-08
4487,James Stewart,Male,22,Bristol,UK,51.418330,-2.565849,Occasional,2024-08-28
4488,William Hlongwane,Male,52,Bloemfontein,South Africa,-29.069524,26.159180,At Risk,2024-08-04
4489,Jayden Murphy,Male,63,Bristol,UK,51.471236,-2.558359,Loyal,2021-03-25
4490,Tyler Garcia,Male,40,Cardiff,UK,51.474549,-3.218306,Occasional,2021-01-09
4491,Samuel Majola,Male,42,Sheffield,UK,53.373630,-1.463217,At Risk,2023-08-20
4492,Sophia Adams,Female,31,Cape Town,South Africa,-33.895864,18.414990,At Risk,2023-05-22
4493,Emma Kunene,Female,43,Denver,USA,39.709005,-104.941611,Dormant,2024-07-27
4494,Dylan Mokoena,Male,32,Soweto,South Africa,-26.248410,27.893937,Occasional,2023-02-18
4495,Zanele Carter,Female,61,Sydney,Australia,-33.916776,151.259078,At Risk,2021-09-27
4496,Aiden Martinez,Male,24,Austin,USA,30.255069,-97.767911,At Risk,2024-08-14
4497,Neha Zulu,Female,64,Nelspruit,South Africa,-25.458809,31.000957,High Value,2024-02-03
4498,Elijah Williams,Male,26,San Antonio,USA,29.385987,-98.503661,High Value,2021-04-08
4499,Henry Nkosi,Male,32,Vancouver,Canada,49.273189,-123.103888,Loyal,2023-08-06
4500,Lily Jackson,Female,54,Winnipeg,Canada,49.863927,-97.097775,High Value,2023-05-09
4501,Siyanda Cele,Male,41,Brisbane,Australia,-27.430139,153.017778,Champion,2024-12-06
4502,Sipho Sithole,Male,37,Johannesburg,South Africa,-26.208282,28.036271,Dormant,2021-12-10
4503,Sipho Carter,Male,35,Phoenix,USA,33.429190,-112.035337,Occasional,2021-07-03
4504,Leo Lewis,Male,42,Durban,South Africa,-29.816563,31.037478,Occasional,2023-12-08
4505,Bongiwe Zulu,Female,61,Leeds,UK,53.826108,-1.592236,Occasional,2022-09-03
4506,Caleb Singh,Male,41,Houston,USA,29.735587,-95.351199,Dormant,2021-08-07
4507,Luna MacDonald,Female,28,Dallas,USA,32.799812,-96.756905,New Customer,2023-09-25
4508,Jackson Walker,Male,61,Johannesburg,South Africa,-26.233395,28.007439,High Value,2024-02-07
4509,Amelia Wilson,Female,35,Sheffield,UK,53.413311,-1.440413,Occasional,2023-06-24
4510,Luna Mnguni,Female,19,Port Elizabeth,South Africa,-33.985067,25.606988,High Value,2024-11-14
4511,Luna Campbell,Female,38,Rustenburg,South Africa,-25.704715,27.258420,Occasional,2021-05-01
4512,Mia Smith,Female,31,Bloemfontein,South Africa,-29.051694,26.173690,New Customer,2024-09-13
4513,James Naidoo,Male,38,Perth,Australia,-31.951023,115.887389,Occasional,2024-03-04
4514,James Robertson,Male,47,East London,South Africa,-33.019779,27.868499,At Risk,2021-10-15
4515,Liam Khumalo,Male,51,Darwin,Australia,-12.427826,130.887397,High Value,2023-01-08
4516,Zanele Thompson,Female,19,Philadelphia,USA,39.904642,-75.169840,Loyal,2023-05-06
4517,Nokwanda Clarke,Female,47,Manchester,UK,53.518839,-2.280624,High Value,2021-06-15
4518,Ella Khumalo,Female,61,Edinburgh,UK,55.989066,-3.217710,Champion,2021-06-01
4519,Daniel Wood,Male,37,Montreal,Canada,45.493060,-73.612663,Dormant,2022-11-14
4520,Hannah Shabalala,Female,20,Durban,South Africa,-29.907636,30.978121,New Customer,2021-07-03
4521,Grace Wilson,Female,44,New York,USA,40.698500,-73.987620,Loyal,2021-04-12
4522,Thabo Hlongwane,Male,56,Dallas,USA,32.768387,-96.778735,At Risk,2023-03-25
4523,Hunter Cele,Male,59,Edmonton,Canada,53.588771,-113.477529,Champion,2024-03-22
4524,Ava Buthelezi,Female,65,Brisbane,Australia,-27.432990,153.042899,Loyal,2021-07-12
4525,Luna Wilson,Female,34,Leicester,UK,52.658992,-1.155355,Loyal,2021-10-22
4526,James White,Male,43,Adelaide,Australia,-34.949561,138.643069,Occasional,2021-10-08
4527,James Baker,Male,31,Birmingham,UK,52.523781,-1.898966,At Risk,2023-09-02
4528,Connor Thomson,Male,59,Coventry,UK,52.388041,-1.510079,Dormant,2024-12-13
4529,Destiny Davis,Female,18,Pretoria,South Africa,-25.796422,28.223454,New Customer,2021-09-28
4530,Destiny Roberts,Female,49,Belfast,UK,54.602576,-5.918064,High Value,2021-02-21
4531,Nandi Khumalo,Female,50,Adelaide,Australia,-34.879472,138.556042,New Customer,2021-07-22
4532,Lucas Jones,Male,49,Atlanta,USA,33.752785,-84.383014,Occasional,2023-03-12
4533,Mohammed Nelson,Male,27,Dallas,USA,32.755895,-96.833142,High Value,2021-10-23
4534,Mason Phillips,Male,20,Atlanta,USA,33.788309,-84.377557,Loyal,2021-08-24
4535,Harper Thomson,Female,41,Phoenix,USA,33.429442,-112.026706,Champion,2024-10-13
4536,Harper Wood,Female,34,Belfast,UK,54.607315,-5.931195,Champion,2023-04-11
4537,Sophia Mnguni,Female,60,Halifax,Canada,44.654461,-63.579696,Dormant,2022-04-19
4538,Owen Zwane,Male,36,Soweto,South Africa,-26.312565,27.884203,At Risk,2021-12-13
4539,Emma Zwane,Female,50,Liverpool,UK,53.393021,-3.026763,Loyal,2024-07-12
4540,Amelia MacDonald,Female,54,Los Angeles,USA,34.048663,-118.200202,At Risk,2021-03-06
4541,Sophia Anderson,Female,42,Sandton,South Africa,-26.121157,28.067575,Occasional,2024-08-17
4542,Jayden Smith,Male,40,Edmonton,Canada,53.562368,-113.537389,Loyal,2021-11-25
4543,Themba Anderson,Male,29,Cardiff,UK,51.456144,-3.174307,New Customer,2023-03-26
4544,Palesa Patel,Female,35,Pretoria,South Africa,-25.774341,28.245763,Loyal,2023-09-14
4545,Lungelo Mitchell,Male,48,Edinburgh,UK,55.952047,-3.229098,Loyal,2024-09-11
4546,Lily Ngcobo,Female,60,Kimberley,South Africa,-28.709648,24.787748,Champion,2023-02-01
4547,Luna Murray,Female,49,Nelspruit,South Africa,-25.444053,30.934795,Occasional,2023-02-17
4548,Siyanda Martin,Male,58,Port Elizabeth,South Africa,-33.953886,25.606293,Loyal,2022-09-24
4549,Lucas Phillips,Male,48,San Jose,USA,37.364458,-121.908631,Dormant,2024-10-28
4550,Phindile Murphy,Female,63,Adelaide,Australia,-34.900921,138.608147,Occasional,2024-06-06
4551,Ethan Thomas,Male,27,Bloemfontein,South Africa,-29.097168,26.199939,High Value,2021-04-25
4552,Amanda Scott,Female,37,Cairns,Australia,-16.922303,145.729301,At Risk,2024-03-02
4553,Mason Green,Male,57,Johannesburg,South Africa,-26.182169,28.023068,Occasional,2023-03-02
4554,Arjun Thomas,Male,54,Manchester,UK,53.487041,-2.286296,Loyal,2022-01-06
4555,Khanyisile Garcia,Female,54,Houston,USA,29.793884,-95.373845,High Value,2024-04-21
4556,Nokwanda Davies,Female,40,Nelspruit,South Africa,-25.454829,30.941192,High Value,2024-02-20
4557,Isabella Taylor,Female,31,Hobart,Australia,-42.849516,147.343252,New Customer,2023-09-05
4558,Olivia Fraser,Female,64,Manchester,UK,53.526047,-2.207910,New Customer,2021-03-19
4559,Leo Robinson,Male,35,Philadelphia,USA,39.954492,-75.203169,At Risk,2021-11-13
4560,Musa Vilakazi,Male,57,Houston,USA,29.805928,-95.322656,At Risk,2023-07-13
4561,Nokukhanya Hlongwane,Female,33,Melbourne,Australia,-37.833593,144.987958,Champion,2021-03-03
4562,Siyanda Robertson,Male,64,Hamilton,Canada,43.210579,-79.880926,Dormant,2023-02-27
4563,Amelia Turner,Female,48,Adelaide,Australia,-34.906070,138.607104,Dormant,2024-09-20
4564,Lucas Roberts,Male,57,Glasgow,UK,55.817668,-4.277485,Loyal,2021-01-17
4565,Connor Anderson,Male,25,Quebec City,Canada,46.840991,-71.200020,New Customer,2021-02-02
4566,Ava Ngcobo,Female,21,Nottingham,UK,52.986276,-1.189192,Loyal,2024-05-23
4567,Busisiwe Perez,Female,37,Sheffield,UK,53.381954,-1.439698,At Risk,2024-02-26
4568,Sibusiso Thomas,Male,33,Nelspruit,South Africa,-25.465769,30.999972,Dormant,2022-02-24
4569,Tyler Carter,Male,22,Soweto,South Africa,-26.273503,27.894547,New Customer,2024-01-01
4570,Liam Clarke,Male,48,Brisbane,Australia,-27.471406,152.986394,At Risk,2024-05-09
4571,Fatima Williams,Female,63,Los Angeles,USA,34.084139,-118.243913,New Customer,2021-08-05
4572,Lily Phillips,Female,58,Belfast,UK,54.591343,-5.901563,Dormant,2021-02-15
4573,Fatima Anderson,Female,19,Pretoria,South Africa,-25.775727,28.197631,High Value,2022-07-25
4574,Brandon Mahlangu,Male,32,Los Angeles,USA,34.048690,-118.224543,Loyal,2022-02-18
4575,Aisha Wilson,Female,47,Benoni,South Africa,-26.227500,28.283085,New Customer,2024-10-08
4576,Mpho Naidoo,Male,26,Melbourne,Australia,-37.842830,144.950068,High Value,2022-01-23
4577,Hannah Nelson,Female,49,San Jose,USA,37.301824,-121.908200,At Risk,2022-06-09
4578,Connor Fraser,Male,43,Durban,South Africa,-29.880863,31.010242,Occasional,2021-07-16
4579,Marcus Taylor,Male,53,Melbourne,Australia,-37.844248,144.948645,Occasional,2023-12-18
4580,Siyanda Brown,Male,44,Durban,South Africa,-29.866452,31.045165,Champion,2024-03-05
4581,Aiden Walker,Male,63,Durban,South Africa,-29.886281,30.988514,Loyal,2023-02-25
4582,Ashley Anderson,Female,41,East London,South Africa,-33.007035,27.959140,Champion,2021-12-13
4583,Liam Nkosi,Male,40,Nelspruit,South Africa,-25.465625,30.936239,Loyal,2021-03-18
4584,Vikram Thompson,Male,35,Denver,USA,39.692820,-105.035465,High Value,2021-12-09
4585,Bongiwe Perez,Female,25,Durban,South Africa,-29.883576,31.051572,New Customer,2023-10-14
4586,Harry Baker,Male,56,Liverpool,UK,53.364481,-2.941856,High Value,2022-12-14
4587,Fatima Mthembu,Female,38,Sydney,Australia,-33.872138,151.209293,Dormant,2022-02-24
4588,Mandla Campbell,Male,42,Seattle,USA,47.572242,-122.356332,Dormant,2021-12-09
4589,Bongani Singh,Male,64,Toronto,Canada,43.605073,-79.397407,New Customer,2022-05-17
4590,Ethan Anderson,Male,44,Soweto,South Africa,-26.291346,27.820178,Champion,2023-12-10
4591,Priya Sithole,Female,35,Newcastle,UK,54.992813,-1.607965,Loyal,2021-09-22
4592,Musa Nkosi,Male,22,Adelaide,Australia,-34.885379,138.561814,At Risk,2022-01-26
4593,Chloe Khumalo,Female,61,Nelspruit,South Africa,-25.482686,30.969625,High Value,2022-05-27
4594,Lungelo Smith,Male,23,Nottingham,UK,52.918915,-1.183087,Loyal,2021-02-11
4595,James Kunene,Male,49,Miami,USA,25.717333,-80.234292,Loyal,2024-06-18
4596,Ava Thomas,Female,27,Pietermaritzburg,South Africa,-29.630336,30.383430,Occasional,2024-02-13
4597,Lily Perez,Female,47,Calgary,Canada,51.083630,-114.048802,New Customer,2022-01-10
4598,Khanyisile Fraser,Female,63,Pretoria,South Africa,-25.755165,28.246896,Occasional,2021-01-12
4599,Brandon Phillips,Male,63,Sydney,Australia,-33.852463,151.205811,Champion,2023-04-15
4600,Lauren Green,Female,59,Perth,Australia,-31.921186,115.822348,Loyal,2022-08-17
4601,Leo Dlamini,Male,40,Darwin,Australia,-12.452963,130.875381,High Value,2021-07-27
4602,Lucas Smith,Male,43,Seattle,USA,47.640825,-122.379148,Occasional,2023-10-15
4603,Ayanda Brown,Female,54,Belfast,UK,54.629364,-5.881547,Occasional,2022-12-26
4604,Lucas Majola,Male,64,Philadelphia,USA,39.907088,-75.126594,At Risk,2022-06-15
4605,Victoria Martinez,Female,38,Benoni,South Africa,-26.214690,28.336191,Champion,2022-05-23
4606,Noah Hall,Male,19,Soweto,South Africa,-26.289308,27.894122,Champion,2021-05-01
4607,Samantha Garcia,Female,48,Cardiff,UK,51.514949,-3.164470,Occasional,2023-07-08
4608,Leo Green,Male,24,Cape Town,South Africa,-33.942779,18.470363,High Value,2021-07-07
4609,Jennifer Brown,Female,18,Johannesburg,South Africa,-26.167055,28.057210,Champion,2021-11-11
4610,Nkosi Majola,Male,32,Johannesburg,South Africa,-26.236320,28.084780,Champion,2022-10-16
4611,Cooper White,Male,47,Leicester,UK,52.683161,-1.153089,At Risk,2022-05-12
4612,Aria Molefe,Female,53,Sandton,South Africa,-26.102095,28.068126,Occasional,2024-09-04
4613,Mia Mthembu,Female,26,Atlanta,USA,33.783745,-84.388591,New Customer,2024-05-26
4614,Ashley Jones,Female,31,Phoenix,USA,33.449250,-112.079103,Occasional,2023-01-01
4615,Ntombifuthi MacKenzie,Female,40,Atlanta,USA,33.716811,-84.377699,At Risk,2021-08-28
4616,Sibusiso Jones,Male,48,Belfast,UK,54.616764,-5.892750,High Value,2022-09-07
4617,William Govender,Male,61,London,UK,51.543875,-0.092891,Loyal,2021-10-24
4618,Brianna Pillay,Female,34,Austin,USA,30.221005,-97.747052,Occasional,2024-08-11
4619,Ayanda Williams,Female,35,San Diego,USA,32.672192,-117.164981,New Customer,2023-01-11
4620,Jackson Patel,Male,50,Montreal,Canada,45.459827,-73.550620,Occasional,2022-03-26
4621,Emma Davis,Female,35,Nelspruit,South Africa,-25.440743,30.923009,High Value,2022-07-12
4622,William Martin,Male,61,Cairns,Australia,-16.967845,145.810101,Dormant,2021-08-27
4623,Hunter Scott,Male,39,Chicago,USA,41.915182,-87.591760,At Risk,2021-11-23
4624,Liam Sithole,Male,20,Benoni,South Africa,-26.140552,28.285607,Occasional,2023-01-21
4625,Leo Molefe,Male,47,East London,South Africa,-33.058396,27.893782,Loyal,2023-05-02
4626,Alexis Vilakazi,Female,65,Kimberley,South Africa,-28.756203,24.702413,Champion,2024-06-28
4627,Lindiwe Green,Female,42,Canberra,Australia,-35.255273,149.109527,Champion,2023-08-10
4628,Sandile Evans,Male,50,Denver,USA,39.706421,-104.984478,High Value,2024-02-07
4629,Amelia MacKenzie,Female,51,Leeds,UK,53.784295,-1.559444,Dormant,2024-05-20
4630,James Carter,Male,54,Perth,Australia,-31.996189,115.877694,High Value,2021-01-10
4631,Samuel Mitchell,Male,28,East London,South Africa,-33.040246,27.920470,Champion,2023-07-18
4632,Tshepo Kunene,Male,42,Belfast,UK,54.602390,-5.905693,Loyal,2022-12-20
4633,Jordan Govender,Male,22,Rustenburg,South Africa,-25.678528,27.204595,High Value,2022-03-23
4634,Lily Sithole,Female,21,Perth,Australia,-31.987546,115.899196,Loyal,2024-04-18
4635,Victoria MacDonald,Female,54,Soweto,South Africa,-26.286602,27.833312,At Risk,2024-01-10
4636,William Walker,Male,41,Rustenburg,South Africa,-25.621804,27.251983,Occasional,2024-12-13
4637,Cooper Hughes,Male,28,Miami,USA,25.781557,-80.190060,High Value,2024-11-24
4638,Lungelo Lewis,Male,45,Winnipeg,Canada,49.921875,-97.090496,Loyal,2022-01-02
4639,Aria Vilakazi,Female,39,Perth,Australia,-31.931735,115.814109,At Risk,2021-09-28
4640,Brandon Robinson,Male,56,Denver,USA,39.719036,-104.989676,High Value,2022-02-04
4641,Musa Sithole,Male,37,Glasgow,UK,55.859565,-4.213462,Occasional,2024-01-04
4642,Khanyisile Mitchell,Female,42,Durban,South Africa,-29.877642,30.976752,Dormant,2024-08-28
4643,Ethan Nelson,Male,38,Edinburgh,UK,55.930703,-3.206311,Loyal,2021-08-26
4644,Connor Phillips,Male,44,Dallas,USA,32.807805,-96.798689,Loyal,2022-02-13
4645,Ryan Khan,Male,59,Darwin,Australia,-12.505220,130.839590,Occasional,2024-04-01
4646,Logan Hughes,Male,18,Belfast,UK,54.633102,-5.971382,At Risk,2024-07-08
4647,Henry Thompson,Male,52,Sydney,Australia,-33.863219,151.217739,Occasional,2024-01-09
4648,Oliver Reddy,Male,44,Hamilton,Canada,43.274235,-79.848339,Dormant,2022-05-17
4649,Elijah Lewis,Male,41,Johannesburg,South Africa,-26.250260,28.081153,High Value,2023-08-18
4650,Lungelo Garcia,Male,22,Perth,Australia,-31.920970,115.816238,High Value,2023-04-18
4651,Samuel Hughes,Male,38,Adelaide,Australia,-34.904244,138.610919,Loyal,2021-07-04
4652,Jacob Ndlovu,Male,57,Coventry,UK,52.438756,-1.472034,At Risk,2024-04-06
4653,Luna Taylor,Female,35,Glasgow,UK,55.843331,-4.279996,Occasional,2022-08-01
4654,Ava Davis,Female,57,Nelspruit,South Africa,-25.453210,31.012925,At Risk,2024-10-03
4655,Amelia Walker,Female,26,Cardiff,UK,51.464584,-3.212669,High Value,2024-06-16
4656,Hazel Hall,Female,60,Philadelphia,USA,40.002223,-75.139228,Dormant,2022-10-04
4657,Busisiwe Perez,Female,61,Phoenix,USA,33.481978,-112.090992,Dormant,2021-09-14
4658,Dylan Kunene,Male,52,Ottawa,Canada,45.459347,-75.653545,High Value,2024-10-27
4659,Amelia Zulu,Female,27,San Jose,USA,37.314563,-121.844243,New Customer,2024-07-24
4660,Logan Ngcobo,Male,65,Perth,Australia,-31.909292,115.813661,Champion,2023-06-12
4661,Sibongile Sithole,Female,19,Canberra,Australia,-35.255082,149.146390,Dormant,2021-01-10
4662,Noah Thomas,Male,22,Soweto,South Africa,-26.289768,27.878544,Occasional,2023-03-05
4663,Arjun Zulu,Male,65,Vancouver,Canada,49.326304,-123.086918,High Value,2024-11-25
4664,Abigail MacKenzie,Female,63,Austin,USA,30.225418,-97.696031,Loyal,2023-09-05
4665,Tshepo Campbell,Male,45,New York,USA,40.725390,-74.051315,Occasional,2023-09-20
4666,Yusuf Anderson,Male,47,Newcastle,UK,54.979110,-1.572778,High Value,2023-07-21
4667,Charlotte Martin,Female,61,London,UK,51.492104,-0.093376,Dormant,2024-09-02
4668,Ethan Thomas,Male,31,Bloemfontein,South Africa,-29.075651,26.122387,New Customer,2022-11-13
4669,Elijah Wilson,Male,30,Darwin,Australia,-12.512072,130.815423,New Customer,2024-01-24
4670,Nokwanda Mnguni,Female,30,Adelaide,Australia,-34.922642,138.595702,High Value,2021-11-01
4671,Luna Scott,Female,55,Pretoria,South Africa,-25.777651,28.225198,Occasional,2023-02-28
4672,Ayanda Evans,Female,39,Edmonton,Canada,53.527893,-113.527842,New Customer,2024-03-17
4673,Luna Baker,Female,50,San Diego,USA,32.666823,-117.143580,Champion,2023-08-03
4674,Bongani Walker,Male,65,Brisbane,Australia,-27.451319,153.072304,Champion,2021-06-12
4675,Henry Masondo,Male,56,Bristol,UK,51.409351,-2.628442,At Risk,2024-10-18
4676,Hazel Mnguni,Female,19,San Jose,USA,37.326693,-121.846710,High Value,2023-12-06
4677,Jordan Hlongwane,Male,60,Chicago,USA,41.890424,-87.663285,Occasional,2022-08-20
4678,Fatima Nkosi,Female,47,Polokwane,South Africa,-23.863120,29.422291,Occasional,2023-02-03
4679,Daniel Mkhize,Male,27,Canberra,Australia,-35.260612,149.154741,Dormant,2022-09-06
4680,Ava Evans,Female,63,Philadelphia,USA,39.953434,-75.169146,New Customer,2021-04-20
4681,Victoria Khan,Female,26,Pietermaritzburg,South Africa,-29.643158,30.399581,High Value,2023-12-04
4682,Cooper Brown,Male,25,Sandton,South Africa,-26.152382,28.055470,New Customer,2021-12-01
4683,Lucas Cele,Male,57,Glasgow,UK,55.913609,-4.294648,High Value,2021-01-28
4684,Brandon Fraser,Male,64,Darwin,Australia,-12.460981,130.802700,Occasional,2021-01-24
4685,Lily Smith,Female,36,Gold Coast,Australia,-28.054905,153.376356,At Risk,2023-04-04
4686,Lucas Jackson,Male,60,Pretoria,South Africa,-25.792378,28.207706,New Customer,2022-01-22
4687,Samantha Ngcobo,Female,41,San Diego,USA,32.717050,-117.195955,Occasional,2021-08-24
4688,Benjamin Wilson,Male,35,San Diego,USA,32.689069,-117.113530,Champion,2023-10-11
4689,Lesedi Murphy,Male,31,Nelspruit,South Africa,-25.471332,31.005621,Champion,2023-08-19
4690,Arjun MacKenzie,Male,62,Port Elizabeth,South Africa,-33.939065,25.566995,High Value,2023-02-20
4691,Sipho Hughes,Male,42,Cape Town,South Africa,-33.949281,18.449790,Dormant,2022-05-07
4692,Kayla Zulu,Female,31,Sandton,South Africa,-26.097948,28.021285,Loyal,2022-04-01
4693,Leo Cele,Male,30,Phoenix,USA,33.414413,-112.040719,At Risk,2022-12-06
4694,Neha Evans,Female,23,Melbourne,Australia,-37.842739,144.958104,Loyal,2022-01-11
4695,Ethan Thompson,Male,49,East London,South Africa,-32.973697,27.870150,High Value,2023-06-08
4696,Isabella Roberts,Female,34,Darwin,Australia,-12.464438,130.844141,Occasional,2023-12-01
4697,Vikram Naidoo,Male,37,Bristol,UK,51.487287,-2.605396,Loyal,2023-02-27
4698,Jennifer Harris,Female,18,Sandton,South Africa,-26.067948,28.026325,Champion,2022-02-02
4699,Lungelo Khumalo,Male,63,Hamilton,Canada,43.290821,-79.832017,Loyal,2021-12-27
4700,Zanele Mkhize,Female,57,Denver,USA,39.689550,-105.015800,At Risk,2024-06-07
4701,Daniel Murray,Male,65,Calgary,Canada,51.068332,-114.073575,Dormant,2022-04-21
4702,Tyler Majola,Male,62,Rustenburg,South Africa,-25.625638,27.210667,At Risk,2022-07-13
4703,Elijah Hall,Male,19,Philadelphia,USA,39.957792,-75.132219,High Value,2023-04-21
4704,Charlotte Reddy,Female,35,Bloemfontein,South Africa,-29.098650,26.143561,New Customer,2021-10-25
4705,Anisha Naidoo,Female,28,Port Elizabeth,South Africa,-33.917260,25.644541,Champion,2021-02-20
4706,Lucas Hughes,Male,56,Benoni,South Africa,-26.199789,28.322759,New Customer,2021-12-24
4707,Brianna Thomas,Female,38,Cape Town,South Africa,-33.925805,18.442333,High Value,2023-04-23
4708,Luna Wilson,Female,29,San Diego,USA,32.747314,-117.154181,Dormant,2022-12-23
4709,Lungelo Robertson,Male,44,Miami,USA,25.753960,-80.214719,New Customer,2023-10-10
4710,Siyanda Cele,Male,27,Halifax,Canada,44.618600,-63.607836,Champion,2021-11-08
4711,Mason Naidoo,Male,21,Chicago,USA,41.894347,-87.657410,Occasional,2023-07-23
4712,Lungelo Adams,Male,47,Pretoria,South Africa,-25.703932,28.184611,New Customer,2022-11-15
4713,Madison Reddy,Female,25,Austin,USA,30.264705,-97.724334,Champion,2021-03-26
4714,Elijah Sithole,Male,62,Durban,South Africa,-29.849809,31.010082,Dormant,2021-02-25
4715,Themba Smith,Male,56,Pretoria,South Africa,-25.750893,28.242343,Loyal,2023-12-18
4716,Aiden Mitchell,Male,24,Houston,USA,29.788885,-95.400669,Champion,2023-01-03
4717,Zoe Murphy,Female,21,Leicester,UK,52.613089,-1.112091,Dormant,2022-01-21
4718,Caleb Ndlovu,Male,23,Chicago,USA,41.916372,-87.595285,High Value,2021-10-12
4719,Lily Johnson,Female,56,Johannesburg,South Africa,-26.248872,28.007195,High Value,2022-11-21
4720,Phindile Clarke,Female,20,Edmonton,Canada,53.573080,-113.496103,Dormant,2021-02-22
4721,Isabella Majola,Female,38,Montreal,Canada,45.478221,-73.583545,At Risk,2022-06-10
4722,Ethan Robertson,Male,64,Seattle,USA,47.594546,-122.363627,Occasional,2024-07-20
4723,Leo Singh,Male,64,San Jose,USA,37.332560,-121.918960,Loyal,2021-05-12
4724,Isabella MacDonald,Female,57,Cairns,Australia,-16.927473,145.800194,High Value,2021-02-10
4725,Hazel MacDonald,Female,31,Port Elizabeth,South Africa,-33.984275,25.618728,Champion,2024-01-11
4726,William Majola,Male,63,Chicago,USA,41.878847,-87.599934,Loyal,2024-04-17
4727,Mia Wilson,Female,35,Newcastle,UK,55.012761,-1.598142,Loyal,2023-10-02
4728,Lachlan Robertson,Male,39,Quebec City,Canada,46.811692,-71.217104,New Customer,2024-04-07
4729,Brandon Turner,Male,18,Miami,USA,25.754586,-80.181400,Loyal,2021-05-06
4730,Liam Walker,Male,32,East London,South Africa,-33.064051,27.880256,Loyal,2021-01-27
4731,Aiden Scott,Male,18,Atlanta,USA,33.727051,-84.343196,Dormant,2023-12-28
4732,Lauren White,Female,31,Hamilton,Canada,43.305252,-79.912522,Loyal,2021-07-06
4733,Benjamin Masondo,Male,63,Ottawa,Canada,45.445624,-75.738240,At Risk,2021-01-08
4734,Alexander Mokoena,Male,27,Leeds,UK,53.833241,-1.510811,Champion,2023-09-03
4735,Charlotte Wilson,Female,37,Sydney,Australia,-33.865251,151.212269,New Customer,2021-10-19
4736,Harry Clarke,Male,51,Adelaide,Australia,-34.889813,138.628277,Champion,2021-06-13
4737,Phindile Scott,Female,57,Calgary,Canada,51.058741,-114.111492,Dormant,2023-01-08
4738,Ryan Roberts,Male,44,Philadelphia,USA,39.946171,-75.124052,Dormant,2022-04-08
4739,Harper Scott,Female,64,Chicago,USA,41.915215,-87.624985,At Risk,2021-09-27
4740,Amelia Nelson,Female,38,Atlanta,USA,33.786462,-84.354883,At Risk,2021-11-28
4741,Ryan Evans,Male,26,Edinburgh,UK,55.991546,-3.189283,Loyal,2021-07-20
4742,Aisha Mnguni,Female,32,Hobart,Australia,-42.915907,147.359276,Occasional,2024-10-16
4743,Ava MacDonald,Female,41,Leicester,UK,52.664353,-1.093587,New Customer,2021-09-05
4744,Busisiwe Garcia,Female,47,Halifax,Canada,44.686232,-63.586256,Loyal,2022-10-06
4745,Aiden White,Male,19,Austin,USA,30.306613,-97.774335,New Customer,2021-03-16
4746,Lerato Roberts,Female,63,Leeds,UK,53.836140,-1.564106,New Customer,2024-01-02
4747,Bongani Hall,Male,55,Bloemfontein,South Africa,-29.134218,26.183269,High Value,2021-07-05
4748,Connor Wilson,Male,47,Denver,USA,39.723525,-104.998638,Champion,2024-04-22
4749,Nokukhanya Murphy,Female,39,Pretoria,South Africa,-25.751531,28.230225,High Value,2021-02-12
4750,Yusuf Thompson,Male,23,Seattle,USA,47.613053,-122.339702,At Risk,2023-01-26
4751,Jasmine Mahlangu,Female,26,Pretoria,South Africa,-25.721206,28.214490,At Risk,2023-11-01
4752,Mpho Smith,Male,39,Rustenburg,South Africa,-25.644031,27.221037,High Value,2022-04-06
4753,Jasmine Ngcobo,Female,24,San Antonio,USA,29.425968,-98.510836,Dormant,2021-04-22
4754,Ashley Turner,Female,55,Cardiff,UK,51.449807,-3.198422,High Value,2024-04-21
4755,Emily Nelson,Female,65,Phoenix,USA,33.489080,-112.053773,Occasional,2021-04-10
4756,Leo Johnson,Male,31,Cape Town,South Africa,-33.939327,18.415857,Occasional,2022-04-18
4757,Mason Hall,Male,64,Austin,USA,30.243895,-97.718045,At Risk,2023-01-15
4758,Ntombifuthi Taylor,Female,53,Dallas,USA,32.770849,-96.756596,At Risk,2024-01-17
4759,Charlotte Nkosi,Female,60,Kimberley,South Africa,-28.700826,24.704394,At Risk,2023-06-26
4760,Arjun Wilson,Male,65,Pretoria,South Africa,-25.717271,28.226319,Loyal,2021-10-10
4761,Lindiwe Carter,Female,36,Calgary,Canada,51.015992,-114.102174,At Risk,2024-03-20
4762,Harper Mokoena,Female,49,Belfast,UK,54.589356,-5.921030,Champion,2021-02-09
4763,Jordan Kunene,Male,18,Atlanta,USA,33.709387,-84.401923,At Risk,2023-09-20
4764,Hannah Mkhize,Female,55,Birmingham,UK,52.485259,-1.939276,At Risk,2023-01-28
4765,Mia Taylor,Female,23,Sydney,Australia,-33.917659,151.194399,Loyal,2022-03-25
4766,Samantha Reddy,Female,52,Sandton,South Africa,-26.078289,28.095258,High Value,2024-09-05
4767,Lerato Price,Female,37,Durban,South Africa,-29.883522,31.019210,Dormant,2024-07-02
4768,Ella Anderson,Female,43,Philadelphia,USA,40.001425,-75.149131,High Value,2022-10-12
4769,Jasmine Harris,Female,47,Austin,USA,30.248951,-97.734245,At Risk,2024-12-17
4770,Emily Harris,Female,37,Dallas,USA,32.787936,-96.787706,At Risk,2023-07-13
4771,Mia Miller,Female,28,Sydney,Australia,-33.898152,151.241603,Dormant,2022-12-22
4772,Thandeka Zulu,Female,58,Nottingham,UK,52.912247,-1.120444,Dormant,2023-02-08
4773,Brittany Harris,Female,51,Halifax,Canada,44.615511,-63.527557,Champion,2021-12-12
4774,Aria Vilakazi,Female,31,Houston,USA,29.774587,-95.369437,Champion,2023-03-06
4775,Liam Davis,Male,48,Cardiff,UK,51.446992,-3.187631,High Value,2021-05-27
4776,Sipho Khumalo,Male,39,Pietermaritzburg,South Africa,-29.611799,30.333179,Champion,2022-12-13
4777,William Mkhize,Male,18,San Antonio,USA,29.447621,-98.460413,New Customer,2023-03-17
4778,Harry Mahlangu,Male,48,Birmingham,UK,52.501707,-1.862579,New Customer,2021-08-06
4779,Charlotte Singh,Female,24,Cairns,Australia,-16.901434,145.744561,Dormant,2021-06-01
4780,Elijah Hlongwane,Male,28,Montreal,Canada,45.500847,-73.544051,New Customer,2022-05-10
4781,Dylan Wilson,Male,29,Port Elizabeth,South Africa,-33.969939,25.610388,Champion,2021-11-26
4782,Lily Wilson,Female,64,Edinburgh,UK,55.992475,-3.171743,At Risk,2021-10-24
4783,Layla Govender,Female,65,Pietermaritzburg,South Africa,-29.637469,30.374731,Loyal,2022-03-15
4784,Lauren Taylor,Female,29,Gold Coast,Australia,-27.967893,153.371805,High Value,2021-07-06
4785,Charlotte Govender,Female,45,Durban,South Africa,-29.848010,30.979203,Dormant,2022-11-05
4786,Busisiwe Roberts,Female,55,Dallas,USA,32.809894,-96.774205,At Risk,2024-10-26
4787,Noah Mkhize,Male,43,San Jose,USA,37.377028,-121.848576,High Value,2022-12-22
4788,Leo Lewis,Male,23,Polokwane,South Africa,-23.894643,29.494011,Loyal,2022-04-26
4789,Emma Thomas,Female,58,Atlanta,USA,33.717271,-84.369392,Champion,2023-01-12
4790,Mpho Ntuli,Male,29,Vancouver,Canada,49.242714,-123.145010,Dormant,2023-07-06
4791,Ava Mahlangu,Female,52,Cardiff,UK,51.433659,-3.145217,Loyal,2022-04-26
4792,Leo Phillips,Male,48,Birmingham,UK,52.457971,-1.842532,High Value,2023-07-05
4793,Samantha Mnguni,Female,31,Seattle,USA,47.564581,-122.284007,At Risk,2024-03-19
4794,Ntombifuthi Hlongwane,Female,33,East London,South Africa,-32.993350,27.910816,Dormant,2022-03-19
4795,Amelia Adams,Female,37,Sydney,Australia,-33.887944,151.205997,New Customer,2022-06-11
4796,Caleb Wilson,Male,46,Cape Town,South Africa,-33.885104,18.437403,Occasional,2021-04-08
4797,Liam Brown,Male,34,Belfast,UK,54.553007,-5.927392,Occasional,2024-02-13
4798,Isabella Price,Female,50,Cardiff,UK,51.516545,-3.204814,New Customer,2021-07-15
4799,Mpho Garcia,Male,42,Bristol,UK,51.478142,-2.576767,Dormant,2023-08-23
4800,Nkosi Miller,Male,63,Polokwane,South Africa,-23.947454,29.512805,High Value,2021-11-02
4801,Ethan Pillay,Male,31,Chicago,USA,41.923662,-87.614426,Occasional,2022-11-23
4802,Busisiwe Dlamini,Female,30,Kimberley,South Africa,-28.775282,24.747665,Loyal,2023-06-05
4803,Jordan Thomson,Male,55,Pretoria,South Africa,-25.765919,28.227811,At Risk,2021-04-02
4804,Brittany Anderson,Female,46,Johannesburg,South Africa,-26.231980,28.087923,Occasional,2022-08-09
4805,James Martin,Male,24,Chicago,USA,41.863380,-87.619707,Loyal,2023-12-25
4806,Harper Walker,Female,23,Adelaide,Australia,-34.914141,138.559659,Dormant,2021-05-27
4807,Kabelo Hlongwane,Male,37,Cape Town,South Africa,-33.945106,18.375036,New Customer,2021-10-23
4808,Evelyn Vilakazi,Female,31,Glasgow,UK,55.844642,-4.286625,Champion,2021-07-08
4809,Nomsa Robertson,Female,59,Bristol,UK,51.418356,-2.576956,New Customer,2024-06-25
4810,Lily Walker,Female,57,Cairns,Australia,-16.868725,145.779833,Dormant,2023-11-18
4811,Sophia Vilakazi,Female,38,Ottawa,Canada,45.461702,-75.727173,New Customer,2024-09-05
4812,Olivia Brown,Female,51,Miami,USA,25.734263,-80.188789,At Risk,2021-12-22
4813,Kayla Vilakazi,Female,52,Belfast,UK,54.606597,-5.938617,Dormant,2022-09-09
4814,Thandeka White,Female,59,San Antonio,USA,29.468201,-98.536967,Dormant,2022-08-08
4815,William Robinson,Male,53,Houston,USA,29.779317,-95.392922,At Risk,2023-07-18
4816,Amelia Vilakazi,Female,24,Liverpool,UK,53.436608,-3.011565,At Risk,2023-08-21
4817,Nozipho Anderson,Female,63,San Diego,USA,32.758093,-117.210039,High Value,2022-06-01
4818,Lesedi Murray,Male,51,East London,South Africa,-32.995283,27.894287,Occasional,2021-06-11
4819,Cooper Hall,Male,40,Durban,South Africa,-29.885830,31.055555,Loyal,2023-03-11
4820,Fatima Robinson,Female,56,Nottingham,UK,52.939323,-1.178135,Loyal,2023-10-25
4821,Jackson Garcia,Male,51,Cape Town,South Africa,-33.885699,18.409499,High Value,2022-01-15
4822,Amanda Thomas,Female,63,East London,South Africa,-33.011246,27.888530,Champion,2024-02-18
4823,Kabelo Hall,Male,29,New York,USA,40.696879,-74.010807,High Value,2021-10-26
4824,Hannah Price,Female,46,Kimberley,South Africa,-28.722492,24.711562,Champion,2024-07-18
4825,Aisha Thomas,Female,43,Johannesburg,South Africa,-26.233800,28.003448,Champion,2022-09-07
4826,Lesedi Phillips,Male,20,Durban,South Africa,-29.907765,31.044825,Champion,2022-06-02
4827,Oliver Baker,Male,52,Port Elizabeth,South Africa,-33.931286,25.638754,Occasional,2021-06-24
4828,Tshepo Cele,Male,63,San Antonio,USA,29.441717,-98.527194,Loyal,2022-11-02
4829,Amelia Shabalala,Female,27,Benoni,South Africa,-26.232903,28.363350,Champion,2021-11-18
4830,Emily Khumalo,Female,37,Sandton,South Africa,-26.114841,28.025908,New Customer,2024-08-18
4831,Aiden Walker,Male,25,Belfast,UK,54.585232,-5.972674,Dormant,2022-09-24
4832,Zoe Taylor,Female,55,Canberra,Australia,-35.243380,149.168966,Loyal,2023-03-21
4833,Lindiwe Dlamini,Female,64,Dallas,USA,32.734818,-96.828062,Champion,2023-03-05
4834,Dylan Cele,Male,18,San Diego,USA,32.673970,-117.198596,Champion,2023-01-23
4835,Carter Robinson,Male,39,Durban,South Africa,-29.886469,31.043913,Loyal,2023-02-23
4836,Siyanda Anderson,Male,61,Calgary,Canada,50.996567,-114.114903,Dormant,2021-02-06
4837,James Ndlovu,Male,61,Adelaide,Australia,-34.886510,138.620368,Loyal,2024-11-14
4838,Nhlanhla Masondo,Male,42,Los Angeles,USA,34.054231,-118.253693,High Value,2024-12-10
4839,Sophia Green,Female,24,Port Elizabeth,South Africa,-33.946312,25.573190,Dormant,2023-08-03
4840,William Pillay,Male,51,Sheffield,UK,53.376291,-1.449386,At Risk,2021-11-19
4841,Aiden Mokoena,Male,55,East London,South Africa,-32.998815,27.894709,Occasional,2022-04-09
4842,Isabella Stewart,Female,27,Hobart,Australia,-42.894918,147.284082,Champion,2022-06-28
4843,Ayanda Campbell,Female,25,Newcastle,UK,55.007470,-1.638459,New Customer,2022-10-15
4844,Oliver Williams,Male,54,Sandton,South Africa,-26.134451,28.099248,Champion,2021-06-25
4845,Mia Miller,Female,58,Benoni,South Africa,-26.171392,28.287051,Occasional,2022-12-05
4846,Ryan Singh,Male,51,Calgary,Canada,51.005472,-114.050235,Dormant,2023-06-18
4847,Busisiwe Reddy,Female,49,Benoni,South Africa,-26.169020,28.298476,New Customer,2022-08-22
4848,Noah Ngcobo,Male,37,Cape Town,South Africa,-33.940851,18.459354,Champion,2021-12-08
4849,Destiny Murphy,Female,48,Pretoria,South Africa,-25.732189,28.250288,Champion,2023-07-02
4850,Sibusiso Fraser,Male,48,Gold Coast,Australia,-27.991586,153.424059,Occasional,2022-05-28
4851,Layla Thomson,Female,46,Los Angeles,USA,34.049633,-118.236309,Loyal,2024-07-24
4852,Mia Mthembu,Female,45,Johannesburg,South Africa,-26.244545,28.031634,Dormant,2024-10-18
4853,Lesedi Dlamini,Male,44,Nelspruit,South Africa,-25.459859,31.009172,New Customer,2022-08-14
4854,Liam Roberts,Male,63,Benoni,South Africa,-26.205044,28.363996,Dormant,2023-01-02
4855,Ntombifuthi Walker,Female,22,Soweto,South Africa,-26.229664,27.902968,Loyal,2021-03-12
4856,Jennifer Nelson,Female,50,Melbourne,Australia,-37.860584,144.924659,Loyal,2022-04-24
4857,Emily Garcia,Female,21,Durban,South Africa,-29.835631,31.047214,Dormant,2022-06-24
4858,Aria Davies,Female,47,Nottingham,UK,53.001164,-1.168070,New Customer,2024-02-12
4859,Logan Brown,Male,53,Atlanta,USA,33.751882,-84.346082,Champion,2024-10-19
4860,Aiden Naidoo,Male,43,Darwin,Australia,-12.452676,130.867468,Loyal,2024-11-11
4861,Aria Mthembu,Female,56,Sydney,Australia,-33.916018,151.186616,Occasional,2022-01-13
4862,Lucas MacDonald,Male,38,Dallas,USA,32.773610,-96.809364,New Customer,2023-08-25
4863,Lauren Williams,Female,49,Dallas,USA,32.807422,-96.791309,At Risk,2023-07-23
4864,Madison Turner,Female,44,Polokwane,South Africa,-23.867636,29.451130,At Risk,2023-12-10
4865,Sophia Brown,Female,28,Benoni,South Africa,-26.176369,28.326408,At Risk,2021-05-08
4866,Lerato Walker,Female,44,San Diego,USA,32.672175,-117.187248,At Risk,2022-04-19
4867,Ethan Mahlangu,Male,21,Pretoria,South Africa,-25.713889,28.265514,Loyal,2023-12-03
4868,Themba Hlongwane,Male,37,Pretoria,South Africa,-25.777514,28.268618,At Risk,2022-06-03
4869,Mandla Adams,Male,43,San Diego,USA,32.749088,-117.185585,New Customer,2023-02-03
4870,Lily Khan,Female,21,Pretoria,South Africa,-25.742270,28.189403,Occasional,2024-01-25
4871,Destiny Anderson,Female,52,Los Angeles,USA,34.048159,-118.254237,Dormant,2023-04-16
4872,Isabella Stewart,Female,37,San Diego,USA,32.756399,-117.187453,High Value,2023-09-08
4873,Nandi Martin,Female,27,Winnipeg,Canada,49.868316,-97.131248,Champion,2023-03-03
4874,Lungelo Roberts,Male,58,Cairns,Australia,-16.910934,145.737960,New Customer,2022-11-02
4875,Nkosi Stewart,Male,48,Houston,USA,29.736305,-95.390498,Occasional,2023-10-05
4876,Liam Jones,Male,52,Dallas,USA,32.774451,-96.784841,Champion,2024-02-21
4877,Khanyisile Brown,Female,27,Soweto,South Africa,-26.311626,27.852123,At Risk,2021-05-15
4878,Sophia Shabalala,Female,42,Vancouver,Canada,49.292620,-123.102569,Champion,2023-12-25
4879,Alexis Govender,Female,24,Adelaide,Australia,-34.958202,138.646094,New Customer,2023-10-02
4880,Ayanda Wood,Female,19,Kimberley,South Africa,-28.765783,24.794890,Occasional,2021-12-04
4881,Charlotte Hughes,Female,23,Pietermaritzburg,South Africa,-29.607143,30.342458,Loyal,2024-06-16
4882,Amelia Roberts,Female,56,Gold Coast,Australia,-28.032126,153.365480,At Risk,2023-02-17
4883,Lauren Evans,Female,62,New York,USA,40.737947,-74.052661,Loyal,2023-09-11
4884,Logan Ntuli,Male,55,Sydney,Australia,-33.844343,151.192352,Champion,2021-07-08
4885,Ava Brown,Female,30,Hobart,Australia,-42.868318,147.316293,At Risk,2021-01-10
4886,Lindiwe Moore,Female,19,Montreal,Canada,45.473971,-73.522699,New Customer,2023-03-11
4887,Lerato Cele,Female,46,San Antonio,USA,29.375518,-98.486512,New Customer,2023-09-07
4888,Mandla Zwane,Male,64,Bloemfontein,South Africa,-29.129030,26.207597,High Value,2022-03-08
4889,Jordan Davis,Male,21,Austin,USA,30.313219,-97.715281,New Customer,2023-05-08
4890,Jennifer Mahlangu,Female,21,Denver,USA,39.780811,-104.962695,Occasional,2022-06-02
4891,Emily Mokoena,Female,30,Melbourne,Australia,-37.783861,144.954779,Champion,2023-03-17
4892,Mia Harris,Female,47,Phoenix,USA,33.464582,-112.033780,Occasional,2021-12-20
4893,Lesedi Dlamini,Male,29,Sandton,South Africa,-26.156793,28.032302,Champion,2022-07-16
4894,Aria Carter,Female,53,Pietermaritzburg,South Africa,-29.609278,30.411727,New Customer,2023-11-25
4895,George Price,Male,51,Bristol,UK,51.426195,-2.539968,New Customer,2024-02-22
4896,Zoe Sithole,Female,49,Hamilton,Canada,43.282030,-79.889694,Champion,2021-05-20
4897,Chloe Anderson,Female,44,East London,South Africa,-32.975058,27.944045,High Value,2022-01-24
4898,Mia Moore,Female,36,Pietermaritzburg,South Africa,-29.572372,30.331365,Occasional,2023-04-20
4899,Thabo Walker,Male,59,Philadelphia,USA,39.959499,-75.212351,Dormant,2022-10-11
4900,Charlotte Lewis,Female,25,Edinburgh,UK,55.961917,-3.165577,Champion,2023-08-23
4901,George Smith,Male,26,San Diego,USA,32.666119,-117.127178,Occasional,2022-09-03
4902,Nomsa Robinson,Female,25,Bristol,UK,51.426755,-2.572123,Occasional,2023-03-09
4903,Noah Davies,Male,62,Kimberley,South Africa,-28.763456,24.741708,Dormant,2024-03-28
4904,Amelia Price,Female,39,Port Elizabeth,South Africa,-33.982445,25.594681,Occasional,2024-06-11
4905,Busisiwe Taylor,Female,23,Sheffield,UK,53.372988,-1.485242,At Risk,2023-11-16
4906,Kabelo Evans,Male,27,Dallas,USA,32.784940,-96.817645,Champion,2023-09-07
4907,Jack Taylor,Male,36,Ottawa,Canada,45.371844,-75.665470,At Risk,2023-09-01
4908,Amanda Fraser,Female,24,Sheffield,UK,53.353777,-1.434334,High Value,2023-10-21
4909,Thandeka Thomson,Female,42,Manchester,UK,53.507351,-2.223313,High Value,2024-11-05
4910,Charlotte Davies,Female,29,Miami,USA,25.787061,-80.174025,High Value,2021-11-01
4911,Fatima Harris,Female,33,San Antonio,USA,29.432962,-98.518503,Loyal,2023-09-23
4912,Aisha Naidoo,Female,57,Austin,USA,30.278392,-97.730288,Champion,2024-11-07
4913,Jasmine Evans,Female,30,Houston,USA,29.791222,-95.341690,Occasional,2021-06-22
4914,Elijah Walker,Male,33,Glasgow,UK,55.911973,-4.254109,At Risk,2023-05-24
4915,Palesa Thomson,Female,44,Leicester,UK,52.605179,-1.101624,New Customer,2024-04-21
4916,Hunter Davies,Male,31,Toronto,Canada,43.663844,-79.395987,Loyal,2021-10-26
4917,Brittany Clarke,Female,34,Rustenburg,South Africa,-25.683478,27.256475,High Value,2024-12-15
4918,Dylan Baker,Male,65,Coventry,UK,52.396128,-1.546756,High Value,2021-09-18
4919,Mia Smith,Female,57,Bloemfontein,South Africa,-29.067689,26.177584,Dormant,2024-05-14
4920,Jennifer Stewart,Female,35,Johannesburg,South Africa,-26.234148,28.053484,New Customer,2022-07-28
4921,Brianna Cele,Female,50,Perth,Australia,-31.987744,115.855617,Loyal,2024-05-26
4922,Themba Mahlangu,Male,36,Kimberley,South Africa,-28.745626,24.788593,Occasional,2022-02-20
4923,Isabella Carter,Female,18,Leicester,UK,52.602440,-1.153660,Loyal,2023-01-19
4924,Khanyisile MacKenzie,Female,49,Manchester,UK,53.456234,-2.271980,Champion,2023-05-18
4925,Amanda Masondo,Female,21,Chicago,USA,41.913424,-87.668481,Loyal,2024-02-22
4926,Noah Reddy,Male,26,Leicester,UK,52.670487,-1.105590,Loyal,2021-08-15
4927,Harry Vilakazi,Male,41,Winnipeg,Canada,49.858267,-97.185367,Occasional,2024-11-01
4928,Owen Phillips,Male,57,Chicago,USA,41.918716,-87.622250,Occasional,2023-05-08
4929,Carter White,Male,18,Cardiff,UK,51.445205,-3.213469,Loyal,2022-04-03
4930,Palesa Murray,Female,49,San Antonio,USA,29.394537,-98.499272,Occasional,2023-12-26
4931,Neha Cele,Female,64,London,UK,51.494755,-0.171341,Loyal,2023-09-05
4932,Lesedi MacKenzie,Male,64,Austin,USA,30.228207,-97.715569,Loyal,2023-09-25
4933,Palesa Naidoo,Female,47,Leicester,UK,52.660642,-1.093462,Champion,2024-05-12
4934,Aria Masondo,Female,65,Austin,USA,30.270754,-97.721621,Loyal,2024-10-07
4935,William Fraser,Male,19,Gold Coast,Australia,-28.055472,153.405893,Occasional,2021-05-14
4936,Ethan Price,Male,24,Pretoria,South Africa,-25.763791,28.253414,Champion,2021-11-14
4937,Amelia Ntuli,Female,20,Chicago,USA,41.859303,-87.641026,New Customer,2023-06-15
4938,Victoria Thomas,Female,64,Leicester,UK,52.589641,-1.099435,Champion,2023-09-16
4939,Chloe Adams,Female,42,Canberra,Australia,-35.278415,149.089793,At Risk,2021-07-07
4940,Phindile Brown,Female,57,Leeds,UK,53.850797,-1.513502,Occasional,2021-12-10
4941,Ethan Williams,Male,57,San Diego,USA,32.692528,-117.190082,Champion,2024-10-01
4942,Owen Brown,Male,21,Kimberley,South Africa,-28.742710,24.769402,At Risk,2023-07-22
4943,Alexander Green,Male,62,Cairns,Australia,-16.954340,145.735526,Dormant,2022-10-02
4944,Oliver Roberts,Male,25,Los Angeles,USA,34.059794,-118.251957,High Value,2024-09-01
4945,Owen Shabalala,Male,28,Soweto,South Africa,-26.287255,27.827158,New Customer,2022-01-01
4946,Samuel Mahlangu,Male,42,Seattle,USA,47.654597,-122.323667,Champion,2023-06-20
4947,Lungelo Perez,Male,43,Cardiff,UK,51.445539,-3.175278,Dormant,2021-03-19
4948,Jacob Thomson,Male,53,Bloemfontein,South Africa,-29.116971,26.185732,At Risk,2023-12-21
4949,James Taylor,Male,52,Newcastle,UK,55.022722,-1.613284,At Risk,2024-07-20
4950,Sipho Khan,Male,43,Cairns,Australia,-16.870279,145.769636,Champion,2023-12-12
4951,Ashley Thomson,Female,29,Pietermaritzburg,South Africa,-29.554094,30.368680,Occasional,2024-10-21
4952,Alexander Zulu,Male,52,Sydney,Australia,-33.907860,151.188977,Champion,2024-03-14
4953,Jack Smith,Male,31,Liverpool,UK,53.437876,-2.981960,New Customer,2023-04-28
4954,Destiny Majola,Female,60,Benoni,South Africa,-26.159617,28.317360,Dormant,2021-06-19
4955,Themba Sithole,Male,41,Manchester,UK,53.527384,-2.246813,New Customer,2022-07-13
4956,Lindiwe Wilson,Female,38,Brisbane,Australia,-27.508961,153.038349,New Customer,2021-06-20
4957,Ayanda Taylor,Female,45,Soweto,South Africa,-26.280425,27.858424,Loyal,2024-05-09
4958,Siyanda Cele,Male,29,Coventry,UK,52.416645,-1.554804,Occasional,2023-03-03
4959,Karabo Dlamini,Male,22,Atlanta,USA,33.700691,-84.425569,Champion,2022-11-11
4960,Mpho Wilson,Male,41,Miami,USA,25.792566,-80.211939,New Customer,2021-05-11
4961,Jayden Roberts,Male,34,Cape Town,South Africa,-33.905437,18.472367,At Risk,2024-06-23
4962,Lily Price,Female,21,San Antonio,USA,29.417663,-98.500904,At Risk,2022-12-05
4963,Fatima Hlongwane,Female,27,Edinburgh,UK,55.926130,-3.176214,Champion,2022-09-04
4964,Zanele White,Female,55,Edinburgh,UK,55.925322,-3.180202,Loyal,2021-06-05
4965,Elijah MacDonald,Male,65,Glasgow,UK,55.887534,-4.228902,Occasional,2021-06-14
4966,Mason Fraser,Male,27,Cairns,Australia,-16.917218,145.735000,Champion,2023-08-12
4967,Sandile Perez,Male,61,Polokwane,South Africa,-23.905616,29.423696,At Risk,2021-03-24
4968,Mandla Moore,Male,57,Leicester,UK,52.591057,-1.102658,High Value,2022-04-15
4969,Hannah MacDonald,Female,35,Phoenix,USA,33.421725,-112.096456,At Risk,2024-05-20
4970,Tebogo Patel,Male,25,Canberra,Australia,-35.309923,149.164708,New Customer,2021-10-01
4971,Ravi Masondo,Male,21,East London,South Africa,-33.047380,27.923581,New Customer,2023-12-12
4972,Charlotte Shabalala,Female,33,Cairns,Australia,-16.941842,145.744124,Occasional,2021-05-24
4973,Nozipho Harris,Female,32,Winnipeg,Canada,49.929492,-97.172801,Loyal,2024-03-10
4974,Jayden Johnson,Male,51,Pietermaritzburg,South Africa,-29.645340,30.415842,Occasional,2024-02-25
4975,Bongiwe Robinson,Female,41,Vancouver,Canada,49.296251,-123.105750,New Customer,2022-03-06
4976,Lucas Kunene,Male,18,Adelaide,Australia,-34.940979,138.550876,High Value,2021-08-19
4977,James Singh,Male,20,Sydney,Australia,-33.863388,151.223999,Champion,2022-05-08
4978,Fatima Garcia,Female,29,New York,USA,40.716252,-74.021071,Occasional,2023-11-27
4979,Lachlan Dlamini,Male,18,East London,South Africa,-32.996842,27.957504,Loyal,2021-09-07
4980,Nora Davies,Female,47,Nelspruit,South Africa,-25.522105,30.971492,Champion,2022-04-16
4981,Priya Ngcobo,Female,29,Bloemfontein,South Africa,-29.084161,26.126638,At Risk,2022-07-24
4982,Lily Moore,Female,53,Adelaide,Australia,-34.920895,138.570685,High Value,2022-09-01
4983,Mia Davis,Female,58,Halifax,Canada,44.654412,-63.614688,High Value,2021-09-25
4984,Abigail Lewis,Female,58,Newcastle,UK,55.011001,-1.591115,At Risk,2024-08-09
4985,James Wood,Male,46,Dallas,USA,32.730228,-96.755686,Dormant,2023-08-04
4986,Ava Khumalo,Female,42,Austin,USA,30.236680,-97.732870,Champion,2022-12-07
4987,Ryan Murphy,Male,44,Bloemfontein,South Africa,-29.094580,26.171290,Dormant,2024-05-10
4988,Musa Mthembu,Male,39,Cairns,Australia,-16.961621,145.768767,Occasional,2021-08-19
4989,Dylan Thomson,Male,44,Ottawa,Canada,45.398127,-75.727947,Champion,2022-07-22
4990,Nora Thomas,Female,51,Polokwane,South Africa,-23.929450,29.498360,New Customer,2024-06-17
4991,Samuel MacKenzie,Male,30,Perth,Australia,-31.975595,115.884867,Champion,2022-02-25
4992,Jackson Hlongwane,Male,53,Philadelphia,USA,39.992946,-75.140366,Dormant,2024-08-04
4993,Samuel Anderson,Male,54,Cape Town,South Africa,-33.969236,18.451144,Dormant,2023-11-12
4994,Henry Ngcobo,Male,28,Manchester,UK,53.490230,-2.254780,Dormant,2024-04-01
4995,Brittany Wood,Female,45,Glasgow,UK,55.858606,-4.290702,High Value,2021-05-20
4996,Themba Walker,Male,18,Durban,South Africa,-29.857396,31.001537,At Risk,2023-11-15
4997,Ethan MacKenzie,Male,33,Edinburgh,UK,55.969659,-3.231140,New Customer,2024-05-16
4998,Ayanda Ngcobo,Female,61,Austin,USA,30.314673,-97.754546,Loyal,2022-02-22
4999,Jasmine Mokoena,Female,58,Houston,USA,29.728462,-95.321600,At Risk,2023-12-12
5000,Jack Naidoo,Male,37,Atlanta,USA,33.781476,-84.365327,At Risk,2023-01-20
